,mz(Da),mz_std(Da),Int,Gauss_r2,N_signals,Confidence_interval(Da),Confidence_interval(ppm),mz_min(Da),mz_max(Da),RelativeIntensity(%)
0,70.82636257704581,0.0005,6209.25390625,0.0,1.0,0.0,0.0,70.82636257704581,70.82636257704581,100.0
1,226.25582034363666,0.0005,5301.03662109375,0.0,1.0,0.0,0.0,226.25582034363666,226.25582034363666,85.37316561910806
2,257.98875500303967,0.0005,5246.90185546875,0.0,1.0,0.0,0.0,257.98875500303967,257.98875500303967,84.5013255165394
3,168.37500054022877,0.0005,3906.37744140625,0.0,1.0,0.0,0.0,168.37500054022877,168.37500054022877,62.912187202946214
