,mz(Da),mz_std(Da),Int,Gauss_r2,N_signals,Confidence_interval(Da),Confidence_interval(ppm),mz_min(Da),mz_max(Da),RelativeIntensity(%)
0,246.24264388541096,0.0005,9985.11328125,0.0,1.0,0.0,0.0,246.24264388541096,246.24264388541096,100.0
1,245.0765675342845,0.0005,5973.90380859375,0.0,1.0,0.0,0.0,245.0765675342845,245.0765675342845,59.828102499463064
2,106.69369750626308,0.0005,4113.00830078125,0.0,1.0,0.0,0.0,106.69369750626308,106.69369750626308,41.191403491682344
