,mz(Da),mz_std(Da),Int,Gauss_r2,N_signals,Confidence_interval(Da),Confidence_interval(ppm),mz_min(Da),mz_max(Da),RelativeIntensity(%)
0,196.28614966237433,0.0005,4699.34228515625,0.0,1.0,0.0,0.0,196.28614966237433,196.28614966237433,100.0
1,241.98625320658726,0.0005,4583.95751953125,0.0,1.0,0.0,0.0,241.98625320658726,241.98625320658726,97.54466138826567
2,52.80539057721389,0.0005,4485.62841796875,0.0,1.0,0.0,0.0,52.80539057721389,52.80539057721389,95.45226003514247
3,251.87243689981602,0.0005,4324.5283203125,0.0,1.0,0.0,0.0,251.87243689981602,251.87243689981602,92.0241186510787
4,269.6885495996985,0.0005,4313.52880859375,0.0,1.0,0.0,0.0,269.6885495996985,269.6885495996985,91.79005373196236
5,108.94745523531314,0.0005,4282.0986328125,0.0,1.0,0.0,0.0,108.94745523531314,108.94745523531314,91.12123299335543
6,69.29057576095178,0.0005,4210.61376953125,0.0,1.0,0.0,0.0,69.29057576095178,69.29057576095178,89.60006558431081
7,55.0753161364973,0.0005,4145.16748046875,0.0,1.0,0.0,0.0,55.0753161364973,55.0753161364973,88.20739645975641
