,mz(Da),mz_std(Da),Int,Gauss_r2,N_signals,Confidence_interval(Da),Confidence_interval(ppm),mz_min(Da),mz_max(Da),RelativeIntensity(%)
0,91.05774053246893,0.0005,935.63818359375,0.0,1.0,0.0,0.0,91.05774053246893,91.05774053246893,100.0
1,66.21592309953904,0.0005,900.7317504882812,0.0,1.0,0.0,0.0,66.21592309953904,66.21592309953904,96.26923807540705
2,52.366351731216426,0.0005,884.1773681640625,0.0,1.0,0.0,0.0,52.366351731216426,52.366351731216426,94.49992354608396
3,262.6660995405972,0.0005,868.989990234375,0.0,1.0,0.0,0.0,262.6660995405972,262.6660995405972,92.87671297216816
4,120.32891471887852,0.0005,865.634521484375,0.0,1.0,0.0,0.0,120.32891471887852,120.32891471887852,92.51808409095771
5,62.409194549815645,0.0005,811.6510620117188,0.0,1.0,0.0,0.0,62.409194549815645,62.409194549815645,86.74839016233801
