,mz(Da),mz_std(Da),Int,Gauss_r2,N_signals,Confidence_interval(Da),Confidence_interval(ppm),mz_min(Da),mz_max(Da),RelativeIntensity(%)
0,117.9403220870049,0.0005,4589.7119140625,0.0,1.0,0.0,0.0,117.9403220870049,117.9403220870049,100.0
1,66.86634471131859,0.0005,4441.65625,0.0,1.0,0.0,0.0,66.86634471131859,66.86634471131859,96.77418393932592
2,123.02212441646637,0.0005,4363.98779296875,0.0,1.0,0.0,0.0,123.02212441646637,123.02212441646637,95.08195448167129
