,mz(Da),mz_std(Da),Int,Gauss_r2,N_signals,Confidence_interval(Da),Confidence_interval(ppm),mz_min(Da),mz_max(Da),RelativeIntensity(%)
0,147.21997744929894,0.0005,4559.92236328125,0.0,1.0,0.0,0.0,147.21997744929894,147.21997744929894,100.0
1,215.51327993730126,0.0005,4555.93896484375,0.0,1.0,0.0,0.0,215.51327993730126,215.51327993730126,99.91264328380728
2,56.66828020377213,0.0005,4352.8359375,0.0,1.0,0.0,0.0,56.66828020377213,56.66828020377213,95.45855369273801
3,66.50843451911385,0.0005,4276.9189453125,0.0,1.0,0.0,0.0,66.50843451911385,66.50843451911385,93.7936790273529
4,127.43645652977835,0.0005,4240.23876953125,0.0,1.0,0.0,0.0,127.43645652977835,127.43645652977835,92.98927551213919
5,171.7460690974474,0.0005,4192.66357421875,0.0,1.0,0.0,0.0,171.7460690974474,171.7460690974474,91.94594206208751
