,mz(Da),mz_std(Da),Int,Gauss_r2,N_signals,Confidence_interval(Da),Confidence_interval(ppm),mz_min(Da),mz_max(Da),RelativeIntensity(%)
0,67.43770411054899,0.0005,4836.66455078125,0.0,1.0,0.0,0.0,67.43770411054899,67.43770411054899,100.0
1,84.12407048587026,0.0005,4775.056640625,0.0,1.0,0.0,0.0,84.12407048587026,84.12407048587026,98.72623148640113
2,56.20712398097699,0.0005,4608.203125,0.0,1.0,0.0,0.0,56.20712398097699,56.20712398097699,95.27646742124493
3,190.34543556213367,0.0005,4597.71533203125,0.0,1.0,0.0,0.0,190.34543556213367,190.34543556213367,95.05962805066969
4,131.13783384053312,0.0005,4401.0908203125,0.0,1.0,0.0,0.0,131.13783384053312,131.13783384053312,90.99433657439829
5,116.54873413338123,0.0005,4185.89453125,0.0,1.0,0.0,0.0,116.54873413338123,116.54873413338123,86.54506607397171
