,mz(Da),mz_std(Da),Int,Gauss_r2,N_signals,Confidence_interval(Da),Confidence_interval(ppm),mz_min(Da),mz_max(Da),RelativeIntensity(%)
0,55.00387737861143,0.0005,4861.978515625,0.0,1.0,0.0,0.0,55.00387737861143,55.00387737861143,100.0
1,56.97861073103925,0.0005,4612.42138671875,0.0,1.0,0.0,0.0,56.97861073103925,56.97861073103925,94.86716923770344
2,87.95608912969364,0.0005,4539.52734375,0.0,1.0,0.0,0.0,87.95608912969364,87.95608912969364,93.36790216495744
3,52.495396175194244,0.0005,4416.80078125,0.0,1.0,0.0,0.0,52.495396175194244,52.495396175194244,90.84369186444722
4,50.416764582638734,0.0005,4195.54345703125,0.0,1.0,0.0,0.0,50.416764582638734,50.416764582638734,86.29292465090046
