,mz(Da),mz_std(Da),Int,Gauss_r2,N_signals,Confidence_interval(Da),Confidence_interval(ppm),mz_min(Da),mz_max(Da),RelativeIntensity(%)
0,212.94638614696203,0.0005,4957.18115234375,0.0,1.0,0.0,0.0,212.94638614696203,212.94638614696203,100.0
1,89.24479599178557,0.0005,4732.4638671875,0.0,1.0,0.0,0.0,89.24479599178557,89.24479599178557,95.46683330202683
2,91.15739108840654,0.0005,4712.67626953125,0.0,1.0,0.0,0.0,91.15739108840654,91.15739108840654,95.06766294596883
3,93.19061583645944,0.0005,4705.92529296875,0.0,1.0,0.0,0.0,93.19061583645944,93.19061583645944,94.93147715095692
4,59.93982085790486,0.0005,4342.87158203125,0.0,1.0,0.0,0.0,59.93982085790486,59.93982085790486,87.60768365259246
5,73.20495671165493,0.0005,4293.05859375,0.0,1.0,0.0,0.0,73.20495671165493,73.20495671165493,86.60281845298807
6,244.33288646963715,0.0005,4289.08203125,0.0,1.0,0.0,0.0,244.33288646963715,244.33288646963715,86.52260023263678
