,mz(Da),mz_std(Da),Int,Gauss_r2,N_signals,Confidence_interval(Da),Confidence_interval(ppm),mz_min(Da),mz_max(Da),RelativeIntensity(%)
0,245.07767948359088,0.0005,10732.419921875,0.0,1.0,0.0,0.0,245.07767948359088,245.07767948359088,100.0
1,74.05991588737685,0.0005,10097.767578125,0.0,1.0,0.0,0.0,74.05991588737685,74.05991588737685,94.086586730953
2,246.24309204357843,0.0005,9203.798828125,0.0,1.0,0.0,0.0,246.24309204357843,246.24309204357843,85.75697647988653
3,228.23263301388775,0.0005,4573.09521484375,0.0,1.0,0.0,0.0,228.23263301388775,228.23263301388775,42.610103295742185
4,258.52460555254777,0.0005,1949.5567626953125,0.0,1.0,0.0,0.0,258.52460555254777,258.52460555254777,18.165118182915048
5,174.42815183095655,0.0005,1780.2415771484375,0.0,1.0,0.0,0.0,174.42815183095655,174.42815183095655,16.58751325523444
