,mz(Da),mz_std(Da),Int,Gauss_r2,N_signals,Confidence_interval(Da),Confidence_interval(ppm),mz_min(Da),mz_max(Da),RelativeIntensity(%)
0,91.05764012517812,0.0005,952.9752807617188,0.0,1.0,0.0,0.0,91.05764012517812,91.05764012517812,100.0
1,157.669922298894,0.0005,918.127685546875,0.0,1.0,0.0,0.0,157.669922298894,157.669922298894,96.34328445676053
2,117.80190343572403,0.0005,870.5321044921875,0.0,1.0,0.0,0.0,117.80190343572403,117.80190343572403,91.34886518739144
3,251.54540573195266,0.0005,867.8964233398438,0.0,1.0,0.0,0.0,251.54540573195266,251.54540573195266,91.07229126091592
4,243.837383350658,0.0005,852.5440673828125,0.0,1.0,0.0,0.0,243.837383350658,243.837383350658,89.46129921663541
5,64.1486848843607,0.0005,851.1463012695312,0.0,1.0,0.0,0.0,64.1486848843607,64.1486848843607,89.31462530583218
6,147.77944927930636,0.0005,844.8966064453125,0.0,1.0,0.0,0.0,147.77944927930636,147.77944927930636,88.65881660329968
