,mz(Da),mz_std(Da),Int,Gauss_r2,N_signals,Confidence_interval(Da),Confidence_interval(ppm),mz_min(Da),mz_max(Da),RelativeIntensity(%)
0,91.05751199266703,0.0005,1538.34814453125,0.0,1.0,0.0,0.0,91.05751199266703,91.05751199266703,100.0
1,199.26111204102756,0.0005,965.8421020507812,0.0,1.0,0.0,0.0,199.26111204102756,199.26111204102756,62.78436422108358
2,68.22389560733538,0.0005,944.4267578125,0.0,1.0,0.0,0.0,68.22389560733538,68.22389560733538,61.39226423939792
3,109.01885879483726,0.0005,863.7200927734375,0.0,1.0,0.0,0.0,109.01885879483726,109.01885879483726,56.14594432631643
4,77.04134887651287,0.0005,858.7972412109375,0.0,1.0,0.0,0.0,77.04134887651287,77.04134887651287,55.82593538815763
