,mz(Da),mz_std(Da),Int,Gauss_r2,N_signals,Confidence_interval(Da),Confidence_interval(ppm),mz_min(Da),mz_max(Da),RelativeIntensity(%)
0,77.9820769719365,0.0005,5929.25537109375,0.0,1.0,0.0,0.0,77.9820769719365,77.9820769719365,100.0
1,101.4982531629372,0.0005,5127.16064453125,0.0,1.0,0.0,0.0,101.4982531629372,101.4982531629372,86.47225197159048
2,132.2151492608445,0.0005,4973.177734375,0.0,1.0,0.0,0.0,132.2151492608445,132.2151492608445,83.87524947264356
3,68.93332696097593,0.0005,4920.63525390625,0.0,1.0,0.0,0.0,68.93332696097593,68.93332696097593,82.98909299631931
4,235.89010390160928,0.0005,4752.14111328125,0.0,1.0,0.0,0.0,235.89010390160928,235.89010390160928,80.14735098860548
5,92.9432410427849,0.0005,4740.103515625,0.0,1.0,0.0,0.0,92.9432410427849,92.9432410427849,79.94433059392092
6,51.67668389778076,0.0005,4088.506591796875,0.0,1.0,0.0,0.0,51.67668389778076,51.67668389778076,68.95480690086522
