,mz(Da),mz_std(Da),Int,Gauss_r2,N_signals,Confidence_interval(Da),Confidence_interval(ppm),mz_min(Da),mz_max(Da),RelativeIntensity(%)
0,65.25567591668963,0.0005,4822.9267578125,0.0,1.0,0.0,0.0,65.25567591668963,65.25567591668963,100.0
1,121.86713466665441,0.0005,4616.587890625,0.0,1.0,0.0,0.0,121.86713466665441,121.86713466665441,95.72170846564778
2,158.06494207291996,0.0005,4536.578125,0.0,1.0,0.0,0.0,158.06494207291996,158.06494207291996,94.06276215269797
