,mz(Da),mz_std(Da),Int,Gauss_r2,N_signals,Confidence_interval(Da),Confidence_interval(ppm),mz_min(Da),mz_max(Da),RelativeIntensity(%)
0,194.01973990188011,0.0005,5043.71044921875,0.0,1.0,0.0,0.0,194.01973990188011,194.01973990188011,100.0
1,120.77270362628923,0.0005,5009.921875,0.0,1.0,0.0,0.0,120.77270362628923,120.77270362628923,99.3300849729789
2,54.49896909045637,0.0005,4997.0009765625,0.0,1.0,0.0,0.0,54.49896909045637,54.49896909045637,99.07390653911378
3,54.35810571755624,0.0005,4820.87841796875,0.0,1.0,0.0,0.0,54.35810571755624,54.35810571755624,95.58198208454817
4,183.55164215093401,0.0005,4728.9921875,0.0,1.0,0.0,0.0,183.55164215093401,183.55164215093401,93.76018379945862
5,71.88281090210452,0.0005,4716.63232421875,0.0,1.0,0.0,0.0,71.88281090210452,71.88281090210452,93.51512882642454
6,126.96257893074088,0.0005,4620.271484375,0.0,1.0,0.0,0.0,126.96257893074088,126.96257893074088,91.60461392248757
7,227.06213714311258,0.0005,4391.14892578125,0.0,1.0,0.0,0.0,227.06213714311258,227.06213714311258,87.06187577562905
8,102.60556327964508,0.0005,4379.53271484375,0.0,1.0,0.0,0.0,102.60556327964508,102.60556327964508,86.83156495476702
