,mz(Da),mz_std(Da),Int,Gauss_r2,N_signals,Confidence_interval(Da),Confidence_interval(ppm),mz_min(Da),mz_max(Da),RelativeIntensity(%)
0,210.92995207197356,0.0005,6760.16796875,0.0,1.0,0.0,0.0,210.92995207197356,210.92995207197356,100.0
1,70.4947295872702,0.0005,4712.22216796875,0.0,1.0,0.0,0.0,70.4947295872702,70.4947295872702,69.70569651156273
2,163.29568865997084,0.0005,4494.3955078125,0.0,1.0,0.0,0.0,163.29568865997084,163.29568865997084,66.48348870307055
3,69.0459925869788,0.0005,4256.08251953125,0.0,1.0,0.0,0.0,69.0459925869788,69.0459925869788,62.958236233266675
4,120.16931505680427,0.0005,4159.423828125,0.0,1.0,0.0,0.0,120.16931505680427,120.16931505680427,61.52840946190432
5,89.86273864291782,0.0005,4073.490966796875,0.0,1.0,0.0,0.0,89.86273864291782,89.86273864291782,60.25724487360764
