,mz(Da),mz_std(Da),Int,Gauss_r2,N_signals,Confidence_interval(Da),Confidence_interval(ppm),mz_min(Da),mz_max(Da),RelativeIntensity(%)
0,91.05728391285959,0.0005,934.422119140625,0.0,1.0,0.0,0.0,91.05728391285959,91.05728391285959,100.0
1,57.110983495269714,0.0005,927.427490234375,0.0,1.0,0.0,0.0,57.110983495269714,57.110983495269714,99.25144870150517
2,211.16619311769102,0.0005,919.2178344726562,0.0,1.0,0.0,0.0,211.16619311769102,211.16619311769102,98.37286764123778
3,70.93805890613453,0.0005,835.9468383789062,0.0,1.0,0.0,0.0,70.93805890613453,70.93805890613453,89.46137096451815
4,88.1236710216663,0.0005,833.3900146484375,0.0,1.0,0.0,0.0,88.1236710216663,88.1236710216663,89.18774476517044
5,186.07599948362028,0.0005,826.4603881835938,0.0,1.0,0.0,0.0,186.07599948362028,186.07599948362028,88.44614989889985
6,79.48612086986608,0.0005,806.61767578125,0.0,1.0,0.0,0.0,79.48612086986608,79.48612086986608,86.32262221308342
