,mz(Da),mz_std(Da),Int,Gauss_r2,N_signals,Confidence_interval(Da),Confidence_interval(ppm),mz_min(Da),mz_max(Da),RelativeIntensity(%)
0,91.05719568455325,0.0005,1548.3775634765625,0.0,1.0,0.0,0.0,91.05719568455325,91.05719568455325,100.0
1,68.00595701710904,0.0005,976.6361083984375,0.0,1.0,0.0,0.0,68.00595701710904,68.00595701710904,63.0748036806735
2,51.8079406431441,0.0005,861.8268432617188,0.0,1.0,0.0,0.0,51.8079406431441,51.8079406431441,55.65999298818721
3,55.9282760352075,0.0005,784.0511474609375,0.0,1.0,0.0,0.0,55.9282760352075,55.9282760352075,50.63694837456262
