,mz(Da),mz_std(Da),Int,Gauss_r2,N_signals,Confidence_interval(Da),Confidence_interval(ppm),mz_min(Da),mz_max(Da),RelativeIntensity(%)
0,93.0366422813732,0.0005,2048.00146484375,0.0,1.0,0.0,0.0,93.0366422813732,93.0366422813732,100.0
1,91.0575969379027,0.0005,1474.920654296875,0.0,1.0,0.0,0.0,91.0575969379027,91.0575969379027,72.01755856211766
2,154.0517090207078,0.0005,1174.9151611328125,0.0,1.0,0.0,0.0,154.0517090207078,154.0517090207078,57.36886331877948
3,77.04188040448237,0.0005,1162.1441650390625,0.0,1.0,0.0,0.0,77.04188040448237,77.04188040448237,56.74527997116091
4,168.8747735783765,0.0005,1006.5879516601562,0.0,1.0,0.0,0.0,168.8747735783765,168.8747735783765,49.14976717250311
5,79.05629934880373,0.0005,943.6902465820312,0.0,1.0,0.0,0.0,79.05629934880373,79.05629934880373,46.07859236341069
6,92.02982054569446,0.0005,902.5496215820312,0.0,1.0,0.0,0.0,92.02982054569446,92.02982054569446,44.06977422015127
7,150.3781814584918,0.0005,832.2271728515625,0.0,1.0,0.0,0.0,150.3781814584918,150.3781814584918,40.63606335921524
8,86.33847928299483,0.0005,819.138671875,0.0,1.0,0.0,0.0,86.33847928299483,86.33847928299483,39.996976854579316
