,mz(Da),mz_std(Da),Int,Gauss_r2,N_signals,Confidence_interval(Da),Confidence_interval(ppm),mz_min(Da),mz_max(Da),RelativeIntensity(%)
0,134.3206812290921,0.0005,1026.342529296875,0.0,1.0,0.0,0.0,134.3206812290921,134.3206812290921,100.0
1,138.96453095656034,0.0005,945.3985595703125,0.0,1.0,0.0,0.0,138.96453095656034,138.96453095656034,92.11335714773357
2,52.418480155436,0.0005,895.53125,0.0,1.0,0.0,0.0,52.418480155436,52.418480155436,87.25461767754173
3,226.16564015725845,0.0005,842.203369140625,0.0,1.0,0.0,0.0,226.16564015725845,226.16564015725845,82.05870312298178
4,87.27866279034006,0.0005,833.0355834960938,0.0,1.0,0.0,0.0,87.27866279034006,87.27866279034006,81.16545497406098
