,mz(Da),mz_std(Da),Int,Gauss_r2,N_signals,Confidence_interval(Da),Confidence_interval(ppm),mz_min(Da),mz_max(Da),RelativeIntensity(%)
0,69.46474937342985,0.0005,4405.54833984375,0.0,1.0,0.0,0.0,69.46474937342985,69.46474937342985,100.0
1,62.131878837314986,0.0005,4334.6240234375,0.0,1.0,0.0,0.0,62.131878837314986,62.131878837314986,98.390113762575
2,169.03032441239912,0.0005,3976.657958984375,0.0,1.0,0.0,0.0,169.03032441239912,169.03032441239912,90.26476733939126
