,mz(Da),mz_std(Da),Int,Gauss_r2,N_signals,Confidence_interval(Da),Confidence_interval(ppm),mz_min(Da),mz_max(Da),RelativeIntensity(%)
0,61.45663768546867,0.0005,4731.8974609375,0.0,1.0,0.0,0.0,61.45663768546867,61.45663768546867,100.0
1,113.82306623081136,0.0005,4585.40380859375,0.0,1.0,0.0,0.0,113.82306623081136,113.82306623081136,96.90412453876957
2,153.61112654504674,0.0005,4022.800048828125,0.0,1.0,0.0,0.0,153.61112654504674,153.61112654504674,85.01452286396574
