,mz(Da),mz_std(Da),Int,Gauss_r2,N_signals,Confidence_interval(Da),Confidence_interval(ppm),mz_min(Da),mz_max(Da),RelativeIntensity(%)
0,98.55690404420403,0.0005,5086.4794921875,0.0,1.0,0.0,0.0,98.55690404420403,98.55690404420403,100.0
1,73.61803472470757,0.0005,4896.8095703125,0.0,1.0,0.0,0.0,73.61803472470757,73.61803472470757,96.27109630214137
2,110.21499224778191,0.0005,4654.40673828125,0.0,1.0,0.0,0.0,110.21499224778191,110.21499224778191,91.50546552738716
3,104.09669245632713,0.0005,4533.42236328125,0.0,1.0,0.0,0.0,104.09669245632713,104.09669245632713,89.12691715840573
4,150.92663375061602,0.0005,4527.3857421875,0.0,1.0,0.0,0.0,150.92663375061602,150.92663375061602,89.00823740941586
