,mz(Da),mz_std(Da),Int,Gauss_r2,N_signals,Confidence_interval(Da),Confidence_interval(ppm),mz_min(Da),mz_max(Da),RelativeIntensity(%)
0,125.38002483440542,0.0005,5638.53466796875,0.0,1.0,0.0,0.0,125.38002483440542,125.38002483440542,100.0
1,161.75825235067052,0.0005,4591.94677734375,0.0,1.0,0.0,0.0,161.75825235067052,161.75825235067052,81.4386546815003
2,160.57873412921322,0.0005,4526.57470703125,0.0,1.0,0.0,0.0,160.57873412921322,160.57873412921322,80.27927420125135
3,103.89199907823141,0.0005,4452.61962890625,0.0,1.0,0.0,0.0,103.89199907823141,103.89199907823141,78.96767318290306
