,mz(Da),mz_std(Da),Int,Gauss_r2,N_signals,Confidence_interval(Da),Confidence_interval(ppm),mz_min(Da),mz_max(Da),RelativeIntensity(%)
0,186.7623311147051,0.0005,1146.6744384765625,0.0,1.0,0.0,0.0,186.7623311147051,186.7623311147051,100.0
1,261.5978460049316,0.0005,985.8358764648438,0.0,1.0,0.0,0.0,261.5978460049316,261.5978460049316,85.97347628805574
2,202.31847626656645,0.0005,949.4330444335938,0.0,1.0,0.0,0.0,202.31847626656645,202.31847626656645,82.79883222085095
3,61.27754472924414,0.0005,848.9421997070312,0.0,1.0,0.0,0.0,61.27754472924414,61.27754472924414,74.03515516007408
4,101.05212824088156,0.0005,837.6533203125,0.0,1.0,0.0,0.0,101.05212824088156,101.05212824088156,73.05066653664846
5,110.0224510891248,0.0005,786.3411865234375,0.0,1.0,0.0,0.0,110.0224510891248,110.0224510891248,68.57580147754466
6,87.6815377081086,0.0005,774.3143920898438,0.0,1.0,0.0,0.0,87.6815377081086,87.6815377081086,67.52696023455226
7,63.03910128706549,0.0005,773.8236694335938,0.0,1.0,0.0,0.0,63.03910128706549,63.03910128706549,67.48416494412074
8,61.51147202807279,0.0005,764.2600708007812,0.0,1.0,0.0,0.0,61.51147202807279,61.51147202807279,66.65013583246474
