,mz(Da),mz_std(Da),Int,Gauss_r2,N_signals,Confidence_interval(Da),Confidence_interval(ppm),mz_min(Da),mz_max(Da),RelativeIntensity(%)
0,245.1253459699051,0.0005,30990.181640625,0.0,1.0,0.0,0.0,245.1253459699051,245.1253459699051,100.0
1,84.4030778451152,0.0005,5074.2958984375,0.0,1.0,0.0,0.0,84.4030778451152,84.4030778451152,16.373882403404856
2,55.74897255466408,0.0005,5073.12060546875,0.0,1.0,0.0,0.0,55.74897255466408,55.74897255466408,16.370089934608195
3,64.96740245567597,0.0005,4925.09130859375,0.0,1.0,0.0,0.0,64.96740245567597,64.96740245567597,15.892424787008839
4,67.45306519990886,0.0005,4781.892578125,0.0,1.0,0.0,0.0,67.45306519990886,67.45306519990886,15.430347048551733
5,156.04231447062836,0.0005,4779.15576171875,0.0,1.0,0.0,0.0,156.04231447062836,156.04231447062836,15.421515811490952
6,156.16113710566697,0.0005,4555.8251953125,0.0,1.0,0.0,0.0,156.16113710566697,156.16113710566697,14.700866384533459
7,90.305336696291,0.0005,4506.470703125,0.0,1.0,0.0,0.0,90.305336696291,90.305336696291,14.541607904670917
