,mz(Da),mz_std(Da),Int,Gauss_r2,N_signals,Confidence_interval(Da),Confidence_interval(ppm),mz_min(Da),mz_max(Da),RelativeIntensity(%)
0,196.20092748836464,0.0005,4776.80322265625,0.0,1.0,0.0,0.0,196.20092748836464,196.20092748836464,100.0
1,119.47815788173725,0.0005,4508.98486328125,0.0,1.0,0.0,0.0,119.47815788173725,119.47815788173725,94.39335583042767
2,56.72194849972086,0.0005,4327.2353515625,0.0,1.0,0.0,0.0,56.72194849972086,56.72194849972086,90.58852018518448
3,251.3206645697488,0.0005,4075.228515625,0.0,1.0,0.0,0.0,251.3206645697488,251.3206645697488,85.31288239583117
