,mz(Da),mz_std(Da),Int,Gauss_r2,N_signals,Confidence_interval(Da),Confidence_interval(ppm),mz_min(Da),mz_max(Da),RelativeIntensity(%)
0,258.29827835752667,0.0005,5103.2958984375,0.0,1.0,0.0,0.0,258.29827835752667,258.29827835752667,100.0
1,80.32072019283262,0.0005,4926.3544921875,0.0,1.0,0.0,0.0,80.32072019283262,80.32072019283262,96.53280135482298
2,94.36552937970231,0.0005,4786.44921875,0.0,1.0,0.0,0.0,94.36552937970231,94.36552937970231,93.79133238610541
3,57.5288336402828,0.0005,4257.66552734375,0.0,1.0,0.0,0.0,57.5288336402828,57.5288336402828,83.42972095048104
4,101.1629791710843,0.0005,4147.3388671875,0.0,1.0,0.0,0.0,101.1629791710843,101.1629791710843,81.26785022317264
5,80.06020754573954,0.0005,4101.623046875,0.0,1.0,0.0,0.0,80.06020754573954,80.06020754573954,80.37204051073765
6,167.37207095485095,0.0005,4052.843505859375,0.0,1.0,0.0,0.0,167.37207095485095,167.37207095485095,79.41619664068966
