,mz(Da),mz_std(Da),Int,Gauss_r2,N_signals,Confidence_interval(Da),Confidence_interval(ppm),mz_min(Da),mz_max(Da),RelativeIntensity(%)
0,67.04080899108553,0.0005,5001.25537109375,0.0,1.0,0.0,0.0,67.04080899108553,67.04080899108553,100.0
1,124.2049100755199,0.0005,4756.86474609375,0.0,1.0,0.0,0.0,124.2049100755199,124.2049100755199,95.11341439566297
2,220.00429387557244,0.0005,4173.01171875,0.0,1.0,0.0,0.0,220.00429387557244,220.00429387557244,83.43928492172522
