,mz(Da),mz_std(Da),Int,Gauss_r2,N_signals,Confidence_interval(Da),Confidence_interval(ppm),mz_min(Da),mz_max(Da),RelativeIntensity(%)
0,82.73469782125686,0.0005,5167.54833984375,0.0,1.0,0.0,0.0,82.73469782125686,82.73469782125686,100.0
1,75.61192751826458,0.0005,4458.763671875,0.0,1.0,0.0,0.0,75.61192751826458,75.61192751826458,86.28392767023092
2,270.1203664353257,0.0005,4288.16796875,0.0,1.0,0.0,0.0,270.1203664353257,270.1203664353257,82.98263870483039
3,79.2678382709384,0.0005,4213.671875,0.0,1.0,0.0,0.0,79.2678382709384,79.2678382709384,81.54102483204653
4,96.17519729596042,0.0005,4091.18017578125,0.0,1.0,0.0,0.0,96.17519729596042,96.17519729596042,79.17062225111094
