,mz(Da),mz_std(Da),Int,Gauss_r2,N_signals,Confidence_interval(Da),Confidence_interval(ppm),mz_min(Da),mz_max(Da),RelativeIntensity(%)
0,53.381528300712795,0.0005,4688.40087890625,0.0,1.0,0.0,0.0,53.381528300712795,53.381528300712795,100.0
1,103.37620390364896,0.0005,4567.1630859375,0.0,1.0,0.0,0.0,103.37620390364896,103.37620390364896,97.41409072943794
2,150.2059088067976,0.0005,4357.8701171875,0.0,1.0,0.0,0.0,150.2059088067976,150.2059088067976,92.95003199905851
