,mz(Da),mz_std(Da),Int,Gauss_r2,N_signals,Confidence_interval(Da),Confidence_interval(ppm),mz_min(Da),mz_max(Da),RelativeIntensity(%)
0,58.07676365859883,0.0005,5123.46240234375,0.0,1.0,0.0,0.0,58.07676365859883,58.07676365859883,100.0
1,204.10875590176167,0.0005,4449.431640625,0.0,1.0,0.0,0.0,204.10875590176167,204.10875590176167,86.84423327844834
2,50.08312270465079,0.0005,4386.85400390625,0.0,1.0,0.0,0.0,50.08312270465079,50.08312270465079,85.62283977919823
3,85.13283213766111,0.0005,4266.9765625,0.0,1.0,0.0,0.0,85.13283213766111,85.13283213766111,83.28306577497384
4,62.08547227670556,0.0005,4082.009765625,0.0,1.0,0.0,0.0,62.08547227670556,62.08547227670556,79.67287441706739
