,mz(Da),mz_std(Da),Int,Gauss_r2,N_signals,Confidence_interval(Da),Confidence_interval(ppm),mz_min(Da),mz_max(Da),RelativeIntensity(%)
0,249.109634733859,0.0005,10853.0419921875,0.0,1.0,0.0,0.0,249.109634733859,249.109634733859,100.0
1,145.86773107621332,0.0005,5522.64111328125,0.0,1.0,0.0,0.0,145.86773107621332,145.86773107621332,50.885651389321914
2,86.76336941747067,0.0005,4849.9541015625,0.0,1.0,0.0,0.0,86.76336941747067,86.76336941747067,44.68750885745869
3,75.78767162478803,0.0005,4796.30712890625,0.0,1.0,0.0,0.0,75.78767162478803,75.78767162478803,44.19320530003334
4,80.25407028602098,0.0005,4062.01416015625,0.0,1.0,0.0,0.0,80.25407028602098,80.25407028602098,37.42742507658468
5,73.45821097214929,0.0005,3941.63232421875,0.0,1.0,0.0,0.0,73.45821097214929,73.45821097214929,36.318226051793694
6,187.17243457620907,0.0005,3923.010498046875,0.0,1.0,0.0,0.0,187.17243457620907,187.17243457620907,36.14664442347898
