,mz(Da),mz_std(Da),Int,Gauss_r2,N_signals,Confidence_interval(Da),Confidence_interval(ppm),mz_min(Da),mz_max(Da),RelativeIntensity(%)
0,249.15700447256592,0.0005,45635.640625,0.0,1.0,0.0,0.0,249.15700447256592,249.15700447256592,100.0
1,90.07797500389358,0.0005,5097.3203125,0.0,1.0,0.0,0.0,90.07797500389358,90.07797500389358,11.169603938259606
2,249.07261593033382,0.0005,4554.94287109375,0.0,1.0,0.0,0.0,249.07261593033382,249.07261593033382,9.981108643840257
3,75.2786311334518,0.0005,4348.072265625,0.0,1.0,0.0,0.0,75.2786311334518,75.2786311334518,9.527799338578914
4,235.59928252249364,0.0005,4173.32080078125,0.0,1.0,0.0,0.0,235.59928252249364,235.59928252249364,9.144871735393219
5,61.28611094375028,0.0005,4054.856689453125,0.0,1.0,0.0,0.0,61.28611094375028,61.28611094375028,8.885284908725053
