,mz(Da),mz_std(Da),Int,Gauss_r2,N_signals,Confidence_interval(Da),Confidence_interval(ppm),mz_min(Da),mz_max(Da),RelativeIntensity(%)
0,77.6751923135717,0.0005,4675.91357421875,0.0,1.0,0.0,0.0,77.6751923135717,77.6751923135717,100.0
1,59.83434919403968,0.0005,4534.205078125,0.0,1.0,0.0,0.0,59.83434919403968,59.83434919403968,96.9693944542714
2,119.75133311577159,0.0005,4413.3447265625,0.0,1.0,0.0,0.0,119.75133311577159,119.75133311577159,94.38465139509941
3,145.65618275186534,0.0005,4358.8525390625,0.0,1.0,0.0,0.0,145.65618275186534,145.65618275186534,93.21927084143712
4,70.39298446288385,0.0005,4119.6357421875,0.0,1.0,0.0,0.0,70.39298446288385,70.39298446288385,88.10333375068437
5,94.71068071042504,0.0005,4115.75634765625,0.0,1.0,0.0,0.0,94.71068071042504,94.71068071042504,88.02036826234345
6,51.592362889213135,0.0005,4056.463134765625,0.0,1.0,0.0,0.0,51.592362889213135,51.592362889213135,86.75231204296536
