,mz(Da),mz_std(Da),Int,Gauss_r2,N_signals,Confidence_interval(Da),Confidence_interval(ppm),mz_min(Da),mz_max(Da),RelativeIntensity(%)
0,164.10729368597134,0.0005,13732.4189453125,0.0,1.0,0.0,0.0,164.10729368597134,164.10729368597134,100.0
1,81.77386004089377,0.0005,5209.74072265625,0.0,1.0,0.0,0.0,81.77386004089377,81.77386004089377,37.93753120556063
2,89.21646807321328,0.0005,4716.4345703125,0.0,1.0,0.0,0.0,89.21646807321328,89.21646807321328,34.345256936123654
3,181.86739743205277,0.0005,4394.27294921875,0.0,1.0,0.0,0.0,181.86739743205277,181.86739743205277,31.999263689218537
4,67.67586007663888,0.0005,4243.64794921875,0.0,1.0,0.0,0.0,67.67586007663888,67.67586007663888,30.902406678084198
