,mz(Da),mz_std(Da),Int,Gauss_r2,N_signals,Confidence_interval(Da),Confidence_interval(ppm),mz_min(Da),mz_max(Da),RelativeIntensity(%)
0,138.05239367157355,0.0005,4893.3310546875,0.0,1.0,0.0,0.0,138.05239367157355,138.05239367157355,100.0
1,94.81168213905286,0.0005,4815.22314453125,0.0,1.0,0.0,0.0,94.81168213905286,94.81168213905286,98.40378855868688
2,67.0758031689399,0.0005,4725.171875,0.0,1.0,0.0,0.0,67.0758031689399,67.0758031689399,96.5635029020484
3,152.18803591499653,0.0005,4617.029296875,0.0,1.0,0.0,0.0,152.18803591499653,152.18803591499653,94.35350368236745
4,95.02469944919032,0.0005,4168.14697265625,0.0,1.0,0.0,0.0,95.02469944919032,95.02469944919032,85.18015491029225
