,mz(Da),mz_std(Da),Int,Gauss_r2,N_signals,Confidence_interval(Da),Confidence_interval(ppm),mz_min(Da),mz_max(Da),RelativeIntensity(%)
0,138.19416495550487,0.0005,5311.21142578125,0.0,1.0,0.0,0.0,138.19416495550487,138.19416495550487,100.0
1,63.615277630103606,0.0005,4927.716796875,0.0,1.0,0.0,0.0,63.615277630103606,63.615277630103606,92.77952621044754
2,89.9783446123985,0.0005,4729.8310546875,0.0,1.0,0.0,0.0,89.9783446123985,89.9783446123985,89.05371440738246
3,106.72822144601676,0.0005,4483.78466796875,0.0,1.0,0.0,0.0,106.72822144601676,106.72822144601676,84.4211293529745
4,183.41165718249465,0.0005,4457.751953125,0.0,1.0,0.0,0.0,183.41165718249465,183.41165718249465,83.93098289189813
5,63.108320932735836,0.0005,4359.56787109375,0.0,1.0,0.0,0.0,63.108320932735836,63.108320932735836,82.08236354387796
6,66.32811040832556,0.0005,4356.7880859375,0.0,1.0,0.0,0.0,66.32811040832556,66.32811040832556,82.03002548136446
