,mz(Da),mz_std(Da),Int,Gauss_r2,N_signals,Confidence_interval(Da),Confidence_interval(ppm),mz_min(Da),mz_max(Da),RelativeIntensity(%)
0,111.04392633140436,0.0005,12308.306640625,0.0,1.0,0.0,0.0,111.04392633140436,111.04392633140436,100.0
1,245.07674197774315,0.0005,7629.673828125,0.0,1.0,0.0,0.0,245.07674197774315,245.07674197774315,61.98800575005479
2,101.05931868497882,0.0005,6507.10107421875,0.0,1.0,0.0,0.0,101.05931868497882,101.05931868497882,52.867557367650434
3,175.37837795921132,0.0005,4950.4365234375,0.0,1.0,0.0,0.0,175.37837795921132,175.37837795921132,40.22028917526321
4,63.335116608434156,0.0005,4769.42626953125,0.0,1.0,0.0,0.0,63.335116608434156,63.335116608434156,38.74965426835567
5,216.70743212837507,0.0005,4590.92236328125,0.0,1.0,0.0,0.0,216.70743212837507,216.70743212837507,37.29938241974226
6,52.59084788801597,0.0005,4452.46728515625,0.0,1.0,0.0,0.0,52.59084788801597,52.59084788801597,36.174491058423605
7,75.77439091975555,0.0005,4211.4638671875,0.0,1.0,0.0,0.0,75.77439091975555,75.77439091975555,34.21643602286502
