,mz(Da),mz_std(Da),Int,Gauss_r2,N_signals,Confidence_interval(Da),Confidence_interval(ppm),mz_min(Da),mz_max(Da),RelativeIntensity(%)
0,111.04390501347484,0.0005,10246.1142578125,0.0,1.0,0.0,0.0,111.04390501347484,111.04390501347484,100.0
1,101.05987348302764,0.0005,6161.02197265625,0.0,1.0,0.0,0.0,101.05987348302764,101.05987348302764,60.130326654893274
2,215.973231931888,0.0005,5535.6220703125,0.0,1.0,0.0,0.0,215.973231931888,215.973231931888,54.02655027091539
3,95.05825994673953,0.0005,4382.9697265625,0.0,1.0,0.0,0.0,95.05825994673953,95.05825994673953,42.77689684380159
4,75.17979463860274,0.0005,4303.9814453125,0.0,1.0,0.0,0.0,75.17979463860274,75.17979463860274,42.00598721638091
5,73.3488699678957,0.0005,4237.70849609375,0.0,1.0,0.0,0.0,73.3488699678957,73.3488699678957,41.35917665433571
6,119.93075947671844,0.0005,4204.53173828125,0.0,1.0,0.0,0.0,119.93075947671844,119.93075947671844,41.03537821740921
7,52.917544625583446,0.0005,3934.898193359375,0.0,1.0,0.0,0.0,52.917544625583446,52.917544625583446,38.403809428135915
