,mz(Da),mz_std(Da),Int,Gauss_r2,N_signals,Confidence_interval(Da),Confidence_interval(ppm),mz_min(Da),mz_max(Da),RelativeIntensity(%)
0,111.04335033016781,0.0005,23397.716796875,0.0,1.0,0.0,0.0,111.04335033016781,111.04335033016781,100.0
1,101.05976519822707,0.0005,6793.38037109375,0.0,1.0,0.0,0.0,101.05976519822707,101.05976519822707,29.0343730119901
2,245.13602042151854,0.0005,6325.90185546875,0.0,1.0,0.0,0.0,245.13602042151854,245.13602042151854,27.036406630554815
3,187.09671085337288,0.0005,5930.52783203125,0.0,1.0,0.0,0.0,187.09671085337288,187.09671085337288,25.34660917352129
4,129.05414997784305,0.0005,5726.53662109375,0.0,1.0,0.0,0.0,129.05414997784305,129.05414997784305,24.474766793735135
5,54.137224533383595,0.0005,4335.35302734375,0.0,1.0,0.0,0.0,54.137224533383595,54.137224533383595,18.528957611465664
6,221.07794366303372,0.0005,4292.033203125,0.0,1.0,0.0,0.0,221.07794366303372,221.07794366303372,18.3438120923758
7,111.2139190254361,0.0005,3968.890869140625,0.0,1.0,0.0,0.0,111.2139190254361,111.2139190254361,16.96272719084586
