,mz(Da),mz_std(Da),Int,Gauss_r2,N_signals,Confidence_interval(Da),Confidence_interval(ppm),mz_min(Da),mz_max(Da),RelativeIntensity(%)
0,95.02327307287773,0.0005,5001.17333984375,0.0,1.0,0.0,0.0,95.02327307287773,95.02327307287773,100.0
1,60.149235990154466,0.0005,4931.43408203125,0.0,1.0,0.0,0.0,60.149235990154466,60.149235990154466,98.60554207835797
2,54.66541025036152,0.0005,4527.4931640625,0.0,1.0,0.0,0.0,54.66541025036152,54.66541025036152,90.52861911408876
3,114.46191126462817,0.0005,4485.02880859375,0.0,1.0,0.0,0.0,114.46191126462817,114.46191126462817,89.67953125843613
4,76.92460942636664,0.0005,4386.5859375,0.0,1.0,0.0,0.0,76.92460942636664,76.92460942636664,87.7111357559354
5,91.50720509320118,0.0005,4184.1708984375,0.0,1.0,0.0,0.0,91.50720509320118,91.50720509320118,83.66378475832282
6,116.13247535505747,0.0005,4139.34716796875,0.0,1.0,0.0,0.0,116.13247535505747,116.13247535505747,82.76752047346702
