,mz(Da),mz_std(Da),Int,Gauss_r2,N_signals,Confidence_interval(Da),Confidence_interval(ppm),mz_min(Da),mz_max(Da),RelativeIntensity(%)
0,111.04446337911037,0.0005,13584.9580078125,0.0,1.0,0.0,0.0,111.04446337911037,111.04446337911037,100.0
1,101.05999062033777,0.0005,7831.9326171875,0.0,1.0,0.0,0.0,101.05999062033777,101.05999062033777,57.65150405826412
2,107.22630365310337,0.0005,5079.73291015625,0.0,1.0,0.0,0.0,107.22630365310337,107.22630365310337,37.39233428056954
3,129.0548852645989,0.0005,4992.892578125,0.0,1.0,0.0,0.0,129.0548852645989,129.0548852645989,36.753095410774655
4,51.23093115552878,0.0005,4613.9365234375,0.0,1.0,0.0,0.0,51.23093115552878,51.23093115552878,33.96356853502305
5,53.596974070244826,0.0005,4395.48681640625,0.0,1.0,0.0,0.0,53.596974070244826,53.596974070244826,32.35554216566936
6,103.13027209026487,0.0005,4328.3994140625,0.0,1.0,0.0,0.0,103.13027209026487,103.13027209026487,31.86170624578526
7,136.35747472294128,0.0005,4321.13037109375,0.0,1.0,0.0,0.0,136.35747472294128,136.35747472294128,31.808198219006158
8,57.30003638956572,0.0005,4105.998046875,0.0,1.0,0.0,0.0,57.30003638956572,57.30003638956572,30.224591379036315
