,mz(Da),mz_std(Da),Int,Gauss_r2,N_signals,Confidence_interval(Da),Confidence_interval(ppm),mz_min(Da),mz_max(Da),RelativeIntensity(%)
0,180.68295775873315,0.0005,4762.8583984375,0.0,1.0,0.0,0.0,180.68295775873315,180.68295775873315,100.0
1,111.04471800744611,0.0005,4751.3154296875,0.0,1.0,0.0,0.0,111.04471800744611,111.04471800744611,99.75764619091369
2,122.96102689637974,0.0005,4677.7412109375,0.0,1.0,0.0,0.0,122.96102689637974,122.96102689637974,98.21289695431796
3,65.34072825925304,0.0005,4638.962890625,0.0,1.0,0.0,0.0,65.34072825925304,65.34072825925304,97.39871527876737
4,53.30503201509137,0.0005,4561.9765625,0.0,1.0,0.0,0.0,53.30503201509137,53.30503201509137,95.78232609217605
5,64.34134774068939,0.0005,4495.083984375,0.0,1.0,0.0,0.0,64.34134774068939,64.34134774068939,94.37786321444396
