,mz(Da),mz_std(Da),Int,Gauss_r2,N_signals,Confidence_interval(Da),Confidence_interval(ppm),mz_min(Da),mz_max(Da),RelativeIntensity(%)
0,111.0445654113524,0.0005,7479.6123046875,0.0,1.0,0.0,0.0,111.0445654113524,111.0445654113524,100.0
1,90.3137350510566,0.0005,5506.6513671875,0.0,1.0,0.0,0.0,90.3137350510566,90.3137350510566,73.62214968998408
2,69.13003818413833,0.0005,5335.64111328125,0.0,1.0,0.0,0.0,69.13003818413833,69.13003818413833,71.33579784526243
3,165.95615247684583,0.0005,5330.705078125,0.0,1.0,0.0,0.0,165.95615247684583,165.95615247684583,71.26980464995796
4,116.28571581230285,0.0005,4377.16748046875,0.0,1.0,0.0,0.0,116.28571581230285,116.28571581230285,58.52131503828832
5,90.32275804701274,0.0005,4044.43505859375,0.0,1.0,0.0,0.0,90.32275804701274,90.32275804701274,54.07279005703395
6,119.66764034082745,0.0005,4006.29638671875,0.0,1.0,0.0,0.0,119.66764034082745,119.66764034082745,53.562888335909996
