,mz(Da),mz_std(Da),Int,Gauss_r2,N_signals,Confidence_interval(Da),Confidence_interval(ppm),mz_min(Da),mz_max(Da),RelativeIntensity(%)
0,111.04425855728931,0.0005,9681.17578125,0.0,1.0,0.0,0.0,111.04425855728931,111.04425855728931,100.0
1,101.0597908248238,0.0005,5462.6318359375,0.0,1.0,0.0,0.0,101.0597908248238,101.0597908248238,56.425293366919774
2,140.3775616250532,0.0005,4975.99169921875,0.0,1.0,0.0,0.0,140.3775616250532,140.3775616250532,51.398629790980486
3,91.54488541732903,0.0005,4477.79052734375,0.0,1.0,0.0,0.0,91.54488541732903,91.54488541732903,46.25254853874364
