,mz(Da),mz_std(Da),Int,Gauss_r2,N_signals,Confidence_interval(Da),Confidence_interval(ppm),mz_min(Da),mz_max(Da),RelativeIntensity(%)
0,241.8926299279355,0.0005,5061.6416015625,0.0,1.0,0.0,0.0,241.8926299279355,241.8926299279355,100.0
1,111.04361796312082,0.0005,4913.7158203125,0.0,1.0,0.0,0.0,111.04361796312082,111.04361796312082,97.07751372194475
2,106.04043881762422,0.0005,4667.67138671875,0.0,1.0,0.0,0.0,106.04043881762422,106.04043881762422,92.21655253658943
3,94.80441516461642,0.0005,4559.7958984375,0.0,1.0,0.0,0.0,94.80441516461642,94.80441516461642,90.08531732135908
4,83.32091899540838,0.0005,4507.85791015625,0.0,1.0,0.0,0.0,83.32091899540838,83.32091899540838,89.0592077630447
5,51.89581777797497,0.0005,4216.74609375,0.0,1.0,0.0,0.0,51.89581777797497,51.89581777797497,83.30787569883088
6,58.652551597429415,0.0005,4091.447265625,0.0,1.0,0.0,0.0,58.652551597429415,58.652551597429415,80.8324173794129
