,mz(Da),mz_std(Da),Int,Gauss_r2,N_signals,Confidence_interval(Da),Confidence_interval(ppm),mz_min(Da),mz_max(Da),RelativeIntensity(%)
0,246.2426905487504,0.0005,17161.435546875,0.0,1.0,0.0,0.0,246.2426905487504,246.2426905487504,100.0
1,111.04424286769638,0.0005,13598.4638671875,0.0,1.0,0.0,0.0,111.04424286769638,111.04424286769638,79.23849860953912
2,245.07727735923095,0.0005,10473.6005859375,0.0,1.0,0.0,0.0,245.07727735923095,245.07727735923095,61.029862900045586
3,245.13294234837593,0.0005,6048.7734375,0.0,1.0,0.0,0.0,245.13294234837593,245.13294234837593,35.24631387029535
4,164.94375737828085,0.0005,5682.6376953125,0.0,1.0,0.0,0.0,164.94375737828085,164.94375737828085,33.11283417864932
5,71.27507238913267,0.0005,4642.79541015625,0.0,1.0,0.0,0.0,71.27507238913267,71.27507238913267,27.05365409248457
6,155.26122752697057,0.0005,4278.6865234375,0.0,1.0,0.0,0.0,155.26122752697057,155.26122752697057,24.931984924866175
7,80.59064256187969,0.0005,4262.380859375,0.0,1.0,0.0,0.0,80.59064256187969,80.59064256187969,24.836971521016814
