,mz(Da),mz_std(Da),Int,Gauss_r2,N_signals,Confidence_interval(Da),Confidence_interval(ppm),mz_min(Da),mz_max(Da),RelativeIntensity(%)
0,111.04378342591906,0.0005,8687.3349609375,0.0,1.0,0.0,0.0,111.04378342591906,111.04378342591906,100.0
1,129.0550449054168,0.0005,6073.8251953125,0.0,1.0,0.0,0.0,129.0550449054168,129.0550449054168,69.9158628350741
2,108.05413690386595,0.0005,5329.3974609375,0.0,1.0,0.0,0.0,108.05413690386595,108.05413690386595,61.346747706875284
3,91.2551444195195,0.0005,4717.67626953125,0.0,1.0,0.0,0.0,91.2551444195195,91.2551444195195,54.3052189278326
4,86.41943869988661,0.0005,4529.974609375,0.0,1.0,0.0,0.0,86.41943869988661,86.41943869988661,52.144583232302864
5,259.6256741241169,0.0005,4393.8056640625,0.0,1.0,0.0,0.0,259.6256741241169,259.6256741241169,50.57714113498783
6,57.59737330822635,0.0005,4220.66650390625,0.0,1.0,0.0,0.0,57.59737330822635,57.59737330822635,48.58413452323903
