,mz(Da),mz_std(Da),Int,Gauss_r2,N_signals,Confidence_interval(Da),Confidence_interval(ppm),mz_min(Da),mz_max(Da),RelativeIntensity(%)
0,111.04425995904734,0.0005,19440.654296875,0.0,1.0,0.0,0.0,111.04425995904734,111.04425995904734,100.0
1,125.09611447752012,0.0005,13246.9150390625,0.0,1.0,0.0,0.0,125.09611447752012,125.09611447752012,68.14027365936899
2,101.06006706724618,0.0005,9787.2724609375,0.0,1.0,0.0,0.0,101.06006706724618,101.06006706724618,50.34435730134228
3,97.10128646443181,0.0005,9191.8935546875,0.0,1.0,0.0,0.0,97.10128646443181,97.10128646443181,47.281811683493885
4,245.13873246375624,0.0005,5774.955078125,0.0,1.0,0.0,0.0,245.13873246375624,245.13873246375624,29.705559236518592
5,245.09597300262868,0.0005,4677.56787109375,0.0,1.0,0.0,0.0,245.09597300262868,245.09597300262868,24.060753304201537
6,56.08679031461519,0.0005,4269.58544921875,0.0,1.0,0.0,0.0,56.08679031461519,56.08679031461519,21.962148927801607
7,78.11113147706024,0.0005,4205.22509765625,0.0,1.0,0.0,0.0,78.11113147706024,78.11113147706024,21.6310883030939
