,mz(Da),mz_std(Da),Int,Gauss_r2,N_signals,Confidence_interval(Da),Confidence_interval(ppm),mz_min(Da),mz_max(Da),RelativeIntensity(%)
0,111.04404153316158,0.0005,8021.333984375,0.0,1.0,0.0,0.0,111.04404153316158,111.04404153316158,100.0
1,138.90972842186625,0.0005,5534.4150390625,0.0,1.0,0.0,0.0,138.90972842186625,138.90972842186625,68.99619252661908
2,107.86524918681732,0.0005,4555.23583984375,0.0,1.0,0.0,0.0,107.86524918681732,107.86524918681732,56.78900602714003
3,64.77381621520068,0.0005,4521.7294921875,0.0,1.0,0.0,0.0,64.77381621520068,64.77381621520068,56.37129062317457
4,97.9654048637947,0.0005,4282.60009765625,0.0,1.0,0.0,0.0,97.9654048637947,97.9654048637947,53.39012321390004
5,67.81964766505254,0.0005,4146.7958984375,0.0,1.0,0.0,0.0,67.81964766505254,67.81964766505254,51.69708562834025
