,mz(Da),mz_std(Da),Int,Gauss_r2,N_signals,Confidence_interval(Da),Confidence_interval(ppm),mz_min(Da),mz_max(Da),RelativeIntensity(%)
0,111.04399111688639,0.0005,5676.45556640625,0.0,1.0,0.0,0.0,111.04399111688639,111.04399111688639,100.0
1,64.1467213661921,0.0005,5141.9501953125,0.0,1.0,0.0,0.0,64.1467213661921,64.1467213661921,90.58381828518137
2,125.46801057250146,0.0005,4716.89111328125,0.0,1.0,0.0,0.0,125.46801057250146,125.46801057250146,83.09571101368634
3,144.70865584369807,0.0005,3991.650146484375,0.0,1.0,0.0,0.0,144.70865584369807,144.70865584369807,70.31941146703062
