,mz(Da),mz_std(Da),Int,Gauss_r2,N_signals,Confidence_interval(Da),Confidence_interval(ppm),mz_min(Da),mz_max(Da),RelativeIntensity(%)
0,111.04415258157974,0.0005,9821.9658203125,0.0,1.0,0.0,0.0,111.04415258157974,111.04415258157974,100.0
1,129.0542250330908,0.0005,6191.53857421875,0.0,1.0,0.0,0.0,129.0542250330908,129.0542250330908,63.03767176031323
2,101.05991380688178,0.0005,5792.6611328125,0.0,1.0,0.0,0.0,101.05991380688178,101.05991380688178,58.97659632283467
3,82.47842479985451,0.0005,4780.935546875,0.0,1.0,0.0,0.0,82.47842479985451,82.47842479985451,48.67595381962842
4,83.42601323438035,0.0005,4605.0478515625,0.0,1.0,0.0,0.0,83.42601323438035,83.42601323438035,46.88519524308408
5,56.521491397409655,0.0005,4448.349609375,0.0,1.0,0.0,0.0,56.521491397409655,56.521491397409655,45.28980950203988
6,89.74207737785262,0.0005,4441.81201171875,0.0,1.0,0.0,0.0,89.74207737785262,89.74207737785262,45.22324851235766
7,64.07521569667671,0.0005,4233.32177734375,0.0,1.0,0.0,0.0,64.07521569667671,64.07521569667671,43.100554968221836
