,mz(Da),mz_std(Da),Int,Gauss_r2,N_signals,Confidence_interval(Da),Confidence_interval(ppm),mz_min(Da),mz_max(Da),RelativeIntensity(%)
0,111.0444582171456,0.0005,10867.193359375,0.0,1.0,0.0,0.0,111.0444582171456,111.0444582171456,100.0
1,101.06020121653484,0.0005,5841.53173828125,0.0,1.0,0.0,0.0,101.06020121653484,101.06020121653484,53.753821664007006
2,54.81029427619782,0.0005,4419.29931640625,0.0,1.0,0.0,0.0,54.81029427619782,54.81029427619782,40.666427570222375
3,54.142062725780534,0.0005,4248.162109375,0.0,1.0,0.0,0.0,54.142062725780534,54.142062725780534,39.091621625653325
4,80.32735553707401,0.0005,4184.48291015625,0.0,1.0,0.0,0.0,80.32735553707401,80.32735553707401,38.50564512635957
5,61.278621199645954,0.0005,4157.1689453125,0.0,1.0,0.0,0.0,61.278621199645954,61.278621199645954,38.25430180393504
6,57.38601148798108,0.0005,4146.8681640625,0.0,1.0,0.0,0.0,57.38601148798108,57.38601148798108,38.159513932684796
7,60.72540409261338,0.0005,3882.254638671875,0.0,1.0,0.0,0.0,60.72540409261338,60.72540409261338,35.72453816074506
