,mz(Da),mz_std(Da),Int,Gauss_r2,N_signals,Confidence_interval(Da),Confidence_interval(ppm),mz_min(Da),mz_max(Da),RelativeIntensity(%)
0,111.04409035993649,0.0005,12408.6025390625,0.0,1.0,0.0,0.0,111.04409035993649,111.04409035993649,100.0
1,104.43297368821459,0.0005,4949.87548828125,0.0,1.0,0.0,0.0,104.43297368821459,104.43297368821459,39.89067642950892
2,73.82470957063839,0.0005,4290.1494140625,0.0,1.0,0.0,0.0,73.82470957063839,73.82470957063839,34.573993328878366
3,60.1902101431971,0.0005,4197.259765625,0.0,1.0,0.0,0.0,60.1902101431971,60.1902101431971,33.82540259801176
4,50.15338487902654,0.0005,4179.74365234375,0.0,1.0,0.0,0.0,50.15338487902654,50.15338487902654,33.68424155085831
5,54.92104338614298,0.0005,4166.85107421875,0.0,1.0,0.0,0.0,54.92104338614298,54.92104338614298,33.58034122780087
