,mz(Da),mz_std(Da),Int,Gauss_r2,N_signals,Confidence_interval(Da),Confidence_interval(ppm),mz_min(Da),mz_max(Da),RelativeIntensity(%)
0,157.7960684428897,0.0005,4475.5888671875,0.0,1.0,0.0,0.0,157.7960684428897,157.7960684428897,100.0
1,243.522203308678,0.0005,4458.01953125,0.0,1.0,0.0,0.0,243.522203308678,243.522203308678,99.60744079809679
2,91.11506313649589,0.0005,4321.18359375,0.0,1.0,0.0,0.0,91.11506313649589,91.11506313649589,96.55005680773066
3,77.2446418496672,0.0005,4155.52294921875,0.0,1.0,0.0,0.0,77.2446418496672,77.2446418496672,92.8486300358084
