,mz(Da),mz_std(Da),Int,Gauss_r2,N_signals,Confidence_interval(Da),Confidence_interval(ppm),mz_min(Da),mz_max(Da),RelativeIntensity(%)
0,111.04420506194538,0.0005,16980.685546875,0.0,1.0,0.0,0.0,111.04420506194538,111.04420506194538,100.0
1,100.11223615873126,0.0005,7140.18212890625,0.0,1.0,0.0,0.0,100.11223615873126,100.11223615873126,42.04884490202621
2,245.18730375932896,0.0005,6058.89892578125,0.0,1.0,0.0,0.0,245.18730375932896,245.18730375932896,35.68112081844826
3,126.08103892414319,0.0005,5275.10009765625,0.0,1.0,0.0,0.0,126.08103892414319,126.08103892414319,31.065295232600548
4,64.2243306146415,0.0005,4233.37744140625,0.0,1.0,0.0,0.0,64.2243306146415,64.2243306146415,24.930544940132464
5,80.92735766553143,0.0005,4149.06640625,0.0,1.0,0.0,0.0,80.92735766553143,80.92735766553143,24.43403356593906
