,mz(Da),mz_std(Da),Int,Gauss_r2,N_signals,Confidence_interval(Da),Confidence_interval(ppm),mz_min(Da),mz_max(Da),RelativeIntensity(%)
0,111.04548839212057,0.0005,5161.1318359375,0.0,1.0,0.0,0.0,111.04548839212057,111.04548839212057,100.0
1,94.41469559629878,0.0005,4554.82861328125,0.0,1.0,0.0,0.0,94.41469559629878,94.41469559629878,88.25251433349372
2,55.81799034597685,0.0005,4367.77880859375,0.0,1.0,0.0,0.0,55.81799034597685,55.81799034597685,84.62831308009709
3,56.11499819878391,0.0005,4194.93896484375,0.0,1.0,0.0,0.0,56.11499819878391,56.11499819878391,81.27943827425511
4,145.230929013183,0.0005,4139.8798828125,0.0,1.0,0.0,0.0,145.230929013183,145.230929013183,80.21263580182324
5,81.52941009702091,0.0005,4107.84912109375,0.0,1.0,0.0,0.0,81.52941009702091,81.52941009702091,79.59202073642776
