,mz(Da),mz_std(Da),Int,Gauss_r2,N_signals,Confidence_interval(Da),Confidence_interval(ppm),mz_min(Da),mz_max(Da),RelativeIntensity(%)
0,241.78354136221083,0.0005,5385.92138671875,0.0,1.0,0.0,0.0,241.78354136221083,241.78354136221083,100.0
1,109.37607374230413,0.0005,5053.97216796875,0.0,1.0,0.0,0.0,109.37607374230413,109.37607374230413,93.83672365570429
2,85.21285413301328,0.0005,4170.55419921875,0.0,1.0,0.0,0.0,85.21285413301328,85.21285413301328,77.43436823090293
