,mz(Da),mz_std(Da),Int,Gauss_r2,N_signals,Confidence_interval(Da),Confidence_interval(ppm),mz_min(Da),mz_max(Da),RelativeIntensity(%)
0,111.04435404748682,0.0005,7232.65283203125,0.0,1.0,0.0,0.0,111.04435404748682,111.04435404748682,100.0
1,159.93545389314642,0.0005,4844.55078125,0.0,1.0,0.0,0.0,159.93545389314642,159.93545389314642,66.98165795812758
2,103.67446357607747,0.0005,4458.79541015625,0.0,1.0,0.0,0.0,103.67446357607747,103.67446357607747,61.64813262444427
3,215.63103311027356,0.0005,4248.53466796875,0.0,1.0,0.0,0.0,215.63103311027356,215.63103311027356,58.741028591241985
