,mz(Da),mz_std(Da),Int,Gauss_r2,N_signals,Confidence_interval(Da),Confidence_interval(ppm),mz_min(Da),mz_max(Da),RelativeIntensity(%)
0,111.04414623392773,0.0005,10429.19921875,0.0,1.0,0.0,0.0,111.04414623392773,111.04414623392773,100.0
1,101.05907916283505,0.0005,5419.1796875,0.0,1.0,0.0,0.0,101.05907916283505,101.05907916283505,51.96160868954539
2,238.0445605120815,0.0005,4846.52880859375,0.0,1.0,0.0,0.0,238.0445605120815,238.0445605120815,46.47076642164895
3,209.53641211891195,0.0005,4539.82568359375,0.0,1.0,0.0,0.0,209.53641211891195,209.53641211891195,43.52995458588885
4,166.71912192355617,0.0005,4347.20556640625,0.0,1.0,0.0,0.0,166.71912192355617,166.71912192355617,41.683023549791656
5,179.27976058547682,0.0005,4291.09228515625,0.0,1.0,0.0,0.0,179.27976058547682,179.27976058547682,41.144983379371695
6,198.5948987824435,0.0005,4234.908203125,0.0,1.0,0.0,0.0,198.5948987824435,198.5948987824435,40.60626433821808
7,54.668250442423215,0.0005,4234.61962890625,0.0,1.0,0.0,0.0,54.668250442423215,54.668250442423215,40.60349735474507
8,171.91348356732422,0.0005,4167.873046875,0.0,1.0,0.0,0.0,171.91348356732422,171.91348356732422,39.96350016386535
