,mz(Da),mz_std(Da),Int,Gauss_r2,N_signals,Confidence_interval(Da),Confidence_interval(ppm),mz_min(Da),mz_max(Da),RelativeIntensity(%)
0,111.0442669661806,0.0005,5498.47802734375,0.0,1.0,0.0,0.0,111.0442669661806,111.0442669661806,100.0
1,128.88565338372717,0.0005,4848.65283203125,0.0,1.0,0.0,0.0,128.88565338372717,128.88565338372717,88.18172606890596
2,80.21807675795253,0.0005,4563.384765625,0.0,1.0,0.0,0.0,80.21807675795253,80.21807675795253,82.99359828176884
3,78.65926078041645,0.0005,4313.6083984375,0.0,1.0,0.0,0.0,78.65926078041645,78.65926078041645,78.45095273612202
4,73.32499445957927,0.0005,4285.822265625,0.0,1.0,0.0,0.0,73.32499445957927,73.32499445957927,77.94561048187785
5,147.90881364101676,0.0005,4253.50146484375,0.0,1.0,0.0,0.0,147.90881364101676,147.90881364101676,77.35779689745466
6,53.71503886526326,0.0005,4187.46728515625,0.0,1.0,0.0,0.0,53.71503886526326,53.71503886526326,76.1568431178976
