,mz(Da),mz_std(Da),Int,Gauss_r2,N_signals,Confidence_interval(Da),Confidence_interval(ppm),mz_min(Da),mz_max(Da),RelativeIntensity(%)
0,111.04396013674594,0.0005,8867.169921875,0.0,1.0,0.0,0.0,111.04396013674594,111.04396013674594,100.0
1,253.5500825966206,0.0005,5711.33837890625,0.0,1.0,0.0,0.0,253.5500825966206,253.5500825966206,64.40993495361555
2,196.73826734261104,0.0005,4953.35400390625,0.0,1.0,0.0,0.0,196.73826734261104,196.73826734261104,55.86172417522414
3,83.9685360942421,0.0005,4303.91064453125,0.0,1.0,0.0,0.0,83.9685360942421,83.9685360942421,48.53759071328555
4,72.03963923939435,0.0005,4220.052734375,0.0,1.0,0.0,0.0,72.03963923939435,72.03963923939435,47.59187848610272
5,62.8800598627796,0.0005,4200.984375,0.0,1.0,0.0,0.0,62.8800598627796,62.8800598627796,47.37683400693966
6,84.6706508216316,0.0005,4135.19580078125,0.0,1.0,0.0,0.0,84.6706508216316,84.6706508216316,46.63489971676155
7,56.96964741674636,0.0005,4072.580810546875,0.0,1.0,0.0,0.0,56.96964741674636,56.96964741674636,45.9287556957712
