,mz(Da),mz_std(Da),Int,Gauss_r2,N_signals,Confidence_interval(Da),Confidence_interval(ppm),mz_min(Da),mz_max(Da),RelativeIntensity(%)
0,111.0441937827256,0.0005,5620.27490234375,0.0,1.0,0.0,0.0,111.0441937827256,111.0441937827256,100.0
1,157.17363603677796,0.0005,5542.64990234375,0.0,1.0,0.0,0.0,157.17363603677796,157.17363603677796,98.61883980145475
2,86.97300227496117,0.0005,5203.56982421875,0.0,1.0,0.0,0.0,86.97300227496117,86.97300227496117,92.58568156601687
3,106.2738605181587,0.0005,4662.9208984375,0.0,1.0,0.0,0.0,106.2738605181587,106.2738605181587,82.96606446230919
4,80.76990187553011,0.0005,4426.35546875,0.0,1.0,0.0,0.0,80.76990187553011,80.76990187553011,78.75692106989526
5,60.889349204988065,0.0005,4309.8125,0.0,1.0,0.0,0.0,60.889349204988065,60.889349204988065,76.68330419572065
6,54.736255039949384,0.0005,3976.9521484375,0.0,1.0,0.0,0.0,54.736255039949384,54.736255039949384,70.7608118382082
