,mz(Da),mz_std(Da),Int,Gauss_r2,N_signals,Confidence_interval(Da),Confidence_interval(ppm),mz_min(Da),mz_max(Da),RelativeIntensity(%)
0,171.4780195346226,0.0005,6240.83642578125,0.0,1.0,0.0,0.0,171.4780195346226,171.4780195346226,100.0
1,152.5992808490529,0.0005,4966.7060546875,0.0,1.0,0.0,0.0,152.5992808490529,152.5992808490529,79.58398066915765
2,59.58425127269421,0.0005,4260.76513671875,0.0,1.0,0.0,0.0,59.58425127269421,59.58425127269421,68.27234117396968
3,77.89693241401719,0.0005,4128.9873046875,0.0,1.0,0.0,0.0,77.89693241401719,77.89693241401719,66.16079997915693
4,52.953170401789606,0.0005,4118.138671875,0.0,1.0,0.0,0.0,52.953170401789606,52.953170401789606,65.98696698511012
5,84.55560910201649,0.0005,3897.8291015625,0.0,1.0,0.0,0.0,84.55560910201649,84.55560910201649,62.45683808440078
