,mz(Da),mz_std(Da),Int,Gauss_r2,N_signals,Confidence_interval(Da),Confidence_interval(ppm),mz_min(Da),mz_max(Da),RelativeIntensity(%)
0,243.4636760312506,0.0005,4886.92333984375,0.0,1.0,0.0,0.0,243.4636760312506,243.4636760312506,100.0
1,111.04372319230508,0.0005,4768.75830078125,0.0,1.0,0.0,0.0,111.04372319230508,111.04372319230508,97.58201570098134
2,65.03627911797685,0.0005,4521.71337890625,0.0,1.0,0.0,0.0,65.03627911797685,65.03627911797685,92.52679169407276
3,198.2361215172433,0.0005,4403.91162109375,0.0,1.0,0.0,0.0,198.2361215172433,198.2361215172433,90.1162411365871
