,mz(Da),mz_std(Da),Int,Gauss_r2,N_signals,Confidence_interval(Da),Confidence_interval(ppm),mz_min(Da),mz_max(Da),RelativeIntensity(%)
0,111.04392598583657,0.0005,7892.1728515625,0.0,1.0,0.0,0.0,111.04392598583657,111.04392598583657,100.0
1,147.5277586560077,0.0005,5259.37939453125,0.0,1.0,0.0,0.0,147.5277586560077,147.5277586560077,66.64044862486752
2,238.35396053315174,0.0005,4899.4375,0.0,1.0,0.0,0.0,238.35396053315174,238.35396053315174,62.07970342451388
3,159.36505944327905,0.0005,4833.99755859375,0.0,1.0,0.0,0.0,159.36505944327905,159.36505944327905,61.2505282070287
4,73.45205330410158,0.0005,4600.47412109375,0.0,1.0,0.0,0.0,73.45205330410158,73.45205330410158,58.29160368912781
5,123.43122224302135,0.0005,4356.49462890625,0.0,1.0,0.0,0.0,123.43122224302135,123.43122224302135,55.20019278396503
6,56.00319679186427,0.0005,4258.66796875,0.0,1.0,0.0,0.0,56.00319679186427,56.00319679186427,53.96065252051423
7,111.83026398424445,0.0005,4163.673828125,0.0,1.0,0.0,0.0,111.83026398424445,111.83026398424445,52.75700249394147
