,mz(Da),mz_std(Da),Int,Gauss_r2,N_signals,Confidence_interval(Da),Confidence_interval(ppm),mz_min(Da),mz_max(Da),RelativeIntensity(%)
0,111.04401031524294,0.0005,5600.88720703125,0.0,1.0,0.0,0.0,111.04401031524294,111.04401031524294,100.0
1,129.0541373882866,0.0005,5533.6201171875,0.0,1.0,0.0,0.0,129.0541373882866,129.0541373882866,98.79899224252715
2,200.143824627105,0.0005,4810.6044921875,0.0,1.0,0.0,0.0,200.143824627105,200.143824627105,85.89004410137659
3,62.197108910380706,0.0005,4551.23046875,0.0,1.0,0.0,0.0,62.197108910380706,62.197108910380706,81.2590987912856
4,83.61862038639156,0.0005,4116.080078125,0.0,1.0,0.0,0.0,83.61862038639156,83.61862038639156,73.48978699227774
5,66.46880418266781,0.0005,3951.12548828125,0.0,1.0,0.0,0.0,66.46880418266781,66.46880418266781,70.54463591627199
