,mz(Da),mz_std(Da),Int,Gauss_r2,N_signals,Confidence_interval(Da),Confidence_interval(ppm),mz_min(Da),mz_max(Da),RelativeIntensity(%)
0,111.04400441683889,0.0005,12657.6923828125,0.0,1.0,0.0,0.0,111.04400441683889,111.04400441683889,100.0
1,121.13478990727275,0.0005,4818.70068359375,0.0,1.0,0.0,0.0,121.13478990727275,121.13478990727275,38.06934580063676
2,84.77919246599555,0.0005,4818.61962890625,0.0,1.0,0.0,0.0,84.77919246599555,84.77919246599555,38.068705441517196
3,185.52330267233623,0.0005,4797.3017578125,0.0,1.0,0.0,0.0,185.52330267233623,185.52330267233623,37.900287135486174
4,55.61309991683828,0.0005,4675.39599609375,0.0,1.0,0.0,0.0,55.61309991683828,55.61309991683828,36.93719087724339
5,73.33745128192959,0.0005,4493.5126953125,0.0,1.0,0.0,0.0,73.33745128192959,73.33745128192959,35.500252016031816
6,121.68761120967318,0.0005,4315.435546875,0.0,1.0,0.0,0.0,121.68761120967318,121.68761120967318,34.09338303034446
7,53.289314692797895,0.0005,4036.424072265625,0.0,1.0,0.0,0.0,53.289314692797895,53.289314692797895,31.889099135846944
