,mz(Da),mz_std(Da),Int,Gauss_r2,N_signals,Confidence_interval(Da),Confidence_interval(ppm),mz_min(Da),mz_max(Da),RelativeIntensity(%)
0,111.04386811022741,0.0005,8151.916015625,0.0,1.0,0.0,0.0,111.04386811022741,111.04386811022741,100.0
1,172.35837663493714,0.0005,5195.95751953125,0.0,1.0,0.0,0.0,172.35837663493714,172.35837663493714,63.73909531908838
2,193.50447503049833,0.0005,5082.021484375,0.0,1.0,0.0,0.0,193.50447503049833,193.50447503049833,62.34143573896187
3,264.72348195903567,0.0005,4738.87890625,0.0,1.0,0.0,0.0,264.72348195903567,264.72348195903567,58.132086949459016
4,63.04749076688246,0.0005,4686.81494140625,0.0,1.0,0.0,0.0,63.04749076688246,63.04749076688246,57.49341544273645
