,mz(Da),mz_std(Da),Int,Gauss_r2,N_signals,Confidence_interval(Da),Confidence_interval(ppm),mz_min(Da),mz_max(Da),RelativeIntensity(%)
0,111.04393393339818,0.0005,6346.5048828125,0.0,1.0,0.0,0.0,111.04393393339818,111.04393393339818,100.0
1,105.21998790905245,0.0005,5067.890625,0.0,1.0,0.0,0.0,105.21998790905245,105.21998790905245,79.8532533824212
2,123.22368874642032,0.0005,4943.41748046875,0.0,1.0,0.0,0.0,123.22368874642032,123.22368874642032,77.89196686599
3,143.27892742481868,0.0005,4766.1923828125,0.0,1.0,0.0,0.0,143.27892742481868,143.27892742481868,75.09948342937895
4,192.22181040667647,0.0005,4282.384765625,0.0,1.0,0.0,0.0,192.22181040667647,192.22181040667647,67.47626992649897
