,mz(Da),mz_std(Da),Int,Gauss_r2,N_signals,Confidence_interval(Da),Confidence_interval(ppm),mz_min(Da),mz_max(Da),RelativeIntensity(%)
0,153.66022636189578,0.0005,5556.27197265625,0.0,1.0,0.0,0.0,153.66022636189578,153.66022636189578,100.0
1,111.04413754946617,0.0005,5324.2626953125,0.0,1.0,0.0,0.0,111.04413754946617,111.04413754946617,95.824371476315
2,146.2107325239031,0.0005,4986.5830078125,0.0,1.0,0.0,0.0,146.2107325239031,146.2107325239031,89.74692081943925
3,68.00527505166228,0.0005,4427.9990234375,0.0,1.0,0.0,0.0,68.00527505166228,68.00527505166228,79.69370551385438
