,mz(Da),mz_std(Da),Int,Gauss_r2,N_signals,Confidence_interval(Da),Confidence_interval(ppm),mz_min(Da),mz_max(Da),RelativeIntensity(%)
0,72.17300032653958,0.0005,5047.82958984375,0.0,1.0,0.0,0.0,72.17300032653958,72.17300032653958,100.0
1,105.66768484426042,0.0005,4760.51953125,0.0,1.0,0.0,0.0,105.66768484426042,105.66768484426042,94.3082456830195
2,102.10270571294335,0.0005,4445.65380859375,0.0,1.0,0.0,0.0,102.10270571294335,102.10270571294335,88.07060003646757
3,213.7788058841531,0.0005,4150.5107421875,0.0,1.0,0.0,0.0,213.7788058841531,213.7788058841531,82.2236699618058
4,113.24361828569667,0.0005,4079.501953125,0.0,1.0,0.0,0.0,113.24361828569667,113.24361828569667,80.81695074122493
