,mz(Da),mz_std(Da),Int,Gauss_r2,N_signals,Confidence_interval(Da),Confidence_interval(ppm),mz_min(Da),mz_max(Da),RelativeIntensity(%)
0,111.04421425977975,0.0005,5816.7998046875,0.0,1.0,0.0,0.0,111.04421425977975,111.04421425977975,100.0
1,222.9968538459953,0.0005,4407.27978515625,0.0,1.0,0.0,0.0,222.9968538459953,222.9968538459953,75.7681187790685
2,69.80311780891675,0.0005,4283.46044921875,0.0,1.0,0.0,0.0,69.80311780891675,69.80311780891675,73.63946831670053
3,74.09596146041892,0.0005,4256.63525390625,0.0,1.0,0.0,0.0,74.09596146041892,74.09596146041892,73.17830072948388
