,mz(Da),mz_std(Da),Int,Gauss_r2,N_signals,Confidence_interval(Da),Confidence_interval(ppm),mz_min(Da),mz_max(Da),RelativeIntensity(%)
0,111.04453333382484,0.0005,5085.85546875,0.0,1.0,0.0,0.0,111.04453333382484,111.04453333382484,100.0
1,53.69089577308236,0.0005,4466.2255859375,0.0,1.0,0.0,0.0,53.69089577308236,53.69089577308236,87.8166045688909
2,111.71263449439462,0.0005,4409.27294921875,0.0,1.0,0.0,0.0,111.71263449439462,111.71263449439462,86.69678043962307
3,140.45672278840752,0.0005,4368.2978515625,0.0,1.0,0.0,0.0,140.45672278840752,140.45672278840752,85.89111268307707
4,91.53543237542388,0.0005,4142.11474609375,0.0,1.0,0.0,0.0,91.53543237542388,91.53543237542388,81.44381553005078
