,mz(Da),mz_std(Da),Int,Gauss_r2,N_signals,Confidence_interval(Da),Confidence_interval(ppm),mz_min(Da),mz_max(Da),RelativeIntensity(%)
0,111.04418385896773,0.0005,9991.6396484375,0.0,1.0,0.0,0.0,111.04418385896773,111.04418385896773,100.0
1,157.97387494625417,0.0005,4909.35302734375,0.0,1.0,0.0,0.0,157.97387494625417,157.97387494625417,49.13460853356014
2,94.64426570485954,0.0005,4727.18310546875,0.0,1.0,0.0,0.0,94.64426570485954,94.64426570485954,47.31138503586836
3,88.74505931492602,0.0005,4588.72119140625,0.0,1.0,0.0,0.0,88.74505931492602,88.74505931492602,45.92560733636783
4,97.03793842599492,0.0005,4542.34619140625,0.0,1.0,0.0,0.0,97.03793842599492,97.03793842599492,45.461469300652624
5,70.00943368809757,0.0005,4398.24853515625,0.0,1.0,0.0,0.0,70.00943368809757,70.00943368809757,44.019287023066845
6,170.94625797362085,0.0005,4264.69921875,0.0,1.0,0.0,0.0,170.94625797362085,170.94625797362085,42.682676405537876
7,114.14912699718028,0.0005,4181.8076171875,0.0,1.0,0.0,0.0,114.14912699718028,114.14912699718028,41.85306680712264
