,mz(Da),mz_std(Da),Int,Gauss_r2,N_signals,Confidence_interval(Da),Confidence_interval(ppm),mz_min(Da),mz_max(Da),RelativeIntensity(%)
0,111.04360162098828,0.0005,5884.6669921875,0.0,1.0,0.0,0.0,111.04360162098828,111.04360162098828,100.0
1,245.66353783809745,0.0005,4801.59521484375,0.0,1.0,0.0,0.0,245.66353783809745,245.66353783809745,81.59502009575667
2,65.70185816284786,0.0005,4701.40673828125,0.0,1.0,0.0,0.0,65.70185816284786,65.70185816284786,79.89248575191851
