,mz(Da),mz_std(Da),Int,Gauss_r2,N_signals,Confidence_interval(Da),Confidence_interval(ppm),mz_min(Da),mz_max(Da),RelativeIntensity(%)
0,111.04397929890979,0.0005,6016.9873046875,0.0,1.0,0.0,0.0,111.04397929890979,111.04397929890979,100.0
1,126.90160043557171,0.0005,5386.880859375,0.0,1.0,0.0,0.0,126.90160043557171,126.90160043557171,89.5278747751118
2,73.04706167083121,0.0005,4455.98486328125,0.0,1.0,0.0,0.0,73.04706167083121,73.04706167083121,74.05674364328209
3,50.25763322997108,0.0005,4289.955078125,0.0,1.0,0.0,0.0,50.25763322997108,50.25763322997108,71.2973928793723
4,184.69427787037154,0.0005,4115.02685546875,0.0,1.0,0.0,0.0,184.69427787037154,184.69427787037154,68.39015352854345
