,mz(Da),mz_std(Da),Int,Gauss_r2,N_signals,Confidence_interval(Da),Confidence_interval(ppm),mz_min(Da),mz_max(Da),RelativeIntensity(%)
0,111.04411344447382,0.0005,11859.525390625,0.0,1.0,0.0,0.0,111.04411344447382,111.04411344447382,100.0
1,177.26916955408063,0.0005,5048.6416015625,0.0,1.0,0.0,0.0,177.26916955408063,177.26916955408063,42.57035113355776
2,159.34558198899305,0.0005,4779.04296875,0.0,1.0,0.0,0.0,159.34558198899305,159.34558198899305,40.29708450666881
3,261.2856504239118,0.0005,4714.6455078125,0.0,1.0,0.0,0.0,261.2856504239118,261.2856504239118,39.75408249928319
4,218.79344053428798,0.0005,4492.2509765625,0.0,1.0,0.0,0.0,218.79344053428798,218.79344053428798,37.87884277488576
5,70.7631619607343,0.0005,4349.51904296875,0.0,1.0,0.0,0.0,70.7631619607343,70.7631619607343,36.675321310978106
6,50.086073243008926,0.0005,4281.01318359375,0.0,1.0,0.0,0.0,50.086073243008926,50.086073243008926,36.09767712102465
7,58.53510863552984,0.0005,4137.39306640625,0.0,1.0,0.0,0.0,58.53510863552984,58.53510863552984,34.886666456963574
