,mz(Da),mz_std(Da),Int,Gauss_r2,N_signals,Confidence_interval(Da),Confidence_interval(ppm),mz_min(Da),mz_max(Da),RelativeIntensity(%)
0,92.3079792693701,0.0005,5101.2998046875,0.0,1.0,0.0,0.0,92.3079792693701,92.3079792693701,100.0
1,111.04374569418694,0.0005,4935.87646484375,0.0,1.0,0.0,0.0,111.04374569418694,111.04374569418694,96.7572315649485
2,88.56953791409329,0.0005,4800.18310546875,0.0,1.0,0.0,0.0,88.56953791409329,88.56953791409329,94.09725539083081
3,80.876716273811,0.0005,4759.31982421875,0.0,1.0,0.0,0.0,80.876716273811,80.876716273811,93.29621873714402
4,210.4385527069074,0.0005,4670.96728515625,0.0,1.0,0.0,0.0,210.4385527069074,210.4385527069074,91.56425742443476
