,mz(Da),mz_std(Da),Int,Gauss_r2,N_signals,Confidence_interval(Da),Confidence_interval(ppm),mz_min(Da),mz_max(Da),RelativeIntensity(%)
0,111.04409775218049,0.0005,6242.72998046875,0.0,1.0,0.0,0.0,111.04409775218049,111.04409775218049,100.0
1,68.49766706489416,0.0005,5011.7177734375,0.0,1.0,0.0,0.0,68.49766706489416,68.49766706489416,80.28086733075685
2,51.702448473822045,0.0005,4419.0185546875,0.0,1.0,0.0,0.0,51.702448473822045,51.702448473822045,70.78663611133294
3,147.30743473691268,0.0005,4392.189453125,0.0,1.0,0.0,0.0,147.30743473691268,147.30743473691268,70.35687058172589
4,52.45739332291907,0.0005,4155.76611328125,0.0,1.0,0.0,0.0,52.45739332291907,52.45739332291907,66.56969188613223
