,mz(Da),mz_std(Da),Int,Gauss_r2,N_signals,Confidence_interval(Da),Confidence_interval(ppm),mz_min(Da),mz_max(Da),RelativeIntensity(%)
0,111.04374603183999,0.0005,5011.90478515625,0.0,1.0,0.0,0.0,111.04374603183999,111.04374603183999,100.0
1,241.58845609771961,0.0005,4895.63330078125,0.0,1.0,0.0,0.0,241.58845609771961,241.58845609771961,97.68009390921868
2,51.05846606956807,0.0005,4747.552734375,0.0,1.0,0.0,0.0,51.05846606956807,51.05846606956807,94.72551730104328
3,189.5334979855162,0.0005,4716.947265625,0.0,1.0,0.0,0.0,189.5334979855162,189.5334979855162,94.11486187038459
4,82.89410072033687,0.0005,4627.02880859375,0.0,1.0,0.0,0.0,82.89410072033687,82.89410072033687,92.32076439874942
5,202.67212408003948,0.0005,4374.27734375,0.0,1.0,0.0,0.0,202.67212408003948,202.67212408003948,87.27774232074978
6,186.76084676199446,0.0005,4300.97900390625,0.0,1.0,0.0,0.0,186.76084676199446,186.76084676199446,85.8152576370655
7,62.73188004640655,0.0005,4110.5400390625,0.0,1.0,0.0,0.0,62.73188004640655,62.73188004640655,82.0155253395212
