,mz(Da),mz_std(Da),Int,Gauss_r2,N_signals,Confidence_interval(Da),Confidence_interval(ppm),mz_min(Da),mz_max(Da),RelativeIntensity(%)
0,111.0437847752329,0.0005,5748.80712890625,0.0,1.0,0.0,0.0,111.0437847752329,111.0437847752329,100.0
1,129.05484293425988,0.0005,3605.72265625,0.0,1.0,0.0,0.0,129.05484293425988,129.05484293425988,62.721231994714934
2,101.05992337782698,0.0005,3462.958740234375,0.0,1.0,0.0,0.0,101.05992337782698,101.05992337782698,60.23786609263454
3,138.0545174161548,0.0005,1414.67578125,0.0,1.0,0.0,0.0,138.0545174161548,138.0545174161548,24.608162172230532
4,245.1369251213098,0.0005,1051.0159912109375,0.0,1.0,0.0,0.0,245.1369251213098,245.1369251213098,18.28233175411645
5,83.04900764255363,0.0005,982.7455444335938,0.0,1.0,0.0,0.0,83.04900764255363,83.04900764255363,17.094773270303953
6,55.05385719936422,0.0005,981.7870483398438,0.0,1.0,0.0,0.0,55.05385719936422,55.05385719936422,17.078100314119173
7,212.28646438605256,0.0005,961.425537109375,0.0,1.0,0.0,0.0,212.28646438605256,212.28646438605256,16.723913597224698
8,231.77766484302822,0.0005,949.7100830078125,0.0,1.0,0.0,0.0,231.77766484302822,231.77766484302822,16.52012429208947
