,mz(Da),mz_std(Da),Int,Gauss_r2,N_signals,Confidence_interval(Da),Confidence_interval(ppm),mz_min(Da),mz_max(Da),RelativeIntensity(%)
0,111.04437138359688,0.0005,7411.048828125,0.0,1.0,0.0,0.0,111.04437138359688,111.04437138359688,100.0
1,169.0881025068495,0.0005,4378.75341796875,0.0,1.0,0.0,0.0,169.0881025068495,169.0881025068495,59.084125870974425
2,65.36925425614598,0.0005,4350.447265625,0.0,1.0,0.0,0.0,65.36925425614598,65.36925425614598,58.7021805755079
3,164.09985577173873,0.0005,4328.76513671875,0.0,1.0,0.0,0.0,164.09985577173873,164.09985577173873,58.40961565778714
4,127.15710650858139,0.0005,4198.6142578125,0.0,1.0,0.0,0.0,127.15710650858139,127.15710650858139,56.65344211306124
