,mz(Da),mz_std(Da),Int,Gauss_r2,N_signals,Confidence_interval(Da),Confidence_interval(ppm),mz_min(Da),mz_max(Da),RelativeIntensity(%)
0,72.44505411666115,0.0005,4486.90283203125,0.0,1.0,0.0,0.0,72.44505411666115,72.44505411666115,100.0
1,50.09116186631387,0.0005,4459.18408203125,0.0,1.0,0.0,0.0,50.09116186631387,50.09116186631387,99.38222976878124
2,55.80890923231671,0.0005,4089.26611328125,0.0,1.0,0.0,0.0,55.80890923231671,55.80890923231671,91.1378353034227
