,mz(Da),mz_std(Da),Int,Gauss_r2,N_signals,Confidence_interval(Da),Confidence_interval(ppm),mz_min(Da),mz_max(Da),RelativeIntensity(%)
0,111.04392574318618,0.0005,9438.4169921875,0.0,1.0,0.0,0.0,111.04392574318618,111.04392574318618,100.0
1,101.0596709500677,0.0005,4831.689453125,0.0,1.0,0.0,0.0,101.0596709500677,101.0596709500677,51.19173540567612
2,129.05492791471374,0.0005,3894.6513671875,0.0,1.0,0.0,0.0,129.05492791471374,129.05492791471374,41.26381966818414
3,245.13867089510777,0.0005,2293.024658203125,0.0,1.0,0.0,0.0,245.13867089510777,245.13867089510777,24.294589443347757
4,169.08581627769058,0.0005,1081.7049560546875,0.0,1.0,0.0,0.0,169.08581627769058,169.08581627769058,11.460660796721015
5,83.04921970054019,0.0005,994.789794921875,0.0,1.0,0.0,0.0,83.04921970054019,83.04921970054019,10.539794922658073
6,196.59397436001944,0.0005,907.4337768554688,0.0,1.0,0.0,0.0,196.59397436001944,196.59397436001944,9.61425817069306
7,141.09071217886742,0.0005,867.6187133789062,0.0,1.0,0.0,0.0,141.09071217886742,141.09071217886742,9.192417691410158
8,84.54623716523079,0.0005,827.3974609375,0.0,1.0,0.0,0.0,84.54623716523079,84.54623716523079,8.766273641251123
