,mz(Da),mz_std(Da),Int,Gauss_r2,N_signals,Confidence_interval(Da),Confidence_interval(ppm),mz_min(Da),mz_max(Da),RelativeIntensity(%)
0,111.04418391707844,0.0005,7602.6025390625,0.0,1.0,0.0,0.0,111.04418391707844,111.04418391707844,100.0
1,195.95665741522728,0.0005,5551.2470703125,0.0,1.0,0.0,0.0,195.95665741522728,195.95665741522728,73.01772046861522
2,182.37372731588346,0.0005,4823.31689453125,0.0,1.0,0.0,0.0,182.37372731588346,182.37372731588346,63.44297061103536
3,101.55386005434494,0.0005,4201.7783203125,0.0,1.0,0.0,0.0,101.55386005434494,101.55386005434494,55.267631034551414
4,79.9200707864224,0.0005,4052.97265625,0.0,1.0,0.0,0.0,79.9200707864224,79.9200707864224,53.310332026771775
