,mz(Da),mz_std(Da),Int,Gauss_r2,N_signals,Confidence_interval(Da),Confidence_interval(ppm),mz_min(Da),mz_max(Da),RelativeIntensity(%)
0,111.04414225539713,0.0005,6846.8310546875,0.0,1.0,0.0,0.0,111.04414225539713,111.04414225539713,100.0
1,101.05961245842839,0.0005,6135.7412109375,0.0,1.0,0.0,0.0,101.05961245842839,101.05961245842839,89.61432174869903
2,245.75141143572228,0.0005,4584.25927734375,0.0,1.0,0.0,0.0,245.75141143572228,245.75141143572228,66.95446755919674
3,155.42890874886461,0.0005,4354.30615234375,0.0,1.0,0.0,0.0,155.42890874886461,155.42890874886461,63.595933908179184
4,102.8241691283804,0.0005,4188.66259765625,0.0,1.0,0.0,0.0,102.8241691283804,102.8241691283804,61.176660621538105
5,183.23526091635577,0.0005,4145.61328125,0.0,1.0,0.0,0.0,183.23526091635577,183.23526091635577,60.547912576458515
