,mz(Da),mz_std(Da),Int,Gauss_r2,N_signals,Confidence_interval(Da),Confidence_interval(ppm),mz_min(Da),mz_max(Da),RelativeIntensity(%)
0,101.05937633247977,0.0005,5327.15625,0.0,1.0,0.0,0.0,101.05937633247977,101.05937633247977,100.0
1,168.69042598774632,0.0005,4538.04296875,0.0,1.0,0.0,0.0,168.69042598774632,168.69042598774632,85.18696947832157
2,93.8195024239769,0.0005,3977.18896484375,0.0,1.0,0.0,0.0,93.8195024239769,93.8195024239769,74.65876310355549
