,mz(Da),mz_std(Da),Int,Gauss_r2,N_signals,Confidence_interval(Da),Confidence_interval(ppm),mz_min(Da),mz_max(Da),RelativeIntensity(%)
0,246.2425522798203,0.0005,72858.6171875,0.0,1.0,0.0,0.0,246.2425522798203,246.2425522798203,100.0
1,247.24746996125015,0.0005,5837.4912109375,0.0,1.0,0.0,0.0,247.24746996125015,247.24746996125015,8.012080706822706
2,201.96060925922984,0.0005,4875.92822265625,0.0,1.0,0.0,0.0,201.96060925922984,201.96060925922984,6.692315076620463
3,192.02825492690764,0.0005,4695.369140625,0.0,1.0,0.0,0.0,192.02825492690764,192.02825492690764,6.444493900483417
4,71.51462803684504,0.0005,4570.5869140625,0.0,1.0,0.0,0.0,71.51462803684504,71.51462803684504,6.273227643478599
5,51.86411207354,0.0005,4366.92431640625,0.0,1.0,0.0,0.0,51.86411207354,51.86411207354,5.993696401302909
6,50.30815438426893,0.0005,4296.400390625,0.0,1.0,0.0,0.0,50.30815438426893,50.30815438426893,5.89690081485943
7,141.4840518115383,0.0005,4135.24267578125,0.0,1.0,0.0,0.0,141.4840518115383,141.4840518115383,5.675708427376952
8,156.62874251445783,0.0005,4100.4013671875,0.0,1.0,0.0,0.0,156.62874251445783,156.62874251445783,5.62788799111464
