,mz(Da),mz_std(Da),Int,Gauss_r2,N_signals,Confidence_interval(Da),Confidence_interval(ppm),mz_min(Da),mz_max(Da),RelativeIntensity(%)
0,112.89625470590069,0.0005,6339.45947265625,0.0,1.0,0.0,0.0,112.89625470590069,112.89625470590069,100.0
1,158.2096526589483,0.0005,5078.8681640625,0.0,1.0,0.0,0.0,158.2096526589483,158.2096526589483,80.11516101599811
2,84.213967158862,0.0005,4707.205078125,0.0,1.0,0.0,0.0,84.213967158862,84.213967158862,74.2524673977081
3,52.196532371876756,0.0005,4255.6787109375,0.0,1.0,0.0,0.0,52.196532371876756,52.196532371876756,67.12999316887121
4,204.00188085624092,0.0005,4075.759765625,0.0,1.0,0.0,0.0,204.00188085624092,204.00188085624092,64.29191294943709
