,mz(Da),mz_std(Da),Int,Gauss_r2,N_signals,Confidence_interval(Da),Confidence_interval(ppm),mz_min(Da),mz_max(Da),RelativeIntensity(%)
0,249.11056895568652,0.0005,12225.658203125,0.0,1.0,0.0,0.0,249.11056895568652,249.11056895568652,100.0
1,246.90707400186335,0.0005,5331.283203125,0.0,1.0,0.0,0.0,246.90707400186335,246.90707400186335,43.607330701935304
2,63.377256359857334,0.0005,5005.75244140625,0.0,1.0,0.0,0.0,63.377256359857334,63.377256359857334,40.94464574616302
3,55.11714410189761,0.0005,4745.6533203125,0.0,1.0,0.0,0.0,55.11714410189761,55.11714410189761,38.81716011903117
4,249.15446923675364,0.0005,4561.48193359375,0.0,1.0,0.0,0.0,249.15446923675364,249.15446923675364,37.31072681573733
5,103.76694768906333,0.0005,4558.41943359375,0.0,1.0,0.0,0.0,103.76694768906333,103.76694768906333,37.28567703969159
6,54.37043124958906,0.0005,4539.3125,0.0,1.0,0.0,0.0,54.37043124958906,54.37043124958906,37.12939151889349
