,mz(Da),mz_std(Da),Int,Gauss_r2,N_signals,Confidence_interval(Da),Confidence_interval(ppm),mz_min(Da),mz_max(Da),RelativeIntensity(%)
0,249.11062547523824,0.0005,22562.763671875,0.0,1.0,0.0,0.0,249.11062547523824,249.11062547523824,100.0
1,81.07015495577893,0.0005,7155.56494140625,0.0,1.0,0.0,0.0,81.07015495577893,81.07015495577893,31.714044633308042
2,104.30503053894394,0.0005,5285.60986328125,0.0,1.0,0.0,0.0,104.30503053894394,104.30503053894394,23.42625194390474
3,73.98489283343953,0.0005,5196.64599609375,0.0,1.0,0.0,0.0,73.98489283343953,73.98489283343953,23.031956863384995
4,155.3462554552823,0.0005,5031.29248046875,0.0,1.0,0.0,0.0,155.3462554552823,155.3462554552823,22.299096660487432
5,75.5946990619895,0.0005,4516.76416015625,0.0,1.0,0.0,0.0,75.5946990619895,75.5946990619895,20.018665380901453
6,68.938811045899,0.0005,4487.748046875,0.0,1.0,0.0,0.0,68.938811045899,68.938811045899,19.89006361161811
7,60.16059783910998,0.0005,4355.27978515625,0.0,1.0,0.0,0.0,60.16059783910998,60.16059783910998,19.30295352330976
