,mz(Da),mz_std(Da),Int,Gauss_r2,N_signals,Confidence_interval(Da),Confidence_interval(ppm),mz_min(Da),mz_max(Da),RelativeIntensity(%)
0,249.11042995699194,0.0005,15898.244140625,0.0,1.0,0.0,0.0,249.11042995699194,249.11042995699194,100.0
1,249.15247480743085,0.0005,4839.734375,0.0,1.0,0.0,0.0,249.15247480743085,249.15247480743085,30.441942721416392
2,249.18596363922182,0.0005,2008.01025390625,0.0,1.0,0.0,0.0,249.18596363922182,249.18596363922182,12.630390099339046
3,250.11468482033396,0.0005,2000.7001953125,0.0,1.0,0.0,0.0,250.11468482033396,250.11468482033396,12.584409810389586
4,209.43849314013585,0.0005,1586.4437255859375,0.0,1.0,0.0,0.0,209.43849314013585,209.43849314013585,9.978735460050435
5,81.06982752754827,0.0005,1482.4669189453125,0.0,1.0,0.0,0.0,81.06982752754827,81.06982752754827,9.32472105618975
6,156.04919815945988,0.0005,1141.0791015625,0.0,1.0,0.0,0.0,156.04919815945988,156.04919815945988,7.177390732393428
7,58.9612056354737,0.0005,1030.4193115234375,0.0,1.0,0.0,0.0,58.9612056354737,58.9612056354737,6.481340344311313
