,mz(Da),mz_std(Da),Int,Gauss_r2,N_signals,Confidence_interval(Da),Confidence_interval(ppm),mz_min(Da),mz_max(Da),RelativeIntensity(%)
0,249.15742170657052,0.0005,72836.1015625,0.0,1.0,0.0,0.0,249.15742170657052,249.15742170657052,100.0
1,96.64891164578668,0.0005,5004.65185546875,0.0,1.0,0.0,0.0,96.64891164578668,96.64891164578668,6.871114389852817
2,202.23046273645167,0.0005,4661.09130859375,0.0,1.0,0.0,0.0,202.23046273645167,202.23046273645167,6.399424473032936
3,112.89578997175283,0.0005,4584.14892578125,0.0,1.0,0.0,0.0,112.89578997175283,112.89578997175283,6.29378677254937
4,142.72683772162327,0.0005,3970.0029296875,0.0,1.0,0.0,0.0,142.72683772162327,142.72683772162327,5.45059777297509
