,mz(Da),mz_std(Da),Int,Gauss_r2,N_signals,Confidence_interval(Da),Confidence_interval(ppm),mz_min(Da),mz_max(Da),RelativeIntensity(%)
0,249.15694398526392,0.0005,88941.3515625,0.0,1.0,0.0,0.0,249.15694398526392,249.15694398526392,100.0
1,128.3600568052717,0.0005,4826.359375,0.0,1.0,0.0,0.0,128.3600568052717,128.3600568052717,5.426451577597702
2,55.310147632301124,0.0005,4373.052734375,0.0,1.0,0.0,0.0,55.310147632301124,55.310147632301124,4.916782416221785
