,mz(Da),mz_std(Da),Int,Gauss_r2,N_signals,Confidence_interval(Da),Confidence_interval(ppm),mz_min(Da),mz_max(Da),RelativeIntensity(%)
0,83.3455963305953,0.0005,4860.1064453125,0.0,1.0,0.0,0.0,83.3455963305953,83.3455963305953,100.0
1,123.20515448020784,0.0005,4804.8056640625,0.0,1.0,0.0,0.0,123.20515448020784,123.20515448020784,98.8621487641832
2,69.54595208719807,0.0005,4681.85009765625,0.0,1.0,0.0,0.0,69.54595208719807,69.54595208719807,96.33225424870734
3,53.18847731678669,0.0005,4544.47900390625,0.0,1.0,0.0,0.0,53.18847731678669,53.18847731678669,93.50575044069934
4,139.34461074439713,0.0005,4255.26904296875,0.0,1.0,0.0,0.0,139.34461074439713,139.34461074439713,87.55505853319104
