,mz(Da),mz_std(Da),Int,Gauss_r2,N_signals,Confidence_interval(Da),Confidence_interval(ppm),mz_min(Da),mz_max(Da),RelativeIntensity(%)
0,111.04457593410612,0.0005,6878.34228515625,0.0,1.0,0.0,0.0,111.04457593410612,111.04457593410612,100.0
1,62.55150599491742,0.0005,4729.34423828125,0.0,1.0,0.0,0.0,62.55150599491742,62.55150599491742,68.75703537591278
2,116.38838739842608,0.0005,4682.787109375,0.0,1.0,0.0,0.0,116.38838739842608,116.38838739842608,68.0801698322087
3,248.66816428758082,0.0005,4632.435546875,0.0,1.0,0.0,0.0,248.66816428758082,248.66816428758082,67.34813934560933
4,78.53153833846187,0.0005,4469.60107421875,0.0,1.0,0.0,0.0,78.53153833846187,78.53153833846187,64.98078881396083
5,259.9079805066353,0.0005,4407.01220703125,0.0,1.0,0.0,0.0,259.9079805066353,259.9079805066353,64.07084765964274
6,106.59425683195985,0.0005,4371.87353515625,0.0,1.0,0.0,0.0,106.59425683195985,106.59425683195985,63.559988059782015
7,54.639670421514666,0.0005,4367.0791015625,0.0,1.0,0.0,0.0,54.639670421514666,54.639670421514666,63.49028473018621
8,180.80195787922264,0.0005,4310.72412109375,0.0,1.0,0.0,0.0,180.80195787922264,180.80195787922264,62.670974231632414
