,mz(Da),mz_std(Da),Int,Gauss_r2,N_signals,Confidence_interval(Da),Confidence_interval(ppm),mz_min(Da),mz_max(Da),RelativeIntensity(%)
0,249.15791629005514,0.0005,43605.3828125,0.0,1.0,0.0,0.0,249.15791629005514,249.15791629005514,100.0
1,106.13560134907155,0.0005,4291.8466796875,0.0,1.0,0.0,0.0,106.13560134907155,106.13560134907155,9.842469903640408
2,117.77603078040715,0.0005,4264.921875,0.0,1.0,0.0,0.0,117.77603078040715,117.77603078040715,9.78072338761216
3,92.2611248463217,0.0005,4171.318359375,0.0,1.0,0.0,0.0,92.2611248463217,92.2611248463217,9.566062926935805
4,95.5384275413334,0.0005,4067.74267578125,0.0,1.0,0.0,0.0,95.5384275413334,95.5384275413334,9.328533344775918
