,mz(Da),mz_std(Da),Int,Gauss_r2,N_signals,Confidence_interval(Da),Confidence_interval(ppm),mz_min(Da),mz_max(Da),RelativeIntensity(%)
0,111.0439118028938,0.0005,42110.71875,0.0,1.0,0.0,0.0,111.0439118028938,111.0439118028938,100.0
1,101.05987247828686,0.0005,13282.7412109375,0.0,1.0,0.0,0.0,101.05987247828686,101.05987247828686,31.54242341431776
2,129.05440574721553,0.0005,9068.33984375,0.0,1.0,0.0,0.0,129.05440574721553,129.05440574721553,21.53451689482265
3,187.0968882210281,0.0005,6392.3330078125,0.0,1.0,0.0,0.0,187.0968882210281,187.0968882210281,15.17982403901026
4,245.13984901110604,0.0005,6300.18505859375,0.0,1.0,0.0,0.0,245.13984901110604,245.13984901110604,14.961001012583644
5,55.15552263084304,0.0005,5014.869140625,0.0,1.0,0.0,0.0,55.15552263084304,55.15552263084304,11.908771185780342
6,69.29941273352478,0.0005,4943.51318359375,0.0,1.0,0.0,0.0,69.29941273352478,69.29941273352478,11.739322743318766
