,mz(Da),mz_std(Da),Int,Gauss_r2,N_signals,Confidence_interval(Da),Confidence_interval(ppm),mz_min(Da),mz_max(Da),RelativeIntensity(%)
0,111.04412172733343,0.0005,23024.912109375,0.0,1.0,0.0,0.0,111.04412172733343,111.04412172733343,100.0
1,101.05973002196419,0.0005,10620.212890625,0.0,1.0,0.0,0.0,101.05973002196419,101.05973002196419,46.12487917511221
2,83.04955645666519,0.0005,5198.97509765625,0.0,1.0,0.0,0.0,83.04955645666519,83.04955645666519,22.579782597907922
3,170.32788800690076,0.0005,4588.60498046875,0.0,1.0,0.0,0.0,170.32788800690076,170.32788800690076,19.928870775582325
4,238.41651160386752,0.0005,4346.033203125,0.0,1.0,0.0,0.0,238.41651160386752,238.41651160386752,18.875351977371658
5,192.90993262706792,0.0005,4289.33251953125,0.0,1.0,0.0,0.0,192.90993262706792,192.90993262706792,18.629093996779133
6,175.52668255571734,0.0005,4038.435546875,0.0,1.0,0.0,0.0,175.52668255571734,175.52668255571734,17.53941786049502
