,mz(Da),mz_std(Da),Int,Gauss_r2,N_signals,Confidence_interval(Da),Confidence_interval(ppm),mz_min(Da),mz_max(Da),RelativeIntensity(%)
0,111.0440858342587,0.0005,33110.3828125,0.0,1.0,0.0,0.0,111.0440858342587,111.0440858342587,100.0
1,101.05990748288562,0.0005,11016.625,0.0,1.0,0.0,0.0,101.05990748288562,101.05990748288562,33.27241808826489
2,129.05477284487156,0.0005,6309.06884765625,0.0,1.0,0.0,0.0,129.05477284487156,129.05477284487156,19.054653893262806
3,83.04896002610246,0.0005,5006.15185546875,0.0,1.0,0.0,0.0,83.04896002610246,83.04896002610246,15.119583134444467
4,103.10634398918145,0.0005,4589.494140625,0.0,1.0,0.0,0.0,103.10634398918145,103.10634398918145,13.861193229370791
5,72.21646539211397,0.0005,4576.86865234375,0.0,1.0,0.0,0.0,72.21646539211397,72.21646539211397,13.823061721339771
6,136.68758671954353,0.0005,4505.603515625,0.0,1.0,0.0,0.0,136.68758671954353,136.68758671954353,13.60782670843667
7,67.66731986661881,0.0005,4164.73046875,0.0,1.0,0.0,0.0,67.66731986661881,67.66731986661881,12.57832170752707
