,mz(Da),mz_std(Da),Int,Gauss_r2,N_signals,Confidence_interval(Da),Confidence_interval(ppm),mz_min(Da),mz_max(Da),RelativeIntensity(%)
0,231.12367281226798,0.0005,161686.515625,0.0,1.0,0.0,0.0,231.12367281226798,231.12367281226798,100.0
1,203.1287248567147,0.0005,33099.94921875,0.0,1.0,0.0,0.0,203.1287248567147,203.1287248567147,20.47168194008139
2,232.12777079514757,0.0005,12624.25390625,0.0,1.0,0.0,0.0,232.12777079514757,232.12777079514757,7.807858223334757
3,152.0572459745694,0.0005,10716.96875,0.0,1.0,0.0,0.0,152.0572459745694,152.0572459745694,6.62823903933702
4,249.15845988249663,0.0005,9267.5810546875,0.0,1.0,0.0,0.0,249.15845988249663,249.15845988249663,5.731820627628483
5,189.07688444265946,0.0005,8031.31787109375,0.0,1.0,0.0,0.0,189.07688444265946,189.07688444265946,4.967215627134181
6,70.66251729117859,0.0005,5369.755859375,0.0,1.0,0.0,0.0,70.66251729117859,70.66251729117859,3.3210907159562333
7,85.0962400412713,0.0005,4448.19091796875,0.0,1.0,0.0,0.0,85.0962400412713,85.0962400412713,2.75112052527958
8,91.70314768817391,0.0005,4045.31201171875,0.0,1.0,0.0,0.0,91.70314768817391,91.70314768817391,2.5019476708255954
