,mz(Da),mz_std(Da),Int,Gauss_r2,N_signals,Confidence_interval(Da),Confidence_interval(ppm),mz_min(Da),mz_max(Da),RelativeIntensity(%)
0,249.15327050115582,0.0005,14188.0849609375,0.0,1.0,0.0,0.0,249.15327050115582,249.15327050115582,100.0
1,147.51888804558297,0.0005,5220.9638671875,0.0,1.0,0.0,0.0,147.51888804558297,147.51888804558297,36.798228101691016
2,76.1929900133608,0.0005,4585.98876953125,0.0,1.0,0.0,0.0,76.1929900133608,76.1929900133608,32.322817224152175
3,97.51890161481134,0.0005,4303.94189453125,0.0,1.0,0.0,0.0,97.51890161481134,97.51890161481134,30.3349035925625
4,75.814186551781,0.0005,4170.06982421875,0.0,1.0,0.0,0.0,75.814186551781,75.814186551781,29.391350810907507
5,50.11478535654149,0.0005,4168.29248046875,0.0,1.0,0.0,0.0,50.11478535654149,50.11478535654149,29.378823794365854
6,249.11107131669553,0.0005,3936.859619140625,0.0,1.0,0.0,0.0,249.11107131669553,249.11107131669553,27.747646211448192
