,mz(Da),mz_std(Da),Int,Gauss_r2,N_signals,Confidence_interval(Da),Confidence_interval(ppm),mz_min(Da),mz_max(Da),RelativeIntensity(%)
0,249.15721407570948,0.0005,194629.765625,0.0,1.0,0.0,0.0,249.15721407570948,249.15721407570948,100.0
1,250.16070804755606,0.0005,15417.4072265625,0.0,1.0,0.0,0.0,250.16070804755606,250.16070804755606,7.921402554770456
2,231.12372933118604,0.0005,14576.5107421875,0.0,1.0,0.0,0.0,231.12372933118604,231.12372933118604,7.489353283337234
3,62.16951871187381,0.0005,5144.10009765625,0.0,1.0,0.0,0.0,62.16951871187381,62.16951871187381,2.643018184365267
4,56.34409738806269,0.0005,4959.6201171875,0.0,1.0,0.0,0.0,56.34409738806269,56.34409738806269,2.548233103637074
5,116.94727291860833,0.0005,4673.10986328125,0.0,1.0,0.0,0.0,116.94727291860833,116.94727291860833,2.401025273947611
