,mz(Da),mz_std(Da),Int,Gauss_r2,N_signals,Confidence_interval(Da),Confidence_interval(ppm),mz_min(Da),mz_max(Da),RelativeIntensity(%)
0,130.62950822065483,0.0005,4647.72705078125,0.0,1.0,0.0,0.0,130.62950822065483,130.62950822065483,100.0
1,100.99742848547316,0.0005,4547.37255859375,0.0,1.0,0.0,0.0,100.99742848547316,100.99742848547316,97.84078343906553
2,119.18735282381797,0.0005,4355.4619140625,0.0,1.0,0.0,0.0,119.18735282381797,119.18735282381797,93.71165445979402
3,63.04230343415994,0.0005,4234.20263671875,0.0,1.0,0.0,0.0,63.04230343415994,63.04230343415994,91.10265276888431
4,57.78186593514694,0.0005,4223.1533203125,0.0,1.0,0.0,0.0,57.78186593514694,57.78186593514694,90.8649168544142
5,148.18189938168615,0.0005,4188.12158203125,0.0,1.0,0.0,0.0,148.18189938168615,148.18189938168615,90.11117770625657
6,131.7173375046441,0.0005,4176.7548828125,0.0,1.0,0.0,0.0,131.7173375046441,131.7173375046441,89.86661301701048
7,61.516723404377764,0.0005,4149.25048828125,0.0,1.0,0.0,0.0,61.516723404377764,61.516723404377764,89.27483139492432
