,mz(Da),mz_std(Da),Int,Gauss_r2,N_signals,Confidence_interval(Da),Confidence_interval(ppm),mz_min(Da),mz_max(Da),RelativeIntensity(%)
0,249.1576420286243,0.0005,10798.828125,0.0,1.0,0.0,0.0,249.1576420286243,249.1576420286243,100.0
1,274.4666753059906,0.0005,5780.490234375,0.0,1.0,0.0,0.0,274.4666753059906,274.4666753059906,53.52886597938144
2,248.0976350716643,0.0005,5539.58203125,0.0,1.0,0.0,0.0,248.0976350716643,248.0976350716643,51.29799240368964
3,170.37361746420532,0.0005,5097.19140625,0.0,1.0,0.0,0.0,170.37361746420532,170.37361746420532,47.20133839754024
4,127.80691174859975,0.0005,4944.8232421875,0.0,1.0,0.0,0.0,127.80691174859975,127.80691174859975,45.79036896364623
5,114.24497761888007,0.0005,4731.08837890625,0.0,1.0,0.0,0.0,114.24497761888007,114.24497761888007,43.81112769035992
6,72.35468308839005,0.0005,4628.58056640625,0.0,1.0,0.0,0.0,72.35468308839005,72.35468308839005,42.861878278169655
7,86.68655751939781,0.0005,4420.1572265625,0.0,1.0,0.0,0.0,86.68655751939781,86.68655751939781,40.93182311448725
8,54.52205947479922,0.0005,4152.59423828125,0.0,1.0,0.0,0.0,54.52205947479922,54.52205947479922,38.454119189726896
