,mz(Da),mz_std(Da),Int,Gauss_r2,N_signals,Confidence_interval(Da),Confidence_interval(ppm),mz_min(Da),mz_max(Da),RelativeIntensity(%)
0,111.0441359833295,0.0005,56701.4453125,0.0,1.0,0.0,0.0,111.0441359833295,111.0441359833295,100.0
1,101.05949821637162,0.0005,24454.513671875,0.0,1.0,0.0,0.0,101.05949821637162,101.05949821637162,43.12855437299397
2,129.0549202311497,0.0005,22499.19140625,0.0,1.0,0.0,0.0,129.0549202311497,129.0549202311497,39.68010212482183
3,245.13975852324597,0.0005,12964.5419921875,0.0,1.0,0.0,0.0,245.13975852324597,245.13975852324597,22.864570595574268
4,187.09620223396763,0.0005,7556.0458984375,0.0,1.0,0.0,0.0,187.09620223396763,187.09620223396763,13.326019922056108
5,83.04905803307062,0.0005,6281.693359375,0.0,1.0,0.0,0.0,83.04905803307062,83.04905803307062,11.078541869179096
6,169.08628340399306,0.0005,5692.2265625,0.0,1.0,0.0,0.0,169.08628340399306,169.08628340399306,10.038944388680568
7,69.53841498048804,0.0005,5683.18359375,0.0,1.0,0.0,0.0,69.53841498048804,69.53841498048804,10.022995996712496
8,54.37552351165829,0.0005,4623.0439453125,0.0,1.0,0.0,0.0,54.37552351165829,54.37552351165829,8.153308826315467
