,mz(Da),mz_std(Da),Int,Gauss_r2,N_signals,Confidence_interval(Da),Confidence_interval(ppm),mz_min(Da),mz_max(Da),RelativeIntensity(%)
0,111.04411796175648,0.0005,29445.12109375,0.0,1.0,0.0,0.0,111.04411796175648,111.04411796175648,100.0
1,101.05968889363307,0.0005,13894.8828125,0.0,1.0,0.0,0.0,101.05968889363307,101.05968889363307,47.189083611713585
2,245.1376962759115,0.0005,6345.8486328125,0.0,1.0,0.0,0.0,245.1376962759115,245.1376962759115,21.551443489086093
3,51.88690971930693,0.0005,4896.68017578125,0.0,1.0,0.0,0.0,51.88690971930693,51.88690971930693,16.629852396228102
4,77.60583613195564,0.0005,4103.30615234375,0.0,1.0,0.0,0.0,77.60583613195564,77.60583613195564,13.935436499918877
5,79.19859609072256,0.0005,4082.817626953125,0.0,1.0,0.0,0.0,79.19859609072256,79.19859609072256,13.865854427814666
6,58.24869711186962,0.0005,3996.106201171875,0.0,1.0,0.0,0.0,58.24869711186962,58.24869711186962,13.57136956050789
7,51.53561595244364,0.0005,3940.40673828125,0.0,1.0,0.0,0.0,51.53561595244364,51.53561595244364,13.382205920415243
