,mz(Da),mz_std(Da),Int,Gauss_r2,N_signals,Confidence_interval(Da),Confidence_interval(ppm),mz_min(Da),mz_max(Da),RelativeIntensity(%)
0,111.04381749615982,0.0005,44492.40625,0.0,1.0,0.0,0.0,111.04381749615982,111.04381749615982,100.0
1,101.05989470981218,0.0005,17407.50390625,0.0,1.0,0.0,0.0,101.05989470981218,101.05989470981218,39.12466277602147
2,129.05453331099682,0.0005,7465.58349609375,0.0,1.0,0.0,0.0,129.05453331099682,129.05453331099682,16.779455474143408
3,138.05455278459573,0.0005,6758.94091796875,0.0,1.0,0.0,0.0,138.05455278459573,138.05455278459573,15.191223598900654
4,77.08303056047532,0.0005,4913.5390625,0.0,1.0,0.0,0.0,77.08303056047532,77.08303056047532,11.04354535219142
5,245.13732822633094,0.0005,4761.77587890625,0.0,1.0,0.0,0.0,245.13732822633094,245.13732822633094,10.70244628296823
6,166.26742780293063,0.0005,4642.26123046875,0.0,1.0,0.0,0.0,166.26742780293063,166.26742780293063,10.433828200669074
7,112.0480772841059,0.0005,4486.689453125,0.0,1.0,0.0,0.0,112.0480772841059,112.0480772841059,10.08416903305831
8,54.777396804955515,0.0005,4278.21630859375,0.0,1.0,0.0,0.0,54.777396804955515,54.777396804955515,9.615610098844114
