,mz(Da),mz_std(Da),Int,Gauss_r2,N_signals,Confidence_interval(Da),Confidence_interval(ppm),mz_min(Da),mz_max(Da),RelativeIntensity(%)
0,111.04401372269751,0.0005,35697.96875,0.0,1.0,0.0,0.0,111.04401372269751,111.04401372269751,100.0
1,101.05989467256062,0.0005,11319.6455078125,0.0,1.0,0.0,0.0,101.05989467256062,101.05989467256062,31.709494697264812
2,129.0546029896612,0.0005,10266.1865234375,0.0,1.0,0.0,0.0,129.0546029896612,129.0546029896612,28.758461287625785
3,245.140071536375,0.0005,8011.462890625,0.0,1.0,0.0,0.0,245.140071536375,245.140071536375,22.442349442151382
4,147.06611427953453,0.0005,5824.31640625,0.0,1.0,0.0,0.0,147.06611427953453,147.06611427953453,16.315540099883133
5,187.09651568577436,0.0005,5485.978515625,0.0,1.0,0.0,0.0,187.09651568577436,187.09651568577436,15.367760989552101
6,68.6799175962814,0.0005,5190.95263671875,0.0,1.0,0.0,0.0,68.6799175962814,68.6799175962814,14.541310944250155
7,55.669186933872595,0.0005,4718.48828125,0.0,1.0,0.0,0.0,55.669186933872595,55.669186933872595,13.217806072649442
8,66.2970660547089,0.0005,4432.52783203125,0.0,1.0,0.0,0.0,66.2970660547089,66.2970660547089,12.416750832724201
