,mz(Da),mz_std(Da),Int,Gauss_r2,N_signals,Confidence_interval(Da),Confidence_interval(ppm),mz_min(Da),mz_max(Da),RelativeIntensity(%)
0,111.0438994490438,0.0005,45083.5,0.0,1.0,0.0,0.0,111.0438994490438,111.0438994490438,100.0
1,101.05968587334415,0.0005,18252.640625,0.0,1.0,0.0,0.0,101.05968587334415,101.05968587334415,40.486299034014664
2,245.1375265169472,0.0005,10772.7783203125,0.0,1.0,0.0,0.0,245.1375265169472,245.1375265169472,23.89516856568922
3,129.0547907351899,0.0005,10693.2197265625,0.0,1.0,0.0,0.0,129.0547907351899,129.0547907351899,23.718699139513348
4,83.04931279535401,0.0005,5743.1767578125,0.0,1.0,0.0,0.0,83.04931279535401,83.04931279535401,12.738977137561413
5,99.10606359072074,0.0005,4404.22314453125,0.0,1.0,0.0,0.0,99.10606359072074,99.10606359072074,9.769035555205896
6,65.72567298053949,0.0005,4314.71484375,0.0,1.0,0.0,0.0,65.72567298053949,65.72567298053949,9.57049662016037
