,mz(Da),mz_std(Da),Int,Gauss_r2,N_signals,Confidence_interval(Da),Confidence_interval(ppm),mz_min(Da),mz_max(Da),RelativeIntensity(%)
0,111.04426449122758,0.0005,43275.08203125,0.0,1.0,0.0,0.0,111.04426449122758,111.04426449122758,100.0
1,101.0598452107727,0.0005,18019.15234375,0.0,1.0,0.0,0.0,101.0598452107727,101.0598452107727,41.638632436878865
2,129.05488471122771,0.0005,12302.484375,0.0,1.0,0.0,0.0,129.05488471122771,129.05488471122771,28.42856396231918
3,245.13810195243042,0.0005,6653.58251953125,0.0,1.0,0.0,0.0,245.13810195243042,245.13810195243042,15.375089329065938
4,187.09704826723538,0.0005,6206.69287109375,0.0,1.0,0.0,0.0,187.09704826723538,187.09704826723538,14.342417344493407
5,60.768937924265856,0.0005,5014.12109375,0.0,1.0,0.0,0.0,60.768937924265856,60.768937924265856,11.586624122697629
6,64.11532831805914,0.0005,4554.4697265625,0.0,1.0,0.0,0.0,64.11532831805914,64.11532831805914,10.524462376001056
