,mz(Da),mz_std(Da),Int,Gauss_r2,N_signals,Confidence_interval(Da),Confidence_interval(ppm),mz_min(Da),mz_max(Da),RelativeIntensity(%)
0,111.04396636733057,0.0005,51259.79296875,0.0,1.0,0.0,0.0,111.04396636733057,111.04396636733057,100.0
1,101.05976114917627,0.0005,18196.380859375,0.0,1.0,0.0,0.0,101.05976114917627,101.05976114917627,35.498350277123116
2,129.05495586445625,0.0005,7557.3974609375,0.0,1.0,0.0,0.0,129.05495586445625,129.05495586445625,14.743324198645883
3,245.13820504580303,0.0005,6586.755859375,0.0,1.0,0.0,0.0,245.13820504580303,245.13820504580303,12.849751194645961
4,187.09604241603495,0.0005,6443.33740234375,0.0,1.0,0.0,0.0,187.09604241603495,187.09604241603495,12.569963765307957
5,169.0861943634954,0.0005,5254.46337890625,0.0,1.0,0.0,0.0,169.0861943634954,169.0861943634954,10.250652752557114
6,130.13608985315602,0.0005,4337.9580078125,0.0,1.0,0.0,0.0,130.13608985315602,130.13608985315602,8.462691237276536
