,mz(Da),mz_std(Da),Int,Gauss_r2,N_signals,Confidence_interval(Da),Confidence_interval(ppm),mz_min(Da),mz_max(Da),RelativeIntensity(%)
0,111.04390741162246,0.0005,32827.43359375,0.0,1.0,0.0,0.0,111.04390741162246,111.04390741162246,100.0
1,101.05976188653322,0.0005,13401.8173828125,0.0,1.0,0.0,0.0,101.05976188653322,101.05976188653322,40.82505366902659
2,50.584913775022606,0.0005,5217.8486328125,0.0,1.0,0.0,0.0,50.584913775022606,50.584913775022606,15.894780863423705
3,200.8982265614268,0.0005,5070.92626953125,0.0,1.0,0.0,0.0,200.8982265614268,200.8982265614268,15.44722116351094
4,84.00465276978825,0.0005,5045.45556640625,0.0,1.0,0.0,0.0,84.00465276978825,84.00465276978825,15.3696314760556
5,129.05514879262893,0.0005,4794.1015625,0.0,1.0,0.0,0.0,129.05514879262893,129.05514879262893,14.60394870287011
6,73.25556216821727,0.0005,4335.66650390625,0.0,1.0,0.0,0.0,73.25556216821727,73.25556216821727,13.207448859881984
7,108.27568865322988,0.0005,4289.5703125,0.0,1.0,0.0,0.0,108.27568865322988,108.27568865322988,13.067029136620324
8,118.6018416083647,0.0005,4257.5048828125,0.0,1.0,0.0,0.0,118.6018416083647,118.6018416083647,12.969350377798294
