,mz(Da),mz_std(Da),Int,Gauss_r2,N_signals,Confidence_interval(Da),Confidence_interval(ppm),mz_min(Da),mz_max(Da),RelativeIntensity(%)
0,70.73188373240512,0.0005,5285.6826171875,0.0,1.0,0.0,0.0,70.73188373240512,70.73188373240512,100.0
1,224.1450885481438,0.0005,4276.689453125,0.0,1.0,0.0,0.0,224.1450885481438,224.1450885481438,80.91082576956951
