,mz(Da),mz_std(Da),Int,Gauss_r2,N_signals,Confidence_interval(Da),Confidence_interval(ppm),mz_min(Da),mz_max(Da),RelativeIntensity(%)
0,67.42079475872951,0.0005,4705.50634765625,0.0,1.0,0.0,0.0,67.42079475872951,67.42079475872951,100.0
1,133.54235591248897,0.0005,4694.56591796875,0.0,1.0,0.0,0.0,133.54235591248897,133.54235591248897,99.76749729191313
2,78.92670490340477,0.0005,4644.26708984375,0.0,1.0,0.0,0.0,78.92670490340477,78.92670490340477,98.69856178510943
3,180.52294618200239,0.0005,4475.8623046875,0.0,1.0,0.0,0.0,180.52294618200239,180.52294618200239,95.11967414339728
4,62.33586130199478,0.0005,4166.654296875,0.0,1.0,0.0,0.0,62.33586130199478,62.33586130199478,88.54847893150448
