,mz(Da),mz_std(Da),Int,Gauss_r2,N_signals,Confidence_interval(Da),Confidence_interval(ppm),mz_min(Da),mz_max(Da),RelativeIntensity(%)
0,116.20477218851622,0.0005,4597.97900390625,0.0,1.0,0.0,0.0,116.20477218851622,116.20477218851622,100.0
1,159.50009583156677,0.0005,4522.0322265625,0.0,1.0,0.0,0.0,159.50009583156677,159.50009583156677,98.34825741311064
