,mz(Da),mz_std(Da),Int,Gauss_r2,N_signals,Confidence_interval(Da),Confidence_interval(ppm),mz_min(Da),mz_max(Da),RelativeIntensity(%)
0,78.58659642010684,0.0005,5009.4638671875,0.0,1.0,0.0,0.0,78.58659642010684,78.58659642010684,100.0
1,238.30177074227734,0.0005,4903.068359375,0.0,1.0,0.0,0.0,238.30177074227734,238.30177074227734,97.87610988654093
2,218.9350332204487,0.0005,4820.2392578125,0.0,1.0,0.0,0.0,218.9350332204487,218.9350332204487,96.22265746611248
3,211.48609687735456,0.0005,4608.357421875,0.0,1.0,0.0,0.0,211.48609687735456,211.48609687735456,91.9930264805424
4,80.64294321733371,0.0005,4516.48486328125,0.0,1.0,0.0,0.0,80.64294321733371,80.64294321733371,90.15904661703794
5,135.17615982665137,0.0005,4374.2392578125,0.0,1.0,0.0,0.0,135.17615982665137,135.17615982665137,87.31950910883326
6,113.74764118983259,0.0005,4370.75439453125,0.0,1.0,0.0,0.0,113.74764118983259,113.74764118983259,87.24994351511621
7,166.93392245275845,0.0005,4236.0205078125,0.0,1.0,0.0,0.0,166.93392245275845,166.93392245275845,84.56035655948867
