,mz(Da),mz_std(Da),Int,Gauss_r2,N_signals,Confidence_interval(Da),Confidence_interval(ppm),mz_min(Da),mz_max(Da),RelativeIntensity(%)
0,67.16213984897522,0.0005,4863.77978515625,0.0,1.0,0.0,0.0,67.16213984897522,67.16213984897522,100.0
1,77.70445679048753,0.0005,4780.9208984375,0.0,1.0,0.0,0.0,77.70445679048753,77.70445679048753,98.29640957488193
2,106.78787437333467,0.0005,4727.107421875,0.0,1.0,0.0,0.0,106.78787437333467,106.78787437333467,97.18999688887314
3,83.36230688020008,0.0005,4512.88671875,0.0,1.0,0.0,0.0,83.36230688020008,83.36230688020008,92.78558894715712
4,104.85073596549547,0.0005,4464.78466796875,0.0,1.0,0.0,0.0,104.85073596549547,104.85073596549547,91.79660398266402
5,80.35954087449169,0.0005,4444.50732421875,0.0,1.0,0.0,0.0,80.35954087449169,80.35954087449169,91.37969892845321
6,113.09229505764245,0.0005,4409.2158203125,0.0,1.0,0.0,0.0,113.09229505764245,113.09229505764245,90.65410061880202
7,90.87866119135889,0.0005,4374.6708984375,0.0,1.0,0.0,0.0,90.87866119135889,90.87866119135889,89.94385214126143
8,147.31265602718582,0.0005,4266.39794921875,0.0,1.0,0.0,0.0,147.31265602718582,147.31265602718582,87.7177449982286
