,mz(Da),mz_std(Da),Int,Gauss_r2,N_signals,Confidence_interval(Da),Confidence_interval(ppm),mz_min(Da),mz_max(Da),RelativeIntensity(%)
0,200.8721039841677,0.0005,4811.84130859375,0.0,1.0,0.0,0.0,200.8721039841677,200.8721039841677,100.0
1,73.68433370153855,0.0005,4506.87353515625,0.0,1.0,0.0,0.0,73.68433370153855,73.68433370153855,93.66213983630674
2,153.60698435690614,0.0005,4385.59619140625,0.0,1.0,0.0,0.0,153.60698435690614,153.60698435690614,91.14174616635333
3,114.13593635632569,0.0005,4287.30517578125,0.0,1.0,0.0,0.0,114.13593635632569,114.13593635632569,89.09905586712304
