,mz(Da),mz_std(Da),Int,Gauss_r2,N_signals,Confidence_interval(Da),Confidence_interval(ppm),mz_min(Da),mz_max(Da),RelativeIntensity(%)
0,62.486288533329905,0.0005,5276.13671875,0.0,1.0,0.0,0.0,62.486288533329905,62.486288533329905,100.0
1,147.72946244845315,0.0005,4832.5771484375,0.0,1.0,0.0,0.0,147.72946244845315,147.72946244845315,91.59309938394496
2,135.30655283671922,0.0005,4398.4853515625,0.0,1.0,0.0,0.0,135.30655283671922,135.30655283671922,83.36564395557534
3,57.16954126974477,0.0005,4290.06494140625,0.0,1.0,0.0,0.0,57.16954126974477,57.16954126974477,81.31072354816905
4,228.14283449962392,0.0005,4160.0185546875,0.0,1.0,0.0,0.0,228.14283449962392,228.14283449962392,78.84592034743699
