,mz(Da),mz_std(Da),Int,Gauss_r2,N_signals,Confidence_interval(Da),Confidence_interval(ppm),mz_min(Da),mz_max(Da),RelativeIntensity(%)
0,73.52937301407343,0.0005,4114.64501953125,0.0,1.0,0.0,0.0,73.52937301407343,73.52937301407343,100.0
1,51.894920352853205,0.0005,3929.531494140625,0.0,1.0,0.0,0.0,51.894920352853205,51.894920352853205,95.50110581807337
2,58.43913933081274,0.0005,3904.895263671875,0.0,1.0,0.0,0.0,58.43913933081274,58.43913933081274,94.90236083881496
