,mz(Da),mz_std(Da),Int,Gauss_r2,N_signals,Confidence_interval(Da),Confidence_interval(ppm),mz_min(Da),mz_max(Da),RelativeIntensity(%)
0,155.8887555083701,0.0005,6235.4716796875,0.0,1.0,0.0,0.0,155.8887555083701,155.8887555083701,100.0
1,62.66583598874648,0.0005,5724.873046875,0.0,1.0,0.0,0.0,62.66583598874648,62.66583598874648,91.81138718862582
2,71.84557232698737,0.0005,5000.64697265625,0.0,1.0,0.0,0.0,71.84557232698737,71.84557232698737,80.19677146391699
3,61.396839258509395,0.0005,4738.3955078125,0.0,1.0,0.0,0.0,61.396839258509395,61.396839258509395,75.99097151299983
4,62.4520103789214,0.0005,4625.02001953125,0.0,1.0,0.0,0.0,62.4520103789214,62.4520103789214,74.17273715792162
5,87.43389409898573,0.0005,4419.9375,0.0,1.0,0.0,0.0,87.43389409898573,87.43389409898573,70.8837715420674
6,89.52604402514348,0.0005,4066.063720703125,0.0,1.0,0.0,0.0,89.52604402514348,89.52604402514348,65.20859895729495
7,95.50130283437556,0.0005,3686.316650390625,0.0,1.0,0.0,0.0,95.50130283437556,95.50130283437556,59.1184891818059
