,mz(Da),mz_std(Da),Int,Gauss_r2,N_signals,Confidence_interval(Da),Confidence_interval(ppm),mz_min(Da),mz_max(Da),RelativeIntensity(%)
0,252.21767424325202,0.0005,4936.01416015625,0.0,1.0,0.0,0.0,252.21767424325202,252.21767424325202,100.0
1,122.53063681930169,0.0005,4600.41552734375,0.0,1.0,0.0,0.0,122.53063681930169,122.53063681930169,93.20101965019735
2,70.55353662481414,0.0005,4491.00439453125,0.0,1.0,0.0,0.0,70.55353662481414,70.55353662481414,90.98443093585223
3,134.09945955616206,0.0005,4389.43798828125,0.0,1.0,0.0,0.0,134.09945955616206,134.09945955616206,88.92677058572907
