,mz(Da),mz_std(Da),Int,Gauss_r2,N_signals,Confidence_interval(Da),Confidence_interval(ppm),mz_min(Da),mz_max(Da),RelativeIntensity(%)
0,55.181153281821274,0.0005,4621.13720703125,0.0,1.0,0.0,0.0,55.181153281821274,55.181153281821274,100.0
1,145.63509300659555,0.0005,4414.7412109375,0.0,1.0,0.0,0.0,145.63509300659555,145.63509300659555,95.53365358250541
2,66.7516137305618,0.0005,4363.71044921875,0.0,1.0,0.0,0.0,66.7516137305618,66.7516137305618,94.42936346012807
3,267.59596942682504,0.0005,4238.87158203125,0.0,1.0,0.0,0.0,267.59596942682504,267.59596942682504,91.72788844230016
4,52.81328238174488,0.0005,4234.0859375,0.0,1.0,0.0,0.0,52.81328238174488,52.81328238174488,91.62432855396858
5,150.7466175398629,0.0005,4232.26318359375,0.0,1.0,0.0,0.0,150.7466175398629,150.7466175398629,91.5848847152642
6,77.96556938200138,0.0005,4138.03466796875,0.0,1.0,0.0,0.0,77.96556938200138,77.96556938200138,89.5458083709906
7,65.75569094610572,0.0005,4035.09130859375,0.0,1.0,0.0,0.0,65.75569094610572,65.75569094610572,87.31814546545368
