,mz(Da),mz_std(Da),Int,Gauss_r2,N_signals,Confidence_interval(Da),Confidence_interval(ppm),mz_min(Da),mz_max(Da),RelativeIntensity(%)
0,113.55282784418884,0.0005,5223.12255859375,0.0,1.0,0.0,0.0,113.55282784418884,113.55282784418884,100.0
1,159.5700717100217,0.0005,4763.66650390625,0.0,1.0,0.0,0.0,159.5700717100217,159.5700717100217,91.20342190838421
2,123.53277181170918,0.0005,4519.87353515625,0.0,1.0,0.0,0.0,123.53277181170918,123.53277181170918,86.53585062291091
3,50.45207995298292,0.0005,4086.922607421875,0.0,1.0,0.0,0.0,50.45207995298292,50.45207995298292,78.24673002737696
4,112.45506398764623,0.0005,3946.53076171875,0.0,1.0,0.0,0.0,112.45506398764623,112.45506398764623,75.55883894061441
5,66.97740515076838,0.0005,3775.594482421875,0.0,1.0,0.0,0.0,66.97740515076838,66.97740515076838,72.28615526568075
