,mz(Da),mz_std(Da),Int,Gauss_r2,N_signals,Confidence_interval(Da),Confidence_interval(ppm),mz_min(Da),mz_max(Da),RelativeIntensity(%)
0,114.98610947706241,0.0005,4918.33837890625,0.0,1.0,0.0,0.0,114.98610947706241,114.98610947706241,100.0
1,100.2843101950858,0.0005,4698.41650390625,0.0,1.0,0.0,0.0,100.2843101950858,100.2843101950858,95.52853305207303
2,110.02079149813622,0.0005,4473.03076171875,0.0,1.0,0.0,0.0,110.02079149813622,110.02079149813622,90.94597437424531
3,148.52201150375214,0.0005,4253.22900390625,0.0,1.0,0.0,0.0,148.52201150375214,148.52201150375214,86.47694965737782
4,50.72686005175389,0.0005,4229.216796875,0.0,1.0,0.0,0.0,50.72686005175389,50.72686005175389,85.988731784158
5,61.844136404812346,0.0005,3996.7060546875,0.0,1.0,0.0,0.0,61.844136404812346,61.844136404812346,81.26130710787524
