,mz(Da),mz_std(Da),Int,Gauss_r2,N_signals,Confidence_interval(Da),Confidence_interval(ppm),mz_min(Da),mz_max(Da),RelativeIntensity(%)
0,63.743607032742915,0.0005,4702.8662109375,0.0,1.0,0.0,0.0,63.743607032742915,63.743607032742915,100.0
1,53.65130640192256,0.0005,3990.80859375,0.0,1.0,0.0,0.0,53.65130640192256,53.65130640192256,84.8590713567088
