,mz(Da),mz_std(Da),Int,Gauss_r2,N_signals,Confidence_interval(Da),Confidence_interval(ppm),mz_min(Da),mz_max(Da),RelativeIntensity(%)
0,110.62789078107761,0.0005,4858.91796875,0.0,1.0,0.0,0.0,110.62789078107761,110.62789078107761,100.0
1,233.5495778255362,0.0005,4568.17333984375,0.0,1.0,0.0,0.0,233.5495778255362,233.5495778255362,94.01626800912948
2,161.4134877858449,0.0005,4418.37060546875,0.0,1.0,0.0,0.0,161.4134877858449,161.4134877858449,90.93322080935265
3,73.84071619824633,0.0005,3983.837646484375,0.0,1.0,0.0,0.0,73.84071619824633,73.84071619824633,81.99022235210225
