,mz(Da),mz_std(Da),Int,Gauss_r2,N_signals,Confidence_interval(Da),Confidence_interval(ppm),mz_min(Da),mz_max(Da),RelativeIntensity(%)
0,50.10174128575592,0.0005,4831.8994140625,0.0,1.0,0.0,0.0,50.10174128575592,50.10174128575592,100.0
1,57.211856648332514,0.0005,4671.318359375,0.0,1.0,0.0,0.0,57.211856648332514,57.211856648332514,96.6766474024655
2,85.22701595605994,0.0005,4621.765625,0.0,1.0,0.0,0.0,85.22701595605994,85.22701595605994,95.65111416742373
3,52.17479461438742,0.0005,4337.95703125,0.0,1.0,0.0,0.0,52.17479461438742,52.17479461438742,89.77746967631494
4,91.05698728006227,0.0005,4088.546630859375,0.0,1.0,0.0,0.0,91.05698728006227,91.05698728006227,84.61572314523536
5,58.21776128161078,0.0005,4053.64111328125,0.0,1.0,0.0,0.0,58.21776128161078,58.21776128161078,83.89332570714843
