,mz(Da),mz_std(Da),Int,Gauss_r2,N_signals,Confidence_interval(Da),Confidence_interval(ppm),mz_min(Da),mz_max(Da),RelativeIntensity(%)
0,94.64758050484348,0.0005,4893.2392578125,0.0,1.0,0.0,0.0,94.64758050484348,94.64758050484348,100.0
1,104.51246905565652,0.0005,4431.83642578125,0.0,1.0,0.0,0.0,104.51246905565652,104.51246905565652,90.57060552895348
2,250.19974190684118,0.0005,4409.0810546875,0.0,1.0,0.0,0.0,250.19974190684118,250.19974190684118,90.10556856887801
3,244.66367672986874,0.0005,4282.6044921875,0.0,1.0,0.0,0.0,244.66367672986874,244.66367672986874,87.52084798122091
4,53.40774913368193,0.0005,4003.5458984375,0.0,1.0,0.0,0.0,53.40774913368193,53.40774913368193,81.81790604343485
