,mz(Da),mz_std(Da),Int,Gauss_r2,N_signals,Confidence_interval(Da),Confidence_interval(ppm),mz_min(Da),mz_max(Da),RelativeIntensity(%)
0,91.11256412295468,0.0005,4358.93408203125,0.0,1.0,0.0,0.0,91.11256412295468,91.11256412295468,100.0
1,119.60187895660772,0.0005,4271.74072265625,0.0,1.0,0.0,0.0,119.60187895660772,119.60187895660772,97.99966327239416
2,104.20776104290641,0.0005,4031.653076171875,0.0,1.0,0.0,0.0,104.20776104290641,104.20776104290641,92.49171931256039
