,mz(Da),mz_std(Da),Int,Gauss_r2,N_signals,Confidence_interval(Da),Confidence_interval(ppm),mz_min(Da),mz_max(Da),RelativeIntensity(%)
0,106.18914383253987,0.0005,5003.21044921875,0.0,1.0,0.0,0.0,106.18914383253987,106.18914383253987,100.0
1,55.44338433458533,0.0005,4549.43994140625,0.0,1.0,0.0,0.0,55.44338433458533,55.44338433458533,90.93041333323573
2,133.37127233403285,0.0005,4501.89892578125,0.0,1.0,0.0,0.0,133.37127233403285,133.37127233403285,89.98020314104957
3,81.7234966663055,0.0005,4462.06884765625,0.0,1.0,0.0,0.0,81.7234966663055,81.7234966663055,89.18411274011072
4,168.7588738374656,0.0005,4417.75,0.0,1.0,0.0,0.0,168.7588738374656,168.7588738374656,88.29830455542462
5,143.3515615308596,0.0005,4312.056640625,0.0,1.0,0.0,0.0,143.3515615308596,143.3515615308596,86.18579378963214
6,223.7621889572521,0.0005,4154.88916015625,0.0,1.0,0.0,0.0,223.7621889572521,223.7621889572521,83.04446119801007
