,mz(Da),mz_std(Da),Int,Gauss_r2,N_signals,Confidence_interval(Da),Confidence_interval(ppm),mz_min(Da),mz_max(Da),RelativeIntensity(%)
0,210.07640698006992,0.0005,5543.841796875,0.0,1.0,0.0,0.0,210.07640698006992,210.07640698006992,100.0
1,88.0245814299373,0.0005,4610.8330078125,0.0,1.0,0.0,0.0,88.0245814299373,88.0245814299373,83.17035688881984
2,108.63048113751395,0.0005,4521.99365234375,0.0,1.0,0.0,0.0,108.63048113751395,108.63048113751395,81.56786968366858
3,149.25484643530308,0.0005,4505.49365234375,0.0,1.0,0.0,0.0,149.25484643530308,149.25484643530308,81.27024214297465
4,100.34849847382577,0.0005,4366.6279296875,0.0,1.0,0.0,0.0,100.34849847382577,100.34849847382577,78.76537768716486
