,mz(Da),mz_std(Da),Int,Gauss_r2,N_signals,Confidence_interval(Da),Confidence_interval(ppm),mz_min(Da),mz_max(Da),RelativeIntensity(%)
0,130.92963161066154,0.0005,5336.85595703125,0.0,1.0,0.0,0.0,130.92963161066154,130.92963161066154,100.0
1,105.26927713891962,0.0005,4948.9951171875,0.0,1.0,0.0,0.0,105.26927713891962,105.26927713891962,92.73240943794356
2,108.39947710907785,0.0005,4725.5234375,0.0,1.0,0.0,0.0,108.39947710907785,108.39947710907785,88.54508114040766
3,50.856473737505695,0.0005,4615.09912109375,0.0,1.0,0.0,0.0,50.856473737505695,50.856473737505695,86.47599182461364
4,68.46145093760143,0.0005,4335.642578125,0.0,1.0,0.0,0.0,68.46145093760143,68.46145093760143,81.2396402120023
5,52.092098235621,0.0005,4296.31884765625,0.0,1.0,0.0,0.0,52.092098235621,52.092098235621,80.50280693815422
6,124.48129240773274,0.0005,4261.64892578125,0.0,1.0,0.0,0.0,124.48129240773274,124.48129240773274,79.85317497967269
