,mz(Da),mz_std(Da),Int,Gauss_r2,N_signals,Confidence_interval(Da),Confidence_interval(ppm),mz_min(Da),mz_max(Da),RelativeIntensity(%)
0,198.7249770955474,0.0005,5348.8603515625,0.0,1.0,0.0,0.0,198.7249770955474,198.7249770955474,100.0
1,211.09449323312137,0.0005,4761.2109375,0.0,1.0,0.0,0.0,211.09449323312137,211.09449323312137,89.01355848838273
2,72.03805906764006,0.0005,4584.919921875,0.0,1.0,0.0,0.0,72.03805906764006,72.03805906764006,85.7176972387335
3,269.854946573332,0.0005,4394.0830078125,0.0,1.0,0.0,0.0,269.854946573332,269.854946573332,82.14989210793114
4,51.45654014639007,0.0005,4351.05419921875,0.0,1.0,0.0,0.0,51.45654014639007,51.45654014639007,81.34544394952708
5,97.78507038205296,0.0005,4323.21240234375,0.0,1.0,0.0,0.0,97.78507038205296,97.78507038205296,80.82492565132796
6,50.4464493485238,0.0005,4296.9541015625,0.0,1.0,0.0,0.0,50.4464493485238,50.4464493485238,80.33401171723021
