,mz(Da),mz_std(Da),Int,Gauss_r2,N_signals,Confidence_interval(Da),Confidence_interval(ppm),mz_min(Da),mz_max(Da),RelativeIntensity(%)
0,93.03678754903223,0.0005,1151.958740234375,0.0,1.0,0.0,0.0,93.03678754903223,93.03678754903223,100.0
1,56.64928928744932,0.0005,929.7125854492188,0.0,1.0,0.0,0.0,56.64928928744932,56.64928928744932,80.70710807403236
2,55.37389229083505,0.0005,923.8052368164062,0.0,1.0,0.0,0.0,55.37389229083505,55.37389229083505,80.19429902745048
3,175.6290373561452,0.0005,891.909912109375,0.0,1.0,0.0,0.0,175.6290373561452,175.6290373561452,77.42550848026978
4,89.73583865769487,0.0005,881.5111694335938,0.0,1.0,0.0,0.0,89.73583865769487,89.73583865769487,76.52280751429026
5,82.83282568932323,0.0005,849.8911743164062,0.0,1.0,0.0,0.0,82.83282568932323,82.83282568932323,73.77791796114931
6,74.36328221034306,0.0005,816.588623046875,0.0,1.0,0.0,0.0,74.36328221034306,74.36328221034306,70.88696795518334
7,53.733523264032414,0.0005,803.7548217773438,0.0,1.0,0.0,0.0,53.733523264032414,53.733523264032414,69.77288280427591
