,mz(Da),mz_std(Da),Int,Gauss_r2,N_signals,Confidence_interval(Da),Confidence_interval(ppm),mz_min(Da),mz_max(Da),RelativeIntensity(%)
0,218.69046174369862,0.0005,5036.9501953125,0.0,1.0,0.0,0.0,218.69046174369862,218.69046174369862,100.0
1,79.01544918030808,0.0005,4891.0068359375,0.0,1.0,0.0,0.0,79.01544918030808,79.01544918030808,97.10254511726524
2,203.9384249693744,0.0005,4866.26513671875,0.0,1.0,0.0,0.0,203.9384249693744,203.9384249693744,96.61134114940042
3,53.39217110002679,0.0005,4455.591796875,0.0,1.0,0.0,0.0,53.39217110002679,53.39217110002679,88.45812692413506
4,176.30520020063028,0.0005,4441.8583984375,0.0,1.0,0.0,0.0,176.30520020063028,176.30520020063028,88.18547387209018
5,90.76153741125246,0.0005,4390.595703125,0.0,1.0,0.0,0.0,90.76153741125246,90.76153741125246,87.16774105114217
6,71.93123967949634,0.0005,4119.8291015625,0.0,1.0,0.0,0.0,71.93123967949634,71.93123967949634,81.79213495889847
