,mz(Da),mz_std(Da),Int,Gauss_r2,N_signals,Confidence_interval(Da),Confidence_interval(ppm),mz_min(Da),mz_max(Da),RelativeIntensity(%)
0,60.51919791123945,0.0005,5412.80908203125,0.0,1.0,0.0,0.0,60.51919791123945,60.51919791123945,100.0
1,102.33544200844597,0.0005,4639.771484375,0.0,1.0,0.0,0.0,102.33544200844597,102.33544200844597,85.71836571471768
2,249.1111004546826,0.0005,4542.30810546875,0.0,1.0,0.0,0.0,249.1111004546826,249.1111004546826,83.91775945964403
3,52.12338089926391,0.0005,4466.3955078125,0.0,1.0,0.0,0.0,52.12338089926391,52.12338089926391,82.51529732758296
4,88.43465540972085,0.0005,4406.806640625,0.0,1.0,0.0,0.0,88.43465540972085,88.43465540972085,81.41441114659212
5,179.39236013727123,0.0005,4283.53369140625,0.0,1.0,0.0,0.0,179.39236013727123,179.39236013727123,79.13698093705496
6,249.02600661334526,0.0005,4273.599609375,0.0,1.0,0.0,0.0,249.02600661334526,249.02600661334526,78.95345179570342
7,108.13488400909199,0.0005,4269.1474609375,0.0,1.0,0.0,0.0,108.13488400909199,108.13488400909199,78.87119970866272
8,186.94525108282681,0.0005,4156.6337890625,0.0,1.0,0.0,0.0,186.94525108282681,186.94525108282681,76.79254387266606
