,mz(Da),mz_std(Da),Int,Gauss_r2,N_signals,Confidence_interval(Da),Confidence_interval(ppm),mz_min(Da),mz_max(Da),RelativeIntensity(%)
0,249.1095410507458,0.0005,7100.3828125,0.0,1.0,0.0,0.0,249.1095410507458,249.1095410507458,100.0
1,156.69064859726882,0.0005,4805.16162109375,0.0,1.0,0.0,0.0,156.69064859726882,156.69064859726882,67.67468385837472
2,90.76028627560906,0.0005,4772.7548828125,0.0,1.0,0.0,0.0,90.76028627560906,90.76028627560906,67.21827553311937
3,218.9228502964428,0.0005,4763.68505859375,0.0,1.0,0.0,0.0,218.9228502964428,218.9228502964428,67.09053841727284
4,100.56594545789946,0.0005,4753.50830078125,0.0,1.0,0.0,0.0,100.56594545789946,100.56594545789946,66.94721152798759
5,77.12278117075422,0.0005,4444.68701171875,0.0,1.0,0.0,0.0,77.12278117075422,77.12278117075422,62.597850412994894
6,155.4332950000536,0.0005,4091.201171875,0.0,1.0,0.0,0.0,155.4332950000536,155.4332950000536,57.61944503432363
7,68.40164793447055,0.0005,4029.475341796875,0.0,1.0,0.0,0.0,68.40164793447055,68.40164793447055,56.75011401784015
