,mz(Da),mz_std(Da),Int,Gauss_r2,N_signals,Confidence_interval(Da),Confidence_interval(ppm),mz_min(Da),mz_max(Da),RelativeIntensity(%)
0,62.61998590592738,0.0005,5440.98779296875,0.0,1.0,0.0,0.0,62.61998590592738,62.61998590592738,100.0
1,129.93673150276425,0.0005,4537.76953125,0.0,1.0,0.0,0.0,129.93673150276425,129.93673150276425,83.39973739904441
2,206.88087091692057,0.0005,4491.4404296875,0.0,1.0,0.0,0.0,206.88087091692057,206.88087091692057,82.54825411466047
