,mz(Da),mz_std(Da),Int,Gauss_r2,N_signals,Confidence_interval(Da),Confidence_interval(ppm),mz_min(Da),mz_max(Da),RelativeIntensity(%)
0,60.0862247986059,0.0005,4562.93017578125,0.0,1.0,0.0,0.0,60.0862247986059,60.0862247986059,100.0
1,124.35833769798853,0.0005,4008.717529296875,0.0,1.0,0.0,0.0,124.35833769798853,124.35833769798853,87.85401868680832
