,mz(Da),mz_std(Da),Int,Gauss_r2,N_signals,Confidence_interval(Da),Confidence_interval(ppm),mz_min(Da),mz_max(Da),RelativeIntensity(%)
0,164.10693979935252,0.0005,18810.36328125,0.0,1.0,0.0,0.0,164.10693979935252,164.10693979935252,100.0
1,249.10872859939667,0.0005,6263.4765625,0.0,1.0,0.0,0.0,249.10872859939667,249.10872859939667,33.298009553825985
2,70.65847905678058,0.0005,4718.16748046875,0.0,1.0,0.0,0.0,70.65847905678058,70.65847905678058,25.082808927841267
3,86.49220445033981,0.0005,4633.1064453125,0.0,1.0,0.0,0.0,86.49220445033981,86.49220445033981,24.63060588484614
4,53.42100443130988,0.0005,4599.296875,0.0,1.0,0.0,0.0,53.42100443130988,53.42100443130988,24.450866823951973
5,59.577814839807104,0.0005,4318.2138671875,0.0,1.0,0.0,0.0,59.577814839807104,59.577814839807104,22.95656815672378
6,70.42803855067321,0.0005,4233.01123046875,0.0,1.0,0.0,0.0,70.42803855067321,70.42803855067321,22.503612328892007
