,mz(Da),mz_std(Da),Int,Gauss_r2,N_signals,Confidence_interval(Da),Confidence_interval(ppm),mz_min(Da),mz_max(Da),RelativeIntensity(%)
0,207.2957160504796,0.0005,5133.13134765625,0.0,1.0,0.0,0.0,207.2957160504796,207.2957160504796,100.0
1,169.54784523160794,0.0005,5042.064453125,0.0,1.0,0.0,0.0,169.54784523160794,169.54784523160794,98.22589978000795
2,90.83085440143887,0.0005,4599.125,0.0,1.0,0.0,0.0,90.83085440143887,90.83085440143887,89.59686960085148
3,51.482670778094366,0.0005,4397.68310546875,0.0,1.0,0.0,0.0,51.482670778094366,51.482670778094366,85.6725224355831
4,53.08583508433582,0.0005,4396.107421875,0.0,1.0,0.0,0.0,53.08583508433582,53.08583508433582,85.64182609280455
5,77.82952444433135,0.0005,4358.20166015625,0.0,1.0,0.0,0.0,77.82952444433135,77.82952444433135,84.90337310667441
6,74.2638143951766,0.0005,4269.1767578125,0.0,1.0,0.0,0.0,74.2638143951766,74.2638143951766,83.16905352055281
