,mz(Da),mz_std(Da),Int,Gauss_r2,N_signals,Confidence_interval(Da),Confidence_interval(ppm),mz_min(Da),mz_max(Da),RelativeIntensity(%)
0,177.36999912178277,0.0005,4751.978515625,0.0,1.0,0.0,0.0,177.36999912178277,177.36999912178277,100.0
1,143.83044187691794,0.0005,4545.923828125,0.0,1.0,0.0,0.0,143.83044187691794,143.83044187691794,95.66381272931957
2,122.6805230806777,0.0005,4475.87646484375,0.0,1.0,0.0,0.0,122.6805230806777,122.6805230806777,94.18974538976981
3,114.23585859006197,0.0005,4156.02734375,0.0,1.0,0.0,0.0,114.23585859006197,114.23585859006197,87.45888328586818
