,mz(Da),mz_std(Da),Int,Gauss_r2,N_signals,Confidence_interval(Da),Confidence_interval(ppm),mz_min(Da),mz_max(Da),RelativeIntensity(%)
0,111.04423539164341,0.0005,21446.525390625,0.0,1.0,0.0,0.0,111.04423539164341,111.04423539164341,100.0
1,101.0594237847672,0.0005,7075.62060546875,0.0,1.0,0.0,0.0,101.0594237847672,101.0594237847672,32.99192049338557
2,245.13951778708667,0.0005,5754.23486328125,0.0,1.0,0.0,0.0,245.13951778708667,245.13951778708667,26.830615955144978
3,129.36943181535307,0.0005,4554.31494140625,0.0,1.0,0.0,0.0,129.36943181535307,129.36943181535307,21.23567738108801
4,118.02247369768767,0.0005,4380.9931640625,0.0,1.0,0.0,0.0,118.02247369768767,118.02247369768767,20.427519536463375
5,63.10557827998359,0.0005,4275.45361328125,0.0,1.0,0.0,0.0,63.10557827998359,63.10557827998359,19.935413944256887
6,52.47359438424693,0.0005,4026.5439453125,0.0,1.0,0.0,0.0,52.47359438424693,52.47359438424693,18.774807909315875
