,mz(Da),mz_std(Da),Int,Gauss_r2,N_signals,Confidence_interval(Da),Confidence_interval(ppm),mz_min(Da),mz_max(Da),RelativeIntensity(%)
0,111.0442310412067,0.0005,17785.125,0.0,1.0,0.0,0.0,111.0442310412067,111.0442310412067,100.0
1,101.05993730135424,0.0005,7478.09716796875,0.0,1.0,0.0,0.0,101.05993730135424,101.05993730135424,42.04691936642981
2,63.54255571697168,0.0005,4544.0078125,0.0,1.0,0.0,0.0,63.54255571697168,63.54255571697168,25.54948482228829
3,130.39313328453414,0.0005,4526.6826171875,0.0,1.0,0.0,0.0,130.39313328453414,130.39313328453414,25.4520708580204
4,107.85747282140636,0.0005,4519.14990234375,0.0,1.0,0.0,0.0,107.85747282140636,107.85747282140636,25.40971684114534
5,77.98736273656007,0.0005,4400.15185546875,0.0,1.0,0.0,0.0,77.98736273656007,77.98736273656007,24.740629348788666
6,135.64015998566134,0.0005,4368.21630859375,0.0,1.0,0.0,0.0,135.64015998566134,135.64015998566134,24.561066107737506
7,60.68753618142777,0.0005,4348.47314453125,0.0,1.0,0.0,0.0,60.68753618142777,60.68753618142777,24.450056687997694
8,231.57862395882773,0.0005,4246.1962890625,0.0,1.0,0.0,0.0,231.57862395882773,231.57862395882773,23.87498704148832
