,mz(Da),mz_std(Da),Int,Gauss_r2,N_signals,Confidence_interval(Da),Confidence_interval(ppm),mz_min(Da),mz_max(Da),RelativeIntensity(%)
0,111.04393130000113,0.0005,25550.0078125,0.0,1.0,0.0,0.0,111.04393130000113,111.04393130000113,100.0
1,101.05989730372467,0.0005,8115.7646484375,0.0,1.0,0.0,0.0,101.05989730372467,101.05989730372467,31.7642354867186
2,64.97207841749393,0.0005,5018.05712890625,0.0,1.0,0.0,0.0,64.97207841749393,64.97207841749393,19.640139313191256
3,129.05535822642787,0.0005,4648.3173828125,0.0,1.0,0.0,0.0,129.05535822642787,129.05535822642787,18.193017461773035
