,mz(Da),mz_std(Da),Int,Gauss_r2,N_signals,Confidence_interval(Da),Confidence_interval(ppm),mz_min(Da),mz_max(Da),RelativeIntensity(%)
0,111.044277329849,0.0005,7573.5615234375,0.0,1.0,0.0,0.0,111.044277329849,111.044277329849,100.0
1,71.24998615284572,0.0005,5092.5712890625,0.0,1.0,0.0,0.0,71.24998615284572,71.24998615284572,67.24143288864545
2,53.90398755594545,0.0005,4760.826171875,0.0,1.0,0.0,0.0,53.90398755594545,53.90398755594545,62.861127583659595
3,137.89835996245264,0.0005,4760.22509765625,0.0,1.0,0.0,0.0,137.89835996245264,137.89835996245264,62.853191103353865
4,56.899665148543896,0.0005,4584.42138671875,0.0,1.0,0.0,0.0,56.899665148543896,56.899665148543896,60.53190922832783
5,126.30966054620816,0.0005,3954.27978515625,0.0,1.0,0.0,0.0,126.30966054620816,126.30966054620816,52.211628213742635
