,mz(Da),mz_std(Da),Int,Gauss_r2,N_signals,Confidence_interval(Da),Confidence_interval(ppm),mz_min(Da),mz_max(Da),RelativeIntensity(%)
0,63.820615914106014,0.0005,5136.29052734375,0.0,1.0,0.0,0.0,63.820615914106014,63.820615914106014,100.0
1,50.25828067028265,0.0005,4681.11962890625,0.0,1.0,0.0,0.0,50.25828067028265,50.25828067028265,91.13813955783196
2,55.87369405836864,0.0005,4423.83642578125,0.0,1.0,0.0,0.0,55.87369405836864,55.87369405836864,86.12901474771233
3,115.21896059268,0.0005,4414.95556640625,0.0,1.0,0.0,0.0,115.21896059268,115.21896059268,85.95611059971444
4,88.13222034008385,0.0005,4334.86328125,0.0,1.0,0.0,0.0,88.13222034008385,88.13222034008385,84.3967695786046
5,62.083479826507755,0.0005,4287.31201171875,0.0,1.0,0.0,0.0,62.083479826507755,62.083479826507755,83.47097947233813
6,140.67582430945328,0.0005,4125.3974609375,0.0,1.0,0.0,0.0,140.67582430945328,140.67582430945328,80.31861591503399
7,245.19766597559368,0.0005,4036.77197265625,0.0,1.0,0.0,0.0,245.19766597559368,245.19766597559368,78.59313937102932
