,mz(Da),mz_std(Da),Int,Gauss_r2,N_signals,Confidence_interval(Da),Confidence_interval(ppm),mz_min(Da),mz_max(Da),RelativeIntensity(%)
0,249.15762524014525,0.0005,69806.9609375,0.0,1.0,0.0,0.0,249.15762524014525,249.15762524014525,100.0
1,92.38457603181713,0.0005,5294.09814453125,0.0,1.0,0.0,0.0,92.38457603181713,92.38457603181713,7.5839115088697175
2,189.92446583739533,0.0005,4486.3876953125,0.0,1.0,0.0,0.0,189.92446583739533,189.92446583739533,6.426848605154549
3,110.17335558733222,0.0005,4461.982421875,0.0,1.0,0.0,0.0,110.17335558733222,110.17335558733222,6.391887516590114
4,99.5007818791832,0.0005,4399.4453125,0.0,1.0,0.0,0.0,99.5007818791832,99.5007818791832,6.302301738130297
5,131.00886527287713,0.0005,4072.96240234375,0.0,1.0,0.0,0.0,131.00886527287713,131.00886527287713,5.834607820830906
