,mz(Da),mz_std(Da),Int,Gauss_r2,N_signals,Confidence_interval(Da),Confidence_interval(ppm),mz_min(Da),mz_max(Da),RelativeIntensity(%)
0,111.04428004751202,0.0005,16206.8916015625,0.0,1.0,0.0,0.0,111.04428004751202,111.04428004751202,100.0
1,53.414892387983386,0.0005,5331.72119140625,0.0,1.0,0.0,0.0,53.414892387983386,53.414892387983386,32.89786420791647
2,95.27237449385854,0.0005,4279.61279296875,0.0,1.0,0.0,0.0,95.27237449385854,95.27237449385854,26.406129553900108
3,80.12827820081935,0.0005,4082.442626953125,0.0,1.0,0.0,0.0,80.12827820081935,80.12827820081935,25.189547306897136
