,mz(Da),mz_std(Da),Int,Gauss_r2,N_signals,Confidence_interval(Da),Confidence_interval(ppm),mz_min(Da),mz_max(Da),RelativeIntensity(%)
0,164.10653382130891,0.0005,101222.34375,0.0,1.0,0.0,0.0,164.10653382130891,164.10653382130891,100.0
1,86.06021590270241,0.0005,12650.5009765625,0.0,1.0,0.0,0.0,86.06021590270241,86.06021590270241,12.49773568551904
2,98.05994495319689,0.0005,11580.7138671875,0.0,1.0,0.0,0.0,98.05994495319689,98.05994495319689,11.440867142722626
3,55.27036483216823,0.0005,4917.42431640625,0.0,1.0,0.0,0.0,55.27036483216823,55.27036483216823,4.858042339497054
4,96.7301572527131,0.0005,4736.9345703125,0.0,1.0,0.0,0.0,96.7301572527131,96.7301572527131,4.6797321567773915
5,59.10034006727994,0.0005,4621.2314453125,0.0,1.0,0.0,0.0,59.10034006727994,59.10034006727994,4.565426242970688
6,176.51121279957428,0.0005,4450.15673828125,0.0,1.0,0.0,0.0,176.51121279957428,176.51121279957428,4.39641740490844
7,78.91854665076173,0.0005,3918.0703125,0.0,1.0,0.0,0.0,78.91854665076173,78.91854665076173,3.8707563640068354
8,84.70642568837238,0.0005,3829.74755859375,0.0,1.0,0.0,0.0,84.70642568837238,84.70642568837238,3.7835001806048876
