,mz(Da),mz_std(Da),Int,Gauss_r2,N_signals,Confidence_interval(Da),Confidence_interval(ppm),mz_min(Da),mz_max(Da),RelativeIntensity(%)
0,164.10693647740072,0.0005,48256.87109375,0.0,1.0,0.0,0.0,164.10693647740072,164.10693647740072,100.0
1,81.07028564027962,0.0005,5225.49560546875,0.0,1.0,0.0,0.0,81.07028564027962,81.07028564027962,10.828500661215749
2,73.30376118354977,0.0005,4927.09765625,0.0,1.0,0.0,0.0,73.30376118354977,73.30376118354977,10.210147372957493
3,241.82996649745533,0.0005,4788.21826171875,0.0,1.0,0.0,0.0,241.82996649745533,241.82996649745533,9.922355414250838
4,117.55741600134175,0.0005,4638.02880859375,0.0,1.0,0.0,0.0,117.55741600134175,117.55741600134175,9.611126257198315
5,231.68507274987775,0.0005,4555.76220703125,0.0,1.0,0.0,0.0,231.68507274987775,231.68507274987775,9.440649805455974
6,56.20161669575447,0.0005,4431.06591796875,0.0,1.0,0.0,0.0,56.20161669575447,56.20161669575447,9.18224869855402
7,82.40934925951323,0.0005,4372.89306640625,0.0,1.0,0.0,0.0,82.40934925951323,82.40934925951323,9.061700369903605
8,56.530332605024924,0.0005,4149.01611328125,0.0,1.0,0.0,0.0,56.530332605024924,56.530332605024924,8.597772750787836
