,mz(Da),mz_std(Da),Int,Gauss_r2,N_signals,Confidence_interval(Da),Confidence_interval(ppm),mz_min(Da),mz_max(Da),RelativeIntensity(%)
0,111.04363438092088,0.0005,22083.890625,0.0,1.0,0.0,0.0,111.04363438092088,111.04363438092088,100.0
1,245.13817132418035,0.0005,4900.28759765625,0.0,1.0,0.0,0.0,245.13817132418035,245.13817132418035,22.189421605398167
2,57.710633407030016,0.0005,4438.6552734375,0.0,1.0,0.0,0.0,57.710633407030016,57.710633407030016,20.099063832587245
3,145.25627937906256,0.0005,4340.08154296875,0.0,1.0,0.0,0.0,145.25627937906256,145.25627937906256,19.652703487199734
4,180.37783864275502,0.0005,4005.637939453125,0.0,1.0,0.0,0.0,180.37783864275502,180.37783864275502,18.138280104134164
5,51.93154256779734,0.0005,3987.95556640625,0.0,1.0,0.0,0.0,51.93154256779734,51.93154256779734,18.05821100151482
