,mz(Da),mz_std(Da),Int,Gauss_r2,N_signals,Confidence_interval(Da),Confidence_interval(ppm),mz_min(Da),mz_max(Da),RelativeIntensity(%)
0,111.04416814992612,0.0005,13945.5947265625,0.0,1.0,0.0,0.0,111.04416814992612,111.04416814992612,100.0
1,79.27221821701968,0.0005,5180.76953125,0.0,1.0,0.0,0.0,79.27221821701968,79.27221821701968,37.14986440400471
2,54.59713583981806,0.0005,3941.400634765625,0.0,1.0,0.0,0.0,54.59713583981806,54.59713583981806,28.262693072948313
