,mz(Da),mz_std(Da),Int,Gauss_r2,N_signals,Confidence_interval(Da),Confidence_interval(ppm),mz_min(Da),mz_max(Da),RelativeIntensity(%)
0,111.04404286446251,0.0005,17943.7578125,0.0,1.0,0.0,0.0,111.04404286446251,111.04404286446251,100.0
1,129.05464760174883,0.0005,8803.3544921875,0.0,1.0,0.0,0.0,129.05464760174883,129.05464760174883,49.060818721343296
2,101.05970257352487,0.0005,6152.33544921875,0.0,1.0,0.0,0.0,101.05970257352487,101.05970257352487,34.2867726677235
3,67.80778413312018,0.0005,5382.13134765625,0.0,1.0,0.0,0.0,67.80778413312018,67.80778413312018,29.994449344980257
4,76.43310277949449,0.0005,4566.90771484375,0.0,1.0,0.0,0.0,76.43310277949449,76.43310277949449,25.451233585321496
5,75.81738751011382,0.0005,4420.62451171875,0.0,1.0,0.0,0.0,75.81738751011382,75.81738751011382,24.636001878264597
