,mz(Da),mz_std(Da),Int,Gauss_r2,N_signals,Confidence_interval(Da),Confidence_interval(ppm),mz_min(Da),mz_max(Da),RelativeIntensity(%)
0,111.04424615759874,0.0005,17957.306640625,0.0,1.0,0.0,0.0,111.04424615759874,111.04424615759874,100.0
1,101.05960927843128,0.0005,6990.10986328125,0.0,1.0,0.0,0.0,101.05960927843128,101.05960927843128,38.926271089381814
2,129.05443890814763,0.0005,6318.6884765625,0.0,1.0,0.0,0.0,129.05443890814763,129.05443890814763,35.18728394528646
3,78.45267120661416,0.0005,5118.1416015625,0.0,1.0,0.0,0.0,78.45267120661416,78.45267120661416,28.50172191181319
4,108.89751633159165,0.0005,4813.60546875,0.0,1.0,0.0,0.0,108.89751633159165,108.89751633159165,26.805832105468035
5,107.20525853090423,0.0005,4236.6689453125,0.0,1.0,0.0,0.0,107.20525853090423,107.20525853090423,23.593008852050453
