,mz(Da),mz_std(Da),Int,Gauss_r2,N_signals,Confidence_interval(Da),Confidence_interval(ppm),mz_min(Da),mz_max(Da),RelativeIntensity(%)
0,111.04372418670869,0.0005,8184.8271484375,0.0,1.0,0.0,0.0,111.04372418670869,111.04372418670869,100.0
1,139.3112744667224,0.0005,3900.644287109375,0.0,1.0,0.0,0.0,139.3112744667224,139.3112744667224,47.657014819842786
