,mz(Da),mz_std(Da),Int,Gauss_r2,N_signals,Confidence_interval(Da),Confidence_interval(ppm),mz_min(Da),mz_max(Da),RelativeIntensity(%)
0,111.0440381263833,0.0005,11192.5302734375,0.0,1.0,0.0,0.0,111.0440381263833,111.0440381263833,100.0
1,208.29087654916438,0.0005,5198.724609375,0.0,1.0,0.0,0.0,208.29087654916438,208.29087654916438,46.44816214357528
2,87.81208026781789,0.0005,4946.4990234375,0.0,1.0,0.0,0.0,87.81208026781789,87.81208026781789,44.19464502299987
3,144.0650393405607,0.0005,4840.7001953125,0.0,1.0,0.0,0.0,144.0650393405607,144.0650393405607,43.24938219555784
4,64.44280623195081,0.0005,4380.9853515625,0.0,1.0,0.0,0.0,64.44280623195081,64.44280623195081,39.1420460301064
5,64.32931022596713,0.0005,4300.705078125,0.0,1.0,0.0,0.0,64.32931022596713,64.32931022596713,38.42477950076742
6,64.67144276690254,0.0005,4275.2431640625,0.0,1.0,0.0,0.0,64.67144276690254,64.67144276690254,38.197289260040286
