,mz(Da),mz_std(Da),Int,Gauss_r2,N_signals,Confidence_interval(Da),Confidence_interval(ppm),mz_min(Da),mz_max(Da),RelativeIntensity(%)
0,111.04399256637348,0.0005,17724.240234375,0.0,1.0,0.0,0.0,111.04399256637348,111.04399256637348,100.0
1,129.0551011576161,0.0005,10108.0966796875,0.0,1.0,0.0,0.0,129.0551011576161,129.0551011576161,57.029788278786185
2,101.05965475439399,0.0005,8093.193359375,0.0,1.0,0.0,0.0,101.05965475439399,101.05965475439399,45.66172232126928
3,103.66116820768043,0.0005,5353.63134765625,0.0,1.0,0.0,0.0,103.66116820768043,103.66116820768043,30.205138707571983
4,59.28799458820899,0.0005,4814.02392578125,0.0,1.0,0.0,0.0,59.28799458820899,59.28799458820899,27.160678608072388
5,111.61665839343738,0.0005,4410.99169921875,0.0,1.0,0.0,0.0,111.61665839343738,111.61665839343738,24.886774501419367
6,121.73793564283248,0.0005,4236.19775390625,0.0,1.0,0.0,0.0,121.73793564283248,121.73793564283248,23.900588673417
