,mz(Da),mz_std(Da),Int,Gauss_r2,N_signals,Confidence_interval(Da),Confidence_interval(ppm),mz_min(Da),mz_max(Da),RelativeIntensity(%)
0,111.0442914740594,0.0005,13877.0712890625,0.0,1.0,0.0,0.0,111.0442914740594,111.0442914740594,100.0
1,101.05972001717254,0.0005,7455.314453125,0.0,1.0,0.0,0.0,101.05972001717254,101.05972001717254,53.723976030886725
2,60.708271449751614,0.0005,5894.04736328125,0.0,1.0,0.0,0.0,60.708271449751614,60.708271449751614,42.47328013603825
3,129.05528755615856,0.0005,4939.59375,0.0,1.0,0.0,0.0,129.05528755615856,129.05528755615856,35.59536192548959
4,270.09055433181425,0.0005,4852.71484375,0.0,1.0,0.0,0.0,270.09055433181425,270.09055433181425,34.9693011058808
5,169.08573303139744,0.0005,4521.03515625,0.0,1.0,0.0,0.0,169.08573303139744,169.08573303139744,32.57917367487582
6,98.73293973193135,0.0005,4186.7578125,0.0,1.0,0.0,0.0,98.73293973193135,98.73293973193135,30.170327191443334
7,110.61760929489623,0.0005,4118.76611328125,0.0,1.0,0.0,0.0,110.61760929489623,110.61760929489623,29.68037006862925
