,mz(Da),mz_std(Da),Int,Gauss_r2,N_signals,Confidence_interval(Da),Confidence_interval(ppm),mz_min(Da),mz_max(Da),RelativeIntensity(%)
0,111.04409302577065,0.0005,6742.2890625,0.0,1.0,0.0,0.0,111.04409302577065,111.04409302577065,100.0
1,70.1760889290085,0.0005,4858.568359375,0.0,1.0,0.0,0.0,70.1760889290085,70.1760889290085,72.06111031931152
2,102.99757186517502,0.0005,4620.0615234375,0.0,1.0,0.0,0.0,102.99757186517502,102.99757186517502,68.52363463818043
