,mz(Da),mz_std(Da),Int,Gauss_r2,N_signals,Confidence_interval(Da),Confidence_interval(ppm),mz_min(Da),mz_max(Da),RelativeIntensity(%)
0,111.04415327726082,0.0005,14907.763671875,0.0,1.0,0.0,0.0,111.04415327726082,111.04415327726082,100.0
1,143.58075715983995,0.0005,5281.79736328125,0.0,1.0,0.0,0.0,143.58075715983995,143.58075715983995,35.42984366760451
2,74.69226086320437,0.0005,5164.0244140625,0.0,1.0,0.0,0.0,74.69226086320437,74.69226086320437,34.63983282620017
3,187.09883363334893,0.0005,4697.0,0.0,1.0,0.0,0.0,187.09883363334893,187.09883363334893,31.507073115609984
