,mz(Da),mz_std(Da),Int,Gauss_r2,N_signals,Confidence_interval(Da),Confidence_interval(ppm),mz_min(Da),mz_max(Da),RelativeIntensity(%)
0,111.04369453015838,0.0005,36949.80859375,0.0,1.0,0.0,0.0,111.04369453015838,111.04369453015838,100.0
1,101.05982261601531,0.0005,11732.95703125,0.0,1.0,0.0,0.0,101.05982261601531,101.05982261601531,31.753769445059078
2,129.05494757658641,0.0005,9729.1572265625,0.0,1.0,0.0,0.0,129.05494757658641,129.05494757658641,26.330737822030752
3,245.13728392144702,0.0005,7238.02685546875,0.0,1.0,0.0,0.0,245.13728392144702,245.13728392144702,19.58880744159809
4,83.04923878116176,0.0005,5466.44970703125,0.0,1.0,0.0,0.0,83.04923878116176,83.04923878116176,14.79425716959165
5,187.0966371052378,0.0005,4763.17919921875,0.0,1.0,0.0,0.0,187.0966371052378,187.0966371052378,12.89094417670254
6,75.1856356629219,0.0005,4567.69189453125,0.0,1.0,0.0,0.0,75.1856356629219,75.1856356629219,12.361882424754612
7,96.31603820978195,0.0005,4316.03173828125,0.0,1.0,0.0,0.0,96.31603820978195,96.31603820978195,11.680795929782704
8,54.877369480839675,0.0005,4138.4228515625,0.0,1.0,0.0,0.0,54.877369480839675,54.877369480839675,11.200119862765696
