,mz(Da),mz_std(Da),Int,Gauss_r2,N_signals,Confidence_interval(Da),Confidence_interval(ppm),mz_min(Da),mz_max(Da),RelativeIntensity(%)
0,111.04403619038669,0.0005,35762.07421875,0.0,1.0,0.0,0.0,111.04403619038669,111.04403619038669,100.0
1,101.0597253598734,0.0005,17580.494140625,0.0,1.0,0.0,0.0,101.0597253598734,101.0597253598734,49.159604202732666
2,245.13348671014094,0.0005,9942.537109375,0.0,1.0,0.0,0.0,245.13348671014094,245.13348671014094,27.801902788295607
3,129.054492642023,0.0005,8003.79052734375,0.0,1.0,0.0,0.0,129.054492642023,129.054492642023,22.38066639643451
4,187.09788744973972,0.0005,6531.4736328125,0.0,1.0,0.0,0.0,187.09788744973972,187.09788744973972,18.263687930573276
5,171.70165613016133,0.0005,5157.66943359375,0.0,1.0,0.0,0.0,171.70165613016133,171.70165613016133,14.422176415286314
6,117.64555953205432,0.0005,4695.22021484375,0.0,1.0,0.0,0.0,117.64555953205432,117.64555953205432,13.129048908416094
7,138.0543351060385,0.0005,4472.2578125,0.0,1.0,0.0,0.0,138.0543351060385,138.0543351060385,12.505588420694016
