,mz(Da),mz_std(Da),Int,Gauss_r2,N_signals,Confidence_interval(Da),Confidence_interval(ppm),mz_min(Da),mz_max(Da),RelativeIntensity(%)
0,111.04422965775134,0.0005,18514.98828125,0.0,1.0,0.0,0.0,111.04422965775134,111.04422965775134,100.0
1,101.06030667778285,0.0005,10100.9892578125,0.0,1.0,0.0,0.0,101.06030667778285,101.06030667778285,54.55574210674333
2,245.13729606010398,0.0005,5332.03076171875,0.0,1.0,0.0,0.0,245.13729606010398,245.13729606010398,28.798456043952562
3,250.63508250204404,0.0005,4588.13671875,0.0,1.0,0.0,0.0,250.63508250204404,250.63508250204404,24.78066228859769
4,108.14442688167539,0.0005,4415.14404296875,0.0,1.0,0.0,0.0,108.14442688167539,108.14442688167539,23.8463237237905
5,145.7121038107755,0.0005,4357.10205078125,0.0,1.0,0.0,0.0,145.7121038107755,145.7121038107755,23.532837205161275
6,250.5627903232956,0.0005,4302.71923828125,0.0,1.0,0.0,0.0,250.5627903232956,250.5627903232956,23.239114024385227
7,151.9404035277779,0.0005,4068.2919921875,0.0,1.0,0.0,0.0,151.9404035277779,151.9404035277779,21.972965526029693
8,102.51476095842827,0.0005,3989.609619140625,0.0,1.0,0.0,0.0,102.51476095842827,102.51476095842827,21.547999699145773
