,mz(Da),mz_std(Da),Int,Gauss_r2,N_signals,Confidence_interval(Da),Confidence_interval(ppm),mz_min(Da),mz_max(Da),RelativeIntensity(%)
0,111.04413140872984,0.0005,18327.984375,0.0,1.0,0.0,0.0,111.04413140872984,111.04413140872984,100.0
1,101.05951911821612,0.0005,7089.7685546875,0.0,1.0,0.0,0.0,101.05951911821612,101.05951911821612,38.68275097592394
2,129.05477665009764,0.0005,5335.64404296875,0.0,1.0,0.0,0.0,129.05477665009764,129.05477665009764,29.11200672042667
3,101.26600741634671,0.0005,4846.93505859375,0.0,1.0,0.0,0.0,101.26600741634671,101.26600741634671,26.445543380128235
4,137.90093216191164,0.0005,4511.43310546875,0.0,1.0,0.0,0.0,137.90093216191164,137.90093216191164,24.61499864449088
5,63.66537947986342,0.0005,4349.255859375,0.0,1.0,0.0,0.0,63.66537947986342,63.66537947986342,23.730137315631577
6,67.5666415964487,0.0005,4242.10009765625,0.0,1.0,0.0,0.0,67.5666415964487,67.5666415964487,23.145480762426992
7,69.23127354079203,0.0005,4213.18212890625,0.0,1.0,0.0,0.0,69.23127354079203,69.23127354079203,22.987700353199642
