,mz(Da),mz_std(Da),Int,Gauss_r2,N_signals,Confidence_interval(Da),Confidence_interval(ppm),mz_min(Da),mz_max(Da),RelativeIntensity(%)
0,111.04415399326983,0.0005,14686.1845703125,0.0,1.0,0.0,0.0,111.04415399326983,111.04415399326983,100.0
1,101.05996993136928,0.0005,7549.50341796875,0.0,1.0,0.0,0.0,101.05996993136928,101.05996993136928,51.405478269895575
2,245.14005838389602,0.0005,6878.216796875,0.0,1.0,0.0,0.0,245.14005838389602,245.14005838389602,46.83460679623368
3,129.05550176223656,0.0005,4970.0361328125,0.0,1.0,0.0,0.0,129.05550176223656,129.05550176223656,33.841574774017325
4,131.46199192348604,0.0005,4774.029296875,0.0,1.0,0.0,0.0,131.46199192348604,131.46199192348604,32.50694061496066
5,121.75129372650275,0.0005,4522.322265625,0.0,1.0,0.0,0.0,121.75129372650275,121.75129372650275,30.79303711575764
6,262.00872606137676,0.0005,4340.90185546875,0.0,1.0,0.0,0.0,262.00872606137676,262.00872606137676,29.5577236870882
