,mz(Da),mz_std(Da),Int,Gauss_r2,N_signals,Confidence_interval(Da),Confidence_interval(ppm),mz_min(Da),mz_max(Da),RelativeIntensity(%)
0,111.04408071285582,0.0005,18595.6953125,0.0,1.0,0.0,0.0,111.04408071285582,111.04408071285582,100.0
1,101.0599183058797,0.0005,10916.005859375,0.0,1.0,0.0,0.0,101.0599183058797,101.0599183058797,58.70178918256032
2,64.18055733592769,0.0005,5769.7841796875,0.0,1.0,0.0,0.0,64.18055733592769,64.18055733592769,31.02752590170188
3,261.28815681808214,0.0005,5240.11669921875,0.0,1.0,0.0,0.0,261.28815681808214,261.28815681808214,28.17919207192189
4,68.73872946289737,0.0005,5101.591796875,0.0,1.0,0.0,0.0,68.73872946289737,68.73872946289737,27.434262129718363
5,135.2071668998397,0.0005,4840.37939453125,0.0,1.0,0.0,0.0,135.2071668998397,135.2071668998397,26.029569280356803
6,87.09704147839943,0.0005,4517.158203125,0.0,1.0,0.0,0.0,87.09704147839943,87.09704147839943,24.29141867090376
