,mz(Da),mz_std(Da),Int,Gauss_r2,N_signals,Confidence_interval(Da),Confidence_interval(ppm),mz_min(Da),mz_max(Da),RelativeIntensity(%)
0,111.04421612132435,0.0005,8214.427734375,0.0,1.0,0.0,0.0,111.04421612132435,111.04421612132435,100.0
1,101.05984694831204,0.0005,7086.2421875,0.0,1.0,0.0,0.0,101.05984694831204,101.05984694831204,86.26580471146066
2,126.63133139153473,0.0005,4743.15576171875,0.0,1.0,0.0,0.0,126.63133139153473,126.63133139153473,57.74176747419686
3,98.32633122035608,0.0005,4458.70947265625,0.0,1.0,0.0,0.0,98.32633122035608,98.32633122035608,54.27900295473832
4,72.30865528415458,0.0005,4270.4892578125,0.0,1.0,0.0,0.0,72.30865528415458,72.30865528415458,51.9876660420511
5,60.12050041533948,0.0005,4103.1826171875,0.0,1.0,0.0,0.0,60.12050041533948,60.12050041533948,49.95092476152501
