,mz(Da),mz_std(Da),Int,Gauss_r2,N_signals,Confidence_interval(Da),Confidence_interval(ppm),mz_min(Da),mz_max(Da),RelativeIntensity(%)
0,111.04394316234013,0.0005,30035.779296875,0.0,1.0,0.0,0.0,111.04394316234013,111.04394316234013,100.0
1,101.05995906553729,0.0005,12648.7646484375,0.0,1.0,0.0,0.0,101.05995906553729,101.05995906553729,42.11232385022056
2,187.09628744974893,0.0005,6222.86181640625,0.0,1.0,0.0,0.0,187.09628744974893,187.09628744974893,20.71816334412103
3,245.13817445540786,0.0005,5529.1650390625,0.0,1.0,0.0,0.0,245.13817445540786,245.13817445540786,18.408595243732425
4,129.05461605696456,0.0005,4990.54052734375,0.0,1.0,0.0,0.0,129.05461605696456,129.05461605696456,16.615318943507415
5,103.55335662986464,0.0005,4685.73974609375,0.0,1.0,0.0,0.0,103.55335662986464,103.55335662986464,15.600526624528987
6,173.98187631624245,0.0005,4317.12548828125,0.0,1.0,0.0,0.0,173.98187631624245,173.98187631624245,14.37327610384464
7,139.677421260038,0.0005,4260.3154296875,0.0,1.0,0.0,0.0,139.677421260038,139.677421260038,14.18413481993708
8,102.22977403375782,0.0005,4148.212890625,0.0,1.0,0.0,0.0,102.22977403375782,102.22977403375782,13.810904819961141
