,mz(Da),mz_std(Da),Int,Gauss_r2,N_signals,Confidence_interval(Da),Confidence_interval(ppm),mz_min(Da),mz_max(Da),RelativeIntensity(%)
0,111.04372366551826,0.0005,36331.90625,0.0,1.0,0.0,0.0,111.04372366551826,111.04372366551826,100.0
1,101.05990061295654,0.0005,16018.390625,0.0,1.0,0.0,0.0,101.05990061295654,101.05990061295654,44.08904535527915
2,129.05470707427577,0.0005,10770.810546875,0.0,1.0,0.0,0.0,129.05470707427577,129.05470707427577,29.645597103441272
3,245.13779677214143,0.0005,5968.42529296875,0.0,1.0,0.0,0.0,245.13779677214143,245.13779677214143,16.427503836159847
4,92.24638036275098,0.0005,4897.23486328125,0.0,1.0,0.0,0.0,92.24638036275098,92.24638036275098,13.479157491994382
5,73.64241039539576,0.0005,4743.32958984375,0.0,1.0,0.0,0.0,73.64241039539576,73.64241039539576,13.055548357977365
6,83.24745761227736,0.0005,4512.80615234375,0.0,1.0,0.0,0.0,83.24745761227736,83.24745761227736,12.421055260054652
7,96.78529124962972,0.0005,4374.5078125,0.0,1.0,0.0,0.0,96.78529124962972,96.78529124962972,12.04040267636659
