,mz(Da),mz_std(Da),Int,Gauss_r2,N_signals,Confidence_interval(Da),Confidence_interval(ppm),mz_min(Da),mz_max(Da),RelativeIntensity(%)
0,111.04419212578483,0.0005,26004.650390625,0.0,1.0,0.0,0.0,111.04419212578483,111.04419212578483,100.0
1,101.05963122920153,0.0005,9078.435546875,0.0,1.0,0.0,0.0,101.05963122920153,101.05963122920153,34.910815606072866
2,129.05492618446618,0.0005,8985.05078125,0.0,1.0,0.0,0.0,129.05492618446618,129.05492618446618,34.551707661062125
3,64.18219773063979,0.0005,4627.9794921875,0.0,1.0,0.0,0.0,64.18219773063979,64.18219773063979,17.796737978280778
4,156.6742208746354,0.0005,4472.67041015625,0.0,1.0,0.0,0.0,156.6742208746354,156.6742208746354,17.199502177382485
5,131.07923901009553,0.0005,4439.8134765625,0.0,1.0,0.0,0.0,131.07923901009553,131.07923901009553,17.07315195501766
6,59.67065734966913,0.0005,4359.27490234375,0.0,1.0,0.0,0.0,59.67065734966913,59.67065734966913,16.76344360282314
7,140.5655677717599,0.0005,4262.17822265625,0.0,1.0,0.0,0.0,140.5655677717599,140.5655677717599,16.390061618335842
8,121.45174369184923,0.0005,4258.4912109375,0.0,1.0,0.0,0.0,121.45174369184923,121.45174369184923,16.375883339976525
