,mz(Da),mz_std(Da),Int,Gauss_r2,N_signals,Confidence_interval(Da),Confidence_interval(ppm),mz_min(Da),mz_max(Da),RelativeIntensity(%)
0,111.04415799293653,0.0005,20271.47265625,0.0,1.0,0.0,0.0,111.04415799293653,111.04415799293653,100.0
1,129.05409572410468,0.0005,5588.2060546875,0.0,1.0,0.0,0.0,129.05409572410468,129.05409572410468,27.566848000875616
2,218.0585431827668,0.0005,4908.93115234375,0.0,1.0,0.0,0.0,218.0585431827668,218.0585431827668,24.215957249806678
3,144.73204536878825,0.0005,4510.5771484375,0.0,1.0,0.0,0.0,144.73204536878825,144.73204536878825,22.25086072889145
4,59.28349136127335,0.0005,4032.98486328125,0.0,1.0,0.0,0.0,59.28349136127335,59.28349136127335,19.89487854025159
