,mz(Da),mz_std(Da),Int,Gauss_r2,N_signals,Confidence_interval(Da),Confidence_interval(ppm),mz_min(Da),mz_max(Da),RelativeIntensity(%)
0,111.04409497412965,0.0005,18831.60546875,0.0,1.0,0.0,0.0,111.04409497412965,111.04409497412965,100.0
1,101.05966796707199,0.0005,7670.7353515625,0.0,1.0,0.0,0.0,101.05966796707199,101.05966796707199,40.733305316382385
2,245.13852634883904,0.0005,5711.33056640625,0.0,1.0,0.0,0.0,245.13852634883904,245.13852634883904,30.32843150778559
3,129.0540407612491,0.0005,5237.8134765625,0.0,1.0,0.0,0.0,129.0540407612491,129.0540407612491,27.813950782127208
4,109.85381830683795,0.0005,4729.328125,0.0,1.0,0.0,0.0,109.85381830683795,109.85381830683795,25.113780834289763
5,60.816070811259266,0.0005,4296.68505859375,0.0,1.0,0.0,0.0,60.816070811259266,60.816070811259266,22.81635023484248
6,53.21296186622564,0.0005,4209.294921875,0.0,1.0,0.0,0.0,53.21296186622564,53.21296186622564,22.35228923450043
