,mz(Da),mz_std(Da),Int,Gauss_r2,N_signals,Confidence_interval(Da),Confidence_interval(ppm),mz_min(Da),mz_max(Da),RelativeIntensity(%)
0,111.04383824925605,0.0005,31910.015625,0.0,1.0,0.0,0.0,111.04383824925605,111.04383824925605,100.0
1,101.05989451501353,0.0005,13217.1962890625,0.0,1.0,0.0,0.0,101.05989451501353,101.05989451501353,41.420212526337494
2,129.05476158041984,0.0005,10073.552734375,0.0,1.0,0.0,0.0,129.05476158041984,129.05476158041984,31.568623634526972
3,246.06198444476473,0.0005,8159.22607421875,0.0,1.0,0.0,0.0,246.06198444476473,246.06198444476473,25.56948316824508
4,138.05513764247485,0.0005,6675.529296875,0.0,1.0,0.0,0.0,138.05513764247485,138.05513764247485,20.919855932771892
5,170.87188357423378,0.0005,5160.40576171875,0.0,1.0,0.0,0.0,170.87188357423378,170.87188357423378,16.171743136583782
6,57.06914611478243,0.0005,4532.021484375,0.0,1.0,0.0,0.0,57.06914611478243,57.06914611478243,14.202504748460148
7,56.69820819587603,0.0005,4481.13916015625,0.0,1.0,0.0,0.0,56.69820819587603,56.69820819587603,14.043049094107896
8,100.24854973135203,0.0005,4145.974609375,0.0,1.0,0.0,0.0,100.24854973135203,100.24854973135203,12.992706296661364
