,mz(Da),mz_std(Da),Int,Gauss_r2,N_signals,Confidence_interval(Da),Confidence_interval(ppm),mz_min(Da),mz_max(Da),RelativeIntensity(%)
0,111.04362423483832,0.0005,40177.6328125,0.0,1.0,0.0,0.0,111.04362423483832,111.04362423483832,100.0
1,101.05981537933405,0.0005,15010.01171875,0.0,1.0,0.0,0.0,101.05981537933405,101.05981537933405,37.35912413953892
2,129.05494339412888,0.0005,12439.478515625,0.0,1.0,0.0,0.0,129.05494339412888,129.05494339412888,30.961203149218015
3,169.08586795824206,0.0005,6806.9013671875,0.0,1.0,0.0,0.0,169.08586795824206,169.08586795824206,16.942016964896318
4,245.13885542017465,0.0005,6666.43994140625,0.0,1.0,0.0,0.0,245.13885542017465,245.13885542017465,16.592415915882924
5,120.61363810888332,0.0005,4513.619140625,0.0,1.0,0.0,0.0,120.61363810888332,120.61363810888332,11.234158970213722
6,85.10188577119705,0.0005,4447.189453125,0.0,1.0,0.0,0.0,85.10188577119705,85.10188577119705,11.068818996577114
7,108.50855888178233,0.0005,4278.875,0.0,1.0,0.0,0.0,108.50855888178233,108.50855888178233,10.649893237783694
8,53.656209250131,0.0005,4025.150146484375,0.0,1.0,0.0,0.0,53.656209250131,53.656209250131,10.018385516311646
