,mz(Da),mz_std(Da),Int,Gauss_r2,N_signals,Confidence_interval(Da),Confidence_interval(ppm),mz_min(Da),mz_max(Da),RelativeIntensity(%)
0,111.0440784508601,0.0005,18999.646484375,0.0,1.0,0.0,0.0,111.0440784508601,111.0440784508601,100.0
1,101.05986031282961,0.0005,8865.5361328125,0.0,1.0,0.0,0.0,101.05986031282961,101.05986031282961,46.66158467792215
2,129.0549681893695,0.0005,6077.4814453125,0.0,1.0,0.0,0.0,129.0549681893695,129.0549681893695,31.987339608189668
3,233.6435004295677,0.0005,5152.82177734375,0.0,1.0,0.0,0.0,233.6435004295677,233.6435004295677,27.12061922615953
4,98.18526866601718,0.0005,4799.3935546875,0.0,1.0,0.0,0.0,98.18526866601718,98.18526866601718,25.260436075136678
5,196.77350652848435,0.0005,4468.36767578125,0.0,1.0,0.0,0.0,196.77350652848435,196.77350652848435,23.518162190312133
