,mz(Da),mz_std(Da),Int,Gauss_r2,N_signals,Confidence_interval(Da),Confidence_interval(ppm),mz_min(Da),mz_max(Da),RelativeIntensity(%)
0,111.04424740304,0.0005,12480.087890625,0.0,1.0,0.0,0.0,111.04424740304,111.04424740304,100.0
1,226.91380840067524,0.0005,6130.13623046875,0.0,1.0,0.0,0.0,226.91380840067524,226.91380840067524,49.119335410079024
2,129.05483951795603,0.0005,5539.6494140625,0.0,1.0,0.0,0.0,129.05483951795603,129.05483951795603,44.387903856220966
