,mz(Da),mz_std(Da),Int,Gauss_r2,N_signals,Confidence_interval(Da),Confidence_interval(ppm),mz_min(Da),mz_max(Da),RelativeIntensity(%)
0,111.0444516678188,0.0005,10017.2919921875,0.0,1.0,0.0,0.0,111.0444516678188,111.0444516678188,100.0
1,59.83893144444717,0.0005,4748.47509765625,0.0,1.0,0.0,0.0,59.83893144444717,59.83893144444717,47.402782122749265
2,128.3136171212837,0.0005,4703.1201171875,0.0,1.0,0.0,0.0,128.3136171212837,128.3136171212837,46.95001524219789
3,50.5289237944576,0.0005,4158.7001953125,0.0,1.0,0.0,0.0,50.5289237944576,50.5289237944576,41.51521387772141
