,mz(Da),mz_std(Da),Int,Gauss_r2,N_signals,Confidence_interval(Da),Confidence_interval(ppm),mz_min(Da),mz_max(Da),RelativeIntensity(%)
0,111.0440433937344,0.0005,11508.3759765625,0.0,1.0,0.0,0.0,111.0440433937344,111.0440433937344,100.0
1,129.05467294649142,0.0005,5302.2509765625,0.0,1.0,0.0,0.0,129.05467294649142,129.05467294649142,46.07297317502359
2,101.05958738974982,0.0005,5023.34814453125,0.0,1.0,0.0,0.0,101.05958738974982,101.05958738974982,43.64949628654469
3,254.78393814297976,0.0005,4444.4736328125,0.0,1.0,0.0,0.0,254.78393814297976,254.78393814297976,38.61946847986143
4,190.2012991133529,0.0005,4350.8076171875,0.0,1.0,0.0,0.0,190.2012991133529,190.2012991133529,37.805574183952466
5,229.21852191994026,0.0005,4327.71484375,0.0,1.0,0.0,0.0,229.21852191994026,229.21852191994026,37.6049136086938
6,237.20553674225383,0.0005,4264.294921875,0.0,1.0,0.0,0.0,237.20553674225383,237.20553674225383,37.05383740120668
7,52.26382697823565,0.0005,3999.111328125,0.0,1.0,0.0,0.0,52.26382697823565,52.26382697823565,34.74957141015753
8,79.30044522062693,0.0005,3830.9638671875,0.0,1.0,0.0,0.0,79.30044522062693,79.30044522062693,33.28848375295948
