,mz(Da),mz_std(Da),Int,Gauss_r2,N_signals,Confidence_interval(Da),Confidence_interval(ppm),mz_min(Da),mz_max(Da),RelativeIntensity(%)
0,111.04425734221624,0.0005,15121.9326171875,0.0,1.0,0.0,0.0,111.04425734221624,111.04425734221624,100.0
1,101.05953124233531,0.0005,7084.8046875,0.0,1.0,0.0,0.0,101.05953124233531,101.05953124233531,46.85118540633789
2,179.85231637663577,0.0005,4760.98583984375,0.0,1.0,0.0,0.0,179.85231637663577,179.85231637663577,31.48397734845374
3,135.3350261802101,0.0005,4680.576171875,0.0,1.0,0.0,0.0,135.3350261802101,135.3350261802101,30.95223534163275
4,121.95935103869327,0.0005,4631.80126953125,0.0,1.0,0.0,0.0,121.95935103869327,121.95935103869327,30.62969123580654
5,50.99269239799298,0.0005,4241.9267578125,0.0,1.0,0.0,0.0,50.99269239799298,50.99269239799298,28.05148564801268
6,144.44845792078172,0.0005,4224.80517578125,0.0,1.0,0.0,0.0,144.44845792078172,144.44845792078172,27.938262143685
7,111.06225746222721,0.0005,4054.432373046875,0.0,1.0,0.0,0.0,111.06225746222721,111.06225746222721,26.81160190092787
