,mz(Da),mz_std(Da),Int,Gauss_r2,N_signals,Confidence_interval(Da),Confidence_interval(ppm),mz_min(Da),mz_max(Da),RelativeIntensity(%)
0,111.04420561937997,0.0005,8839.54296875,0.0,1.0,0.0,0.0,111.04420561937997,111.04420561937997,100.0
1,92.5045326305337,0.0005,4560.82861328125,0.0,1.0,0.0,0.0,92.5045326305337,92.5045326305337,51.595751379963
2,122.08038460026174,0.0005,4520.87548828125,0.0,1.0,0.0,0.0,122.08038460026174,122.08038460026174,51.1437695847362
3,101.05990160670149,0.0005,4474.88427734375,0.0,1.0,0.0,0.0,101.05990160670149,101.05990160670149,50.62348011841322
4,62.85891458022374,0.0005,4364.517578125,0.0,1.0,0.0,0.0,62.85891458022374,62.85891458022374,49.37492349496647
5,53.92490534763471,0.0005,4357.1171875,0.0,1.0,0.0,0.0,53.92490534763471,53.92490534763471,49.29120434058075
6,64.56052328748524,0.0005,4028.30810546875,0.0,1.0,0.0,0.0,64.56052328748524,64.56052328748524,45.57145227654675
7,153.75368299873608,0.0005,3986.763916015625,0.0,1.0,0.0,0.0,153.75368299873608,153.75368299873608,45.10147108408019
