,mz(Da),mz_std(Da),Int,Gauss_r2,N_signals,Confidence_interval(Da),Confidence_interval(ppm),mz_min(Da),mz_max(Da),RelativeIntensity(%)
0,111.04408589824027,0.0005,17135.345703125,0.0,1.0,0.0,0.0,111.04408589824027,111.04408589824027,100.0
1,108.23612050765519,0.0005,4777.7578125,0.0,1.0,0.0,0.0,108.23612050765519,108.23612050765519,27.88247109382026
2,87.31291631993926,0.0005,4614.384765625,0.0,1.0,0.0,0.0,87.31291631993926,87.31291631993926,26.929043893076916
