,mz(Da),mz_std(Da),Int,Gauss_r2,N_signals,Confidence_interval(Da),Confidence_interval(ppm),mz_min(Da),mz_max(Da),RelativeIntensity(%)
0,111.0443424991094,0.0005,5882.39599609375,0.0,1.0,0.0,0.0,111.0443424991094,111.0443424991094,100.0
1,103.71144568076359,0.0005,4766.4609375,0.0,1.0,0.0,0.0,103.71144568076359,103.71144568076359,81.02924285725078
2,101.06030987296873,0.0005,4765.3603515625,0.0,1.0,0.0,0.0,101.06030987296873,101.06030987296873,81.01053303325675
3,111.52586222473066,0.0005,4421.37255859375,0.0,1.0,0.0,0.0,111.52586222473066,111.52586222473066,75.16278335443238
