,mz(Da),mz_std(Da),Int,Gauss_r2,N_signals,Confidence_interval(Da),Confidence_interval(ppm),mz_min(Da),mz_max(Da),RelativeIntensity(%)
0,111.04418095686489,0.0005,9856.2119140625,0.0,1.0,0.0,0.0,111.04418095686489,111.04418095686489,100.0
1,81.00461636461891,0.0005,4924.61962890625,0.0,1.0,0.0,0.0,81.00461636461891,81.00461636461891,49.96462811315952
2,69.51510122917514,0.0005,4595.80859375,0.0,1.0,0.0,0.0,69.51510122917514,69.51510122917514,46.62854891738743
3,108.78869219429964,0.0005,4189.2294921875,0.0,1.0,0.0,0.0,108.78869219429964,108.78869219429964,42.50344380492117
4,108.23080101158419,0.0005,4026.615478515625,0.0,1.0,0.0,0.0,108.23080101158419,108.23080101158419,40.853580600987186
