,mz(Da),mz_std(Da),Int,Gauss_r2,N_signals,Confidence_interval(Da),Confidence_interval(ppm),mz_min(Da),mz_max(Da),RelativeIntensity(%)
0,111.0440360968642,0.0005,26592.06640625,0.0,1.0,0.0,0.0,111.0440360968642,111.0440360968642,100.0
1,101.05965967177903,0.0005,11347.5341796875,0.0,1.0,0.0,0.0,101.05965967177903,101.05965967177903,42.67263027374383
2,129.0544978165803,0.0005,6263.951171875,0.0,1.0,0.0,0.0,129.0544978165803,129.0544978165803,23.555714235140325
3,245.13827425229624,0.0005,5781.72705078125,0.0,1.0,0.0,0.0,245.13827425229624,245.13827425229624,21.742300739074405
4,60.841696584565526,0.0005,4998.99951171875,0.0,1.0,0.0,0.0,60.841696584565526,60.841696584565526,18.798838102118392
5,50.71228645203203,0.0005,4429.9990234375,0.0,1.0,0.0,0.0,50.71228645203203,50.71228645203203,16.659100333760847
6,68.84146188773695,0.0005,4285.30322265625,0.0,1.0,0.0,0.0,68.84146188773695,68.84146188773695,16.114968867741187
