,mz(Da),mz_std(Da),Int,Gauss_r2,N_signals,Confidence_interval(Da),Confidence_interval(ppm),mz_min(Da),mz_max(Da),RelativeIntensity(%)
0,111.0440918604414,0.0005,9794.6240234375,0.0,1.0,0.0,0.0,111.0440918604414,111.0440918604414,100.0
1,101.05981232646711,0.0005,6155.1416015625,0.0,1.0,0.0,0.0,101.05981232646711,101.05981232646711,62.84204056055543
2,150.49647385684335,0.0005,5032.34521484375,0.0,1.0,0.0,0.0,150.49647385684335,150.49647385684335,51.378646110375236
3,222.71463379743676,0.0005,4448.93603515625,0.0,1.0,0.0,0.0,222.71463379743676,222.71463379743676,45.422223706702944
4,50.46170470873895,0.0005,4156.2333984375,0.0,1.0,0.0,0.0,50.46170470873895,50.46170470873895,42.43382276330437
