,mz(Da),mz_std(Da),Int,Gauss_r2,N_signals,Confidence_interval(Da),Confidence_interval(ppm),mz_min(Da),mz_max(Da),RelativeIntensity(%)
0,111.04415640760084,0.0005,15762.751953125,0.0,1.0,0.0,0.0,111.04415640760084,111.04415640760084,100.0
1,101.05981844107436,0.0005,5682.88818359375,0.0,1.0,0.0,0.0,101.05981844107436,101.05981844107436,36.05263979597868
2,63.11384929901976,0.0005,5050.9013671875,0.0,1.0,0.0,0.0,63.11384929901976,63.11384929901976,32.04327126511781
3,249.5561283519575,0.0005,4958.21337890625,0.0,1.0,0.0,0.0,249.5561283519575,249.5561283519575,31.4552521897883
4,157.09672516525393,0.0005,4935.9658203125,0.0,1.0,0.0,0.0,157.09672516525393,157.09672516525393,31.31411212325735
5,58.608200779101665,0.0005,4896.1826171875,0.0,1.0,0.0,0.0,58.608200779101665,58.608200779101665,31.061724702308858
6,92.1390440093384,0.0005,4653.98681640625,0.0,1.0,0.0,0.0,92.1390440093384,92.1390440093384,29.525217615846493
7,89.50507343285804,0.0005,4058.402587890625,0.0,1.0,0.0,0.0,89.50507343285804,89.50507343285804,25.746789646626635
