,mz(Da),mz_std(Da),Int,Gauss_r2,N_signals,Confidence_interval(Da),Confidence_interval(ppm),mz_min(Da),mz_max(Da),RelativeIntensity(%)
0,111.04423450896306,0.0005,12507.6728515625,0.0,1.0,0.0,0.0,111.04423450896306,111.04423450896306,100.0
1,54.249131518494835,0.0005,5608.68994140625,0.0,1.0,0.0,0.0,54.249131518494835,54.249131518494835,44.84199425399581
2,68.86159388128495,0.0005,4402.5439453125,0.0,1.0,0.0,0.0,68.86159388128495,68.86159388128495,35.19874558249674
3,147.37094801879218,0.0005,4338.208984375,0.0,1.0,0.0,0.0,147.37094801879218,147.37094801879218,34.68438162605969
4,63.43066247413793,0.0005,4279.7216796875,0.0,1.0,0.0,0.0,63.43066247413793,63.43066247413793,34.216770221591325
5,96.49761695374232,0.0005,4174.10302734375,0.0,1.0,0.0,0.0,96.49761695374232,96.49761695374232,33.372339338267125
