,mz(Da),mz_std(Da),Int,Gauss_r2,N_signals,Confidence_interval(Da),Confidence_interval(ppm),mz_min(Da),mz_max(Da),RelativeIntensity(%)
0,111.0440076021211,0.0005,34049.36328125,0.0,1.0,0.0,0.0,111.0440076021211,111.0440076021211,100.0
1,101.05995313742757,0.0005,11464.9453125,0.0,1.0,0.0,0.0,101.05995313742757,101.05995313742757,33.67154098535938
2,245.14055257538217,0.0005,7486.43798828125,0.0,1.0,0.0,0.0,245.14055257538217,245.14055257538217,21.987013168037166
3,103.34496932567413,0.0005,4826.4814453125,0.0,1.0,0.0,0.0,103.34496932567413,103.34496932567413,14.174953597356414
4,62.871317309574565,0.0005,4325.0771484375,0.0,1.0,0.0,0.0,62.871317309574565,62.871317309574565,12.70237305970181
