,mz(Da),mz_std(Da),Int,Gauss_r2,N_signals,Confidence_interval(Da),Confidence_interval(ppm),mz_min(Da),mz_max(Da),RelativeIntensity(%)
0,111.04413077909155,0.0005,16533.12890625,0.0,1.0,0.0,0.0,111.04413077909155,111.04413077909155,100.0
1,101.06003625909852,0.0005,8719.869140625,0.0,1.0,0.0,0.0,101.06003625909852,101.06003625909852,52.74179612383375
2,129.055010401693,0.0005,6751.2255859375,0.0,1.0,0.0,0.0,129.055010401693,129.055010401693,40.83453062163776
3,239.7984865586119,0.0005,5525.40185546875,0.0,1.0,0.0,0.0,239.7984865586119,239.7984865586119,33.42018251233733
4,168.1766497116538,0.0005,4933.2626953125,0.0,1.0,0.0,0.0,168.1766497116538,168.1766497116538,29.838651372563753
5,188.12145869044002,0.0005,4915.21826171875,0.0,1.0,0.0,0.0,188.12145869044002,188.12145869044002,29.72951030376746
6,83.0489283359897,0.0005,4368.5302734375,0.0,1.0,0.0,0.0,83.0489283359897,83.0489283359897,26.422888844628005
7,121.67224678403036,0.0005,4210.212890625,0.0,1.0,0.0,0.0,121.67224678403036,121.67224678403036,25.465312189233693
8,81.2335795567397,0.0005,3977.77734375,0.0,1.0,0.0,0.0,81.2335795567397,81.2335795567397,24.05943464365227
