,mz(Da),mz_std(Da),Int,Gauss_r2,N_signals,Confidence_interval(Da),Confidence_interval(ppm),mz_min(Da),mz_max(Da),RelativeIntensity(%)
0,111.04438296393187,0.0005,11684.0419921875,0.0,1.0,0.0,0.0,111.04438296393187,111.04438296393187,100.0
1,101.05995544427171,0.0005,5418.63671875,0.0,1.0,0.0,0.0,101.05995544427171,101.05995544427171,46.37638860227612
2,67.26475900492412,0.0005,4575.462890625,0.0,1.0,0.0,0.0,67.26475900492412,67.26475900492412,39.15993192838891
3,203.00967267182358,0.0005,4409.76220703125,0.0,1.0,0.0,0.0,203.00967267182358,203.00967267182358,37.74175246870753
4,56.17277867786409,0.0005,4252.02490234375,0.0,1.0,0.0,0.0,56.17277867786409,56.17277867786409,36.3917290368081
5,55.5755984552673,0.0005,3997.211181640625,0.0,1.0,0.0,0.0,55.5755984552673,55.5755984552673,34.21085942958223
