,mz(Da),mz_std(Da),Int,Gauss_r2,N_signals,Confidence_interval(Da),Confidence_interval(ppm),mz_min(Da),mz_max(Da),RelativeIntensity(%)
0,111.0440267211213,0.0005,41284.2578125,0.0,1.0,0.0,0.0,111.0440267211213,111.0440267211213,100.0
1,101.05982700873476,0.0005,17534.28125,0.0,1.0,0.0,0.0,101.05982700873476,101.05982700873476,42.47207574769817
2,129.0547331910318,0.0005,7508.41943359375,0.0,1.0,0.0,0.0,129.0547331910318,129.0547331910318,18.1871246606748
3,97.08929896649633,0.0005,5238.373046875,0.0,1.0,0.0,0.0,97.08929896649633,97.08929896649633,12.688548430895933
