,mz(Da),mz_std(Da),Int,Gauss_r2,N_signals,Confidence_interval(Da),Confidence_interval(ppm),mz_min(Da),mz_max(Da),RelativeIntensity(%)
0,111.04404907223754,0.0005,18819.58984375,0.0,1.0,0.0,0.0,111.04404907223754,111.04404907223754,100.0
1,101.05980881884368,0.0005,9410.8486328125,0.0,1.0,0.0,0.0,101.05980881884368,101.05980881884368,50.00559901117
2,129.05464981025574,0.0005,5316.79443359375,0.0,1.0,0.0,0.0,129.05464981025574,129.05464981025574,28.251383147754737
3,51.69154826285991,0.0005,4463.3466796875,0.0,1.0,0.0,0.0,51.69154826285991,51.69154826285991,23.71649284997452
4,77.00116273030419,0.0005,4373.37060546875,0.0,1.0,0.0,0.0,77.00116273030419,77.00116273030419,23.238394894781138
5,90.933306035946,0.0005,4192.3525390625,0.0,1.0,0.0,0.0,90.933306035946,90.933306035946,22.276535109795624
6,56.34574551711526,0.0005,4155.25537109375,0.0,1.0,0.0,0.0,56.34574551711526,56.34574551711526,22.079415149813762
7,65.77254214921805,0.0005,3826.740966796875,0.0,1.0,0.0,0.0,65.77254214921805,65.77254214921805,20.33381704154269
