,mz(Da),mz_std(Da),Int,Gauss_r2,N_signals,Confidence_interval(Da),Confidence_interval(ppm),mz_min(Da),mz_max(Da),RelativeIntensity(%)
0,111.04365556102816,0.0005,20837.2734375,0.0,1.0,0.0,0.0,111.04365556102816,111.04365556102816,100.0
1,101.05988469005226,0.0005,5800.40966796875,0.0,1.0,0.0,0.0,101.05988469005226,101.05988469005226,27.83670179002396
2,128.91495271327483,0.0005,5335.07275390625,0.0,1.0,0.0,0.0,128.91495271327483,128.91495271327483,25.60350695549704
3,238.3186449451679,0.0005,4968.97412109375,0.0,1.0,0.0,0.0,238.3186449451679,238.3186449451679,23.84656579949317
4,76.91485604440354,0.0005,4724.52294921875,0.0,1.0,0.0,0.0,76.91485604440354,76.91485604440354,22.67342204530568
5,50.36195022649467,0.0005,4662.92724609375,0.0,1.0,0.0,0.0,50.36195022649467,50.36195022649467,22.377818576311757
6,68.3882644807375,0.0005,4405.5166015625,0.0,1.0,0.0,0.0,68.3882644807375,68.3882644807375,21.142481115758983
