,mz(Da),mz_std(Da),Int,Gauss_r2,N_signals,Confidence_interval(Da),Confidence_interval(ppm),mz_min(Da),mz_max(Da),RelativeIntensity(%)
0,111.0441159041897,0.0005,8612.162109375,0.0,1.0,0.0,0.0,111.0441159041897,111.0441159041897,100.0
1,135.07993541336646,0.0005,5274.20751953125,0.0,1.0,0.0,0.0,135.07993541336646,135.07993541336646,61.241386919434206
2,67.05996376480957,0.0005,4752.2626953125,0.0,1.0,0.0,0.0,67.05996376480957,67.05996376480957,55.180831885866354
3,210.17092632860198,0.0005,4740.7998046875,0.0,1.0,0.0,0.0,210.17092632860198,210.17092632860198,55.04773069153883
4,239.84163525019522,0.0005,4341.80126953125,0.0,1.0,0.0,0.0,239.84163525019522,239.84163525019522,50.41476477555927
5,93.28214986127085,0.0005,4214.83837890625,0.0,1.0,0.0,0.0,93.28214986127085,93.28214986127085,48.94053694504978
6,82.86218411117184,0.0005,4208.2890625,0.0,1.0,0.0,0.0,82.86218411117184,82.86218411117184,48.864489649108606
7,129.59249122506367,0.0005,4013.6640625,0.0,1.0,0.0,0.0,129.59249122506367,129.59249122506367,46.60460418099676
8,125.79990606540929,0.0005,3987.629150390625,0.0,1.0,0.0,0.0,125.79990606540929,125.79990606540929,46.30230016281027
