,mz(Da),mz_std(Da),Int,Gauss_r2,N_signals,Confidence_interval(Da),Confidence_interval(ppm),mz_min(Da),mz_max(Da),RelativeIntensity(%)
0,111.04374831720342,0.0005,22711.439453125,0.0,1.0,0.0,0.0,111.04374831720342,111.04374831720342,100.0
1,101.0593912525344,0.0005,9013.4560546875,0.0,1.0,0.0,0.0,101.0593912525344,101.0593912525344,39.6868550462894
2,245.13957392757405,0.0005,7740.27978515625,0.0,1.0,0.0,0.0,245.13957392757405,245.13957392757405,34.080974044519316
3,264.24206608695005,0.0005,4990.07421875,0.0,1.0,0.0,0.0,264.24206608695005,264.24206608695005,21.971633409891094
4,129.0540871067082,0.0005,4809.02392578125,0.0,1.0,0.0,0.0,129.0540871067082,129.0540871067082,21.174456756502718
5,67.38439014227339,0.0005,4738.6259765625,0.0,1.0,0.0,0.0,67.38439014227339,67.38439014227339,20.864489837126925
6,82.70679470012223,0.0005,4468.55517578125,0.0,1.0,0.0,0.0,82.70679470012223,82.70679470012223,19.675349882617834
7,59.69015648282394,0.0005,4341.0107421875,0.0,1.0,0.0,0.0,59.69015648282394,59.69015648282394,19.113763137502033
