,mz(Da),mz_std(Da),Int,Gauss_r2,N_signals,Confidence_interval(Da),Confidence_interval(ppm),mz_min(Da),mz_max(Da),RelativeIntensity(%)
0,247.17773386538062,0.0005,46950.9921875,0.0,1.0,0.0,0.0,247.17773386538062,247.17773386538062,100.0
1,119.06045995598734,0.0005,15584.9560546875,0.0,1.0,0.0,0.0,119.06045995598734,119.06045995598734,33.194093092747806
2,247.07673016075034,0.0005,12954.82421875,0.0,1.0,0.0,0.0,247.07673016075034,247.07673016075034,27.592226735091295
3,247.1304689549422,0.0005,6583.7353515625,0.0,1.0,0.0,0.0,247.1304689549422,247.1304689549422,14.022569161627473
4,136.79560606936207,0.0005,5239.13671875,0.0,1.0,0.0,0.0,136.79560606936207,136.79560606936207,11.15873483104973
5,112.04724968468767,0.0005,5142.54248046875,0.0,1.0,0.0,0.0,112.04724968468767,112.04724968468767,10.95300065210949
6,155.0158347154949,0.0005,4879.64306640625,0.0,1.0,0.0,0.0,155.0158347154949,155.0158347154949,10.39305633184336
7,52.74067356575023,0.0005,4767.22314453125,0.0,1.0,0.0,0.0,52.74067356575023,52.74067356575023,10.153615338933033
8,101.61105740551741,0.0005,4484.00390625,0.0,1.0,0.0,0.0,101.61105740551741,101.61105740551741,9.550392222475331
