,mz(Da),mz_std(Da),Int,Gauss_r2,N_signals,Confidence_interval(Da),Confidence_interval(ppm),mz_min(Da),mz_max(Da),RelativeIntensity(%)
0,203.10407124328444,0.0005,28402.65234375,0.0,1.0,0.0,0.0,203.10407124328444,203.10407124328444,100.0
1,249.11083835440525,0.0005,12883.265625,0.0,1.0,0.0,0.0,249.11083835440525,249.11083835440525,45.359375135382244
2,250.36374201447956,0.0005,4830.51025390625,0.0,1.0,0.0,0.0,250.36374201447956,250.36374201447956,17.007250574502077
3,192.08571358564842,0.0005,4650.310546875,0.0,1.0,0.0,0.0,192.08571358564842,192.08571358564842,16.37280381632492
4,59.59834162016659,0.0005,4527.7275390625,0.0,1.0,0.0,0.0,59.59834162016659,59.59834162016659,15.941213814345847
5,199.90910422644924,0.0005,4457.7900390625,0.0,1.0,0.0,0.0,199.90910422644924,199.90910422644924,15.694978008078305
6,152.83972419783714,0.0005,4363.65673828125,0.0,1.0,0.0,0.0,152.83972419783714,152.83972419783714,15.363553676146276
7,249.15567594415342,0.0005,4349.3056640625,0.0,1.0,0.0,0.0,249.15567594415342,249.15567594415342,15.313026443530594
8,191.66755048288996,0.0005,4233.4345703125,0.0,1.0,0.0,0.0,191.66755048288996,191.66755048288996,14.905067734788743
