,mz(Da),mz_std(Da),Int,Gauss_r2,N_signals,Confidence_interval(Da),Confidence_interval(ppm),mz_min(Da),mz_max(Da),RelativeIntensity(%)
0,203.10423132834552,0.0005,17822.919921875,0.0,1.0,0.0,0.0,203.10423132834552,203.10423132834552,100.0
1,249.14997795733012,0.0005,8226.59375,0.0,1.0,0.0,0.0,249.14997795733012,249.14997795733012,46.15738490696506
2,175.1120789160601,0.0005,7595.2431640625,0.0,1.0,0.0,0.0,175.1120789160601,175.1120789160601,42.61503276318075
3,249.11153775185204,0.0005,6795.7548828125,0.0,1.0,0.0,0.0,249.11153775185204,249.11153775185204,38.12930155440869
4,73.59101763271656,0.0005,4692.4248046875,0.0,1.0,0.0,0.0,73.59101763271656,73.59101763271656,26.328036176206133
5,186.16786560347853,0.0005,4617.0244140625,0.0,1.0,0.0,0.0,186.16786560347853,186.16786560347853,25.904983214314868
6,88.11646289831737,0.0005,4608.3544921875,0.0,1.0,0.0,0.0,88.11646289831737,88.11646289831737,25.85633842483591
7,74.06872168398304,0.0005,4390.92431640625,0.0,1.0,0.0,0.0,74.06872168398304,74.06872168398304,24.636391431109104
