,mz(Da),mz_std(Da),Int,Gauss_r2,N_signals,Confidence_interval(Da),Confidence_interval(ppm),mz_min(Da),mz_max(Da),RelativeIntensity(%)
0,178.0337615624166,0.0005,5101.06005859375,0.0,1.0,0.0,0.0,178.0337615624166,178.0337615624166,100.0
1,72.51874984284778,0.0005,4587.60791015625,0.0,1.0,0.0,0.0,72.51874984284778,72.51874984284778,89.93440299585401
2,137.7700131281921,0.0005,4477.451171875,0.0,1.0,0.0,0.0,137.7700131281921,137.7700131281921,87.77491581052537
3,60.40487097564817,0.0005,4415.62548828125,0.0,1.0,0.0,0.0,60.40487097564817,60.40487097564817,86.56289942797774
