,mz(Da),mz_std(Da),Int,Gauss_r2,N_signals,Confidence_interval(Da),Confidence_interval(ppm),mz_min(Da),mz_max(Da),RelativeIntensity(%)
0,249.18433069748085,0.0005,9560.177734375,0.0,1.0,0.0,0.0,249.18433069748085,249.18433069748085,100.0
1,249.11212351584976,0.0005,5113.265625,0.0,1.0,0.0,0.0,249.11212351584976,249.11212351584976,53.4850477372875
2,233.68677233335012,0.0005,5002.9248046875,0.0,1.0,0.0,0.0,233.68677233335012,233.68677233335012,52.33087651392464
3,51.86339570865741,0.0005,4947.58056640625,0.0,1.0,0.0,0.0,51.86339570865741,51.86339570865741,51.751972650220814
4,143.12133725695182,0.0005,4930.50732421875,0.0,1.0,0.0,0.0,143.12133725695182,143.12133725695182,51.573385570964845
5,196.1624372263538,0.0005,4793.36328125,0.0,1.0,0.0,0.0,196.1624372263538,196.1624372263538,50.1388511221373
6,133.1001353784977,0.0005,4772.3017578125,0.0,1.0,0.0,0.0,133.1001353784977,133.1001353784977,49.91854639535622
7,103.5724973299562,0.0005,4531.923828125,0.0,1.0,0.0,0.0,103.5724973299562,103.5724973299562,47.40417965065454
8,116.15730328935447,0.0005,4479.48583984375,0.0,1.0,0.0,0.0,116.15730328935447,116.15730328935447,46.855675326381345
