,mz(Da),mz_std(Da),Int,Gauss_r2,N_signals,Confidence_interval(Da),Confidence_interval(ppm),mz_min(Da),mz_max(Da),RelativeIntensity(%)
0,249.1579467864954,0.0005,57682.24609375,0.0,1.0,0.0,0.0,249.1579467864954,249.1579467864954,100.0
1,249.12371555512127,0.0005,13673.984375,0.0,1.0,0.0,0.0,249.12371555512127,249.12371555512127,23.705707216698706
2,58.065107968487425,0.0005,5603.54541015625,0.0,1.0,0.0,0.0,58.065107968487425,58.065107968487425,9.714506264282601
3,58.43347059066669,0.0005,4810.07861328125,0.0,1.0,0.0,0.0,58.43347059066669,58.43347059066669,8.338923913371039
4,170.19493873089834,0.0005,4675.2412109375,0.0,1.0,0.0,0.0,170.19493873089834,170.19493873089834,8.105164981507322
