,mz(Da),mz_std(Da),Int,Gauss_r2,N_signals,Confidence_interval(Da),Confidence_interval(ppm),mz_min(Da),mz_max(Da),RelativeIntensity(%)
0,164.10673320261697,0.0005,47469.7734375,0.0,1.0,0.0,0.0,164.10673320261697,164.10673320261697,100.0
1,98.06003307622102,0.0005,9609.2763671875,0.0,1.0,0.0,0.0,98.06003307622102,98.06003307622102,20.242937076241443
2,188.3443679066583,0.0005,4379.83203125,0.0,1.0,0.0,0.0,188.3443679066583,188.3443679066583,9.22657032904656
3,187.435580402364,0.0005,4365.39599609375,0.0,1.0,0.0,0.0,187.435580402364,187.435580402364,9.19615932408304
4,207.3680549802252,0.0005,4023.086669921875,0.0,1.0,0.0,0.0,207.3680549802252,207.3680549802252,8.475049233632388
5,72.98977447333795,0.0005,3774.5517578125,0.0,1.0,0.0,0.0,72.98977447333795,72.98977447333795,7.951484670096811
