,mz(Da),mz_std(Da),Int,Gauss_r2,N_signals,Confidence_interval(Da),Confidence_interval(ppm),mz_min(Da),mz_max(Da),RelativeIntensity(%)
0,111.0438810137402,0.0005,13093.646484375,0.0,1.0,0.0,0.0,111.0438810137402,111.0438810137402,100.0
1,101.05957396351849,0.0005,6300.27099609375,0.0,1.0,0.0,0.0,101.05957396351849,101.05957396351849,48.11700853243619
2,78.35482418635672,0.0005,4822.73046875,0.0,1.0,0.0,0.0,78.35482418635672,78.35482418635672,36.83260025772877
3,130.35580784038183,0.0005,4664.6015625,0.0,1.0,0.0,0.0,130.35580784038183,130.35580784038183,35.624923645726916
4,89.97874882597287,0.0005,4520.78125,0.0,1.0,0.0,0.0,89.97874882597287,89.97874882597287,34.52652594061379
5,79.74239600807309,0.0005,4456.27880859375,0.0,1.0,0.0,0.0,79.74239600807309,79.74239600807309,34.03390196849706
6,73.60773570388008,0.0005,4397.146484375,0.0,1.0,0.0,0.0,73.60773570388008,73.60773570388008,33.58229114878146
7,88.41097552979872,0.0005,3996.447021484375,0.0,1.0,0.0,0.0,88.41097552979872,88.41097552979872,30.522032393752518
