,mz(Da),mz_std(Da),Int,Gauss_r2,N_signals,Confidence_interval(Da),Confidence_interval(ppm),mz_min(Da),mz_max(Da),RelativeIntensity(%)
0,111.04415287847766,0.0005,26788.083984375,0.0,1.0,0.0,0.0,111.04415287847766,111.04415287847766,100.0
1,101.05980812554898,0.0005,10619.513671875,0.0,1.0,0.0,0.0,101.05980812554898,101.05980812554898,39.6426772368982
2,129.05458908717455,0.0005,8715.7802734375,0.0,1.0,0.0,0.0,129.05458908717455,129.05458908717455,32.53603459852245
3,245.13887354083272,0.0005,7529.19873046875,0.0,1.0,0.0,0.0,245.13887354083272,245.13887354083272,28.106522044877842
4,55.31121158823866,0.0005,4914.3330078125,0.0,1.0,0.0,0.0,55.31121158823866,55.31121158823866,18.345220250462635
5,81.8345304955499,0.0005,4807.01416015625,0.0,1.0,0.0,0.0,81.8345304955499,81.8345304955499,17.944598661703814
6,55.49252830523342,0.0005,4244.92724609375,0.0,1.0,0.0,0.0,55.49252830523342,55.49252830523342,15.846326480720826
7,105.50100411554172,0.0005,4123.0751953125,0.0,1.0,0.0,0.0,105.50100411554172,105.50100411554172,15.391452399945493
