,mz(Da),mz_std(Da),Int,Gauss_r2,N_signals,Confidence_interval(Da),Confidence_interval(ppm),mz_min(Da),mz_max(Da),RelativeIntensity(%)
0,111.0437571045659,0.0005,28496.865234375,0.0,1.0,0.0,0.0,111.0437571045659,111.0437571045659,100.0
1,101.05974069071956,0.0005,9041.8681640625,0.0,1.0,0.0,0.0,101.05974069071956,101.05974069071956,31.72934317405389
2,245.13757286587898,0.0005,8480.75,0.0,1.0,0.0,0.0,245.13757286587898,245.13757286587898,29.76029093112284
3,129.0545157639284,0.0005,5654.18359375,0.0,1.0,0.0,0.0,129.0545157639284,129.0545157639284,19.841423073193017
4,56.270006202871926,0.0005,5465.392578125,0.0,1.0,0.0,0.0,56.270006202871926,56.270006202871926,19.17892558768971
5,79.58057500728525,0.0005,4664.91796875,0.0,1.0,0.0,0.0,79.58057500728525,79.58057500728525,16.36993378177904
6,169.08666287150356,0.0005,4538.853515625,0.0,1.0,0.0,0.0,169.08666287150356,169.08666287150356,15.927553709135358
7,73.48808574013503,0.0005,4171.4326171875,0.0,1.0,0.0,0.0,73.48808574013503,73.48808574013503,14.638215757695388
8,83.42012639232803,0.0005,3922.2490234375,0.0,1.0,0.0,0.0,83.42012639232803,83.42012639232803,13.763791179059922
