,mz(Da),mz_std(Da),Int,Gauss_r2,N_signals,Confidence_interval(Da),Confidence_interval(ppm),mz_min(Da),mz_max(Da),RelativeIntensity(%)
0,111.0441424938876,0.0005,18348.587890625,0.0,1.0,0.0,0.0,111.0441424938876,111.0441424938876,100.0
1,101.0595543545407,0.0005,7151.36376953125,0.0,1.0,0.0,0.0,101.0595543545407,101.0595543545407,38.97500893344036
2,75.9082047334498,0.0005,5195.95703125,0.0,1.0,0.0,0.0,75.9082047334498,75.9082047334498,28.318021322528118
3,102.30187691420139,0.0005,4420.1875,0.0,1.0,0.0,0.0,102.30187691420139,102.30187691420139,24.090069090594397
4,128.368397867163,0.0005,4394.30712890625,0.0,1.0,0.0,0.0,128.368397867163,128.368397867163,23.949020791684305
5,129.0538119028132,0.0005,4295.2373046875,0.0,1.0,0.0,0.0,129.0538119028132,129.0538119028132,23.409089191447272
