,mz(Da),mz_std(Da),Int,Gauss_r2,N_signals,Confidence_interval(Da),Confidence_interval(ppm),mz_min(Da),mz_max(Da),RelativeIntensity(%)
0,245.12656695941016,0.0005,63439.31640625,0.0,1.0,0.0,0.0,245.12656695941016,245.12656695941016,100.0
1,111.04376770167526,0.0005,40270.9765625,0.0,1.0,0.0,0.0,111.04376770167526,111.04376770167526,63.479524754987004
2,101.05976250368857,0.0005,15296.8759765625,0.0,1.0,0.0,0.0,101.05976250368857,101.05976250368857,24.112611615492536
3,129.05481910891376,0.0005,11574.9306640625,0.0,1.0,0.0,0.0,129.05481910891376,129.05481910891376,18.245673692224944
4,187.0959368920919,0.0005,6569.49072265625,0.0,1.0,0.0,0.0,187.0959368920919,187.0959368920919,10.355550934040373
5,83.0493732535724,0.0005,6319.3642578125,0.0,1.0,0.0,0.0,83.0493732535724,83.0493732535724,9.961274199969028
6,86.0964322721276,0.0005,5451.77490234375,0.0,1.0,0.0,0.0,86.0964322721276,86.0964322721276,8.593684817522158
7,54.29528506625047,0.0005,4410.59716796875,0.0,1.0,0.0,0.0,54.29528506625047,54.29528506625047,6.952466416448051
8,90.56663520469058,0.0005,4290.7841796875,0.0,1.0,0.0,0.0,90.56663520469058,90.56663520469058,6.763604059366527
