,mz(Da),mz_std(Da),Int,Gauss_r2,N_signals,Confidence_interval(Da),Confidence_interval(ppm),mz_min(Da),mz_max(Da),RelativeIntensity(%)
0,111.04362584063828,0.0005,23718.75,0.0,1.0,0.0,0.0,111.04362584063828,111.04362584063828,100.0
1,101.05969050460007,0.0005,10864.009765625,0.0,1.0,0.0,0.0,101.05969050460007,101.05969050460007,45.803466732542816
2,245.13769594891784,0.0005,7250.26953125,0.0,1.0,0.0,0.0,245.13769594891784,245.13769594891784,30.567671277997366
3,129.0542156772823,0.0005,6288.52001953125,0.0,1.0,0.0,0.0,129.0542156772823,129.0542156772823,26.512864377470358
4,96.95944135459891,0.0005,4770.74169921875,0.0,1.0,0.0,0.0,96.95944135459891,96.95944135459891,20.113798995388667
5,55.05433143917145,0.0005,4711.10302734375,0.0,1.0,0.0,0.0,55.05433143917145,55.05433143917145,19.862357954545455
6,52.123074925949,0.0005,4281.951171875,0.0,1.0,0.0,0.0,52.123074925949,52.123074925949,18.053022068511197
7,137.49329397746646,0.0005,4265.03271484375,0.0,1.0,0.0,0.0,137.49329397746646,137.49329397746646,17.981692605401843
8,154.7288053869117,0.0005,3831.863525390625,0.0,1.0,0.0,0.0,154.7288053869117,154.7288053869117,16.155419342885374
