,mz(Da),mz_std(Da),Int,Gauss_r2,N_signals,Confidence_interval(Da),Confidence_interval(ppm),mz_min(Da),mz_max(Da),RelativeIntensity(%)
0,111.04427859143854,0.0005,14755.5390625,0.0,1.0,0.0,0.0,111.04427859143854,111.04427859143854,100.0
1,101.05990307525931,0.0005,5953.53125,0.0,1.0,0.0,0.0,101.05990307525931,101.05990307525931,40.347771943692756
2,90.52351954023902,0.0005,4565.84619140625,0.0,1.0,0.0,0.0,90.52351954023902,90.52351954023902,30.943269317825035
3,71.92463775797523,0.0005,4355.1640625,0.0,1.0,0.0,0.0,71.92463775797523,71.92463775797523,29.51545208923132
4,81.00111653342078,0.0005,4289.6552734375,0.0,1.0,0.0,0.0,81.00111653342078,81.00111653342078,29.071491426154054
5,193.41665404648444,0.0005,4285.32568359375,0.0,1.0,0.0,0.0,193.41665404648444,193.41665404648444,29.042149293512132
6,69.52198667273937,0.0005,4279.60791015625,0.0,1.0,0.0,0.0,69.52198667273937,69.52198667273937,29.003399279613745
7,120.93260938692734,0.0005,4112.94482421875,0.0,1.0,0.0,0.0,120.93260938692734,120.93260938692734,27.87390421181876
