,mz(Da),mz_std(Da),Int,Gauss_r2,N_signals,Confidence_interval(Da),Confidence_interval(ppm),mz_min(Da),mz_max(Da),RelativeIntensity(%)
0,111.04420854188889,0.0005,14203.1279296875,0.0,1.0,0.0,0.0,111.04420854188889,111.04420854188889,100.0
1,101.0597397725306,0.0005,8290.1103515625,0.0,1.0,0.0,0.0,101.0597397725306,101.0597397725306,58.36820165672408
2,138.05454415133545,0.0005,5623.97216796875,0.0,1.0,0.0,0.0,138.05454415133545,138.05454415133545,39.596715567234135
3,254.15894426234655,0.0005,4628.6083984375,0.0,1.0,0.0,0.0,254.15894426234655,254.15894426234655,32.588655269116764
4,84.60632551049369,0.0005,4581.42041015625,0.0,1.0,0.0,0.0,84.60632551049369,84.60632551049369,32.256418676481296
5,185.44528090134412,0.0005,4581.2255859375,0.0,1.0,0.0,0.0,185.44528090134412,185.44528090134412,32.25504697709427
6,108.1023021307575,0.0005,4573.8857421875,0.0,1.0,0.0,0.0,108.1023021307575,108.1023021307575,32.203369319987075
