,mz(Da),mz_std(Da),Int,Gauss_r2,N_signals,Confidence_interval(Da),Confidence_interval(ppm),mz_min(Da),mz_max(Da),RelativeIntensity(%)
0,111.04442872002443,0.0005,14867.306640625,0.0,1.0,0.0,0.0,111.04442872002443,111.04442872002443,100.0
1,70.583236107971,0.0005,4772.4853515625,0.0,1.0,0.0,0.0,70.583236107971,70.583236107971,32.1005375548094
2,65.05389294317882,0.0005,4628.76416015625,0.0,1.0,0.0,0.0,65.05389294317882,65.05389294317882,31.13384469725085
3,163.97260187181286,0.0005,4215.76708984375,0.0,1.0,0.0,0.0,163.97260187181286,163.97260187181286,28.355957079166867
4,85.7942424285231,0.0005,4172.8154296875,0.0,1.0,0.0,0.0,85.7942424285231,85.7942424285231,28.067057003352968
5,195.021958351208,0.0005,4072.833740234375,0.0,1.0,0.0,0.0,195.021958351208,195.021958351208,27.3945633777764
6,191.37514507524395,0.0005,4046.682861328125,0.0,1.0,0.0,0.0,191.37514507524395,191.37514507524395,27.21866817672638
