,mz(Da),mz_std(Da),Int,Gauss_r2,N_signals,Confidence_interval(Da),Confidence_interval(ppm),mz_min(Da),mz_max(Da),RelativeIntensity(%)
0,111.04401865737248,0.0005,37970.6796875,0.0,1.0,0.0,0.0,111.04401865737248,111.04401865737248,100.0
1,101.05982379912913,0.0005,17251.294921875,0.0,1.0,0.0,0.0,101.05982379912913,101.05982379912913,45.43320020566856
2,245.1358792898097,0.0005,15549.4453125,0.0,1.0,0.0,0.0,245.1358792898097,245.1358792898097,40.951190340737824
3,129.0553485475624,0.0005,9066.455078125,0.0,1.0,0.0,0.0,129.0553485475624,129.0553485475624,23.877515895797067
4,83.69539693744868,0.0005,5163.95361328125,0.0,1.0,0.0,0.0,83.69539693744868,83.69539693744868,13.599845079889972
5,138.1874470606984,0.0005,4706.48046875,0.0,1.0,0.0,0.0,138.1874470606984,138.1874470606984,12.395038770663302
6,74.51623609676015,0.0005,4625.31494140625,0.0,1.0,0.0,0.0,74.51623609676015,74.51623609676015,12.18128034439402
7,86.09664299983817,0.0005,4583.38623046875,0.0,1.0,0.0,0.0,86.09664299983817,86.09664299983817,12.070856429724662
8,167.72966047192926,0.0005,4083.55615234375,0.0,1.0,0.0,0.0,167.72966047192926,167.72966047192926,10.754498433927328
