,mz(Da),mz_std(Da),Int,Gauss_r2,N_signals,Confidence_interval(Da),Confidence_interval(ppm),mz_min(Da),mz_max(Da),RelativeIntensity(%)
0,111.0439684124741,0.0005,41485.14453125,0.0,1.0,0.0,0.0,111.0439684124741,111.0439684124741,100.0
1,101.05982012169385,0.0005,17912.97265625,0.0,1.0,0.0,0.0,101.05982012169385,101.05982012169385,43.17924611002979
2,129.05489276044335,0.0005,15045.8798828125,0.0,1.0,0.0,0.0,129.05489276044335,129.05489276044335,36.26811489466721
3,245.13872483598834,0.0005,9333.423828125,0.0,1.0,0.0,0.0,245.13872483598834,245.13872483598834,22.498231435819882
4,55.05420097187098,0.0005,8981.0888671875,0.0,1.0,0.0,0.0,55.05420097187098,55.05420097187098,21.648927510478384
5,187.09729620363808,0.0005,8099.095703125,0.0,1.0,0.0,0.0,187.09729620363808,187.09729620363808,19.52288173185488
6,158.6229474598503,0.0005,4503.84814453125,0.0,1.0,0.0,0.0,158.6229474598503,158.6229474598503,10.856532369408967
