,mz(Da),mz_std(Da),Int,Gauss_r2,N_signals,Confidence_interval(Da),Confidence_interval(ppm),mz_min(Da),mz_max(Da),RelativeIntensity(%)
0,111.04427237689315,0.0005,14321.919921875,0.0,1.0,0.0,0.0,111.04427237689315,111.04427237689315,100.0
1,129.05497946885166,0.0005,6267.91650390625,0.0,1.0,0.0,0.0,129.05497946885166,129.05497946885166,43.764499020363644
2,101.05953906221143,0.0005,5639.74169921875,0.0,1.0,0.0,0.0,101.05953906221143,101.05953906221143,39.37839151442766
3,163.45623741538577,0.0005,5446.5703125,0.0,1.0,0.0,0.0,163.45623741538577,163.45623741538577,38.02961015150645
4,260.9480078084446,0.0005,4653.7490234375,0.0,1.0,0.0,0.0,260.9480078084446,260.9480078084446,32.49389082485695
5,67.30209314684485,0.0005,4597.0869140625,0.0,1.0,0.0,0.0,67.30209314684485,67.30209314684485,32.09825874700644
6,63.19538258225876,0.0005,4445.14208984375,0.0,1.0,0.0,0.0,63.19538258225876,63.19538258225876,31.037333779909865
7,55.07156806885648,0.0005,4401.80615234375,0.0,1.0,0.0,0.0,55.07156806885648,55.07156806885648,30.73474908640233
8,59.51005343959048,0.0005,3643.664306640625,0.0,1.0,0.0,0.0,59.51005343959048,59.51005343959048,25.44117217884572
