,mz(Da),mz_std(Da),Int,Gauss_r2,N_signals,Confidence_interval(Da),Confidence_interval(ppm),mz_min(Da),mz_max(Da),RelativeIntensity(%)
0,111.04394259627061,0.0005,20574.494140625,0.0,1.0,0.0,0.0,111.04394259627061,111.04394259627061,100.0
1,93.18586421250936,0.0005,5496.27880859375,0.0,1.0,0.0,0.0,93.18586421250936,93.18586421250936,26.714041040460728
2,101.05992876160789,0.0005,5392.95947265625,0.0,1.0,0.0,0.0,101.05992876160789,101.05992876160789,26.211869102568496
3,76.73888976519311,0.0005,5253.78369140625,0.0,1.0,0.0,0.0,76.73888976519311,76.73888976519311,25.53542097072747
4,258.5533721730433,0.0005,4876.7900390625,0.0,1.0,0.0,0.0,258.5533721730433,258.5533721730433,23.7030859943872
5,100.35958717557949,0.0005,4714.96923828125,0.0,1.0,0.0,0.0,100.35958717557949,100.35958717557949,22.916574308242126
6,64.78981624715718,0.0005,4497.1552734375,0.0,1.0,0.0,0.0,64.78981624715718,64.78981624715718,21.857914185883782
7,77.58282620578876,0.0005,4418.158203125,0.0,1.0,0.0,0.0,77.58282620578876,77.58282620578876,21.473957867091396
8,56.40974765018117,0.0005,4274.248046875,0.0,1.0,0.0,0.0,56.40974765018117,56.40974765018117,20.774498841433772
