,mz(Da),mz_std(Da),Int,Gauss_r2,N_signals,Confidence_interval(Da),Confidence_interval(ppm),mz_min(Da),mz_max(Da),RelativeIntensity(%)
0,111.04383227538302,0.0005,9429.7431640625,0.0,1.0,0.0,0.0,111.04383227538302,111.04383227538302,100.0
1,107.36955995729468,0.0005,5131.99072265625,0.0,1.0,0.0,0.0,107.36955995729468,107.36955995729468,54.423441162370935
2,103.80652590940964,0.0005,4591.62353515625,0.0,1.0,0.0,0.0,103.80652590940964,103.80652590940964,48.69298617437739
3,245.13816060270995,0.0005,4522.42236328125,0.0,1.0,0.0,0.0,245.13816060270995,245.13816060270995,47.9591255519722
4,211.94983473872992,0.0005,4435.90234375,0.0,1.0,0.0,0.0,211.94983473872992,211.94983473872992,47.04160300627886
5,214.1154361976948,0.0005,4358.43994140625,0.0,1.0,0.0,0.0,214.1154361976948,214.1154361976948,46.22013416035137
6,53.798272406617485,0.0005,4185.08837890625,0.0,1.0,0.0,0.0,53.798272406617485,53.798272406617485,44.381785443064395
7,68.2046219928428,0.0005,4111.21923828125,0.0,1.0,0.0,0.0,68.2046219928428,68.2046219928428,43.598422213124884
8,73.04676916513489,0.0005,3881.45947265625,0.0,1.0,0.0,0.0,73.04676916513489,73.04676916513489,41.16187901542006
