,mz(Da),mz_std(Da),Int,Gauss_r2,N_signals,Confidence_interval(Da),Confidence_interval(ppm),mz_min(Da),mz_max(Da),RelativeIntensity(%)
0,111.04385394301279,0.0005,9842.9248046875,0.0,1.0,0.0,0.0,111.04385394301279,111.04385394301279,100.0
1,101.05960882178707,0.0005,5890.89697265625,0.0,1.0,0.0,0.0,101.05960882178707,101.05960882178707,59.84904984594442
2,53.48580893525827,0.0005,4792.7763671875,0.0,1.0,0.0,0.0,53.48580893525827,53.48580893525827,48.692603695448675
3,133.34004494123798,0.0005,4785.3935546875,0.0,1.0,0.0,0.0,133.34004494123798,133.34004494123798,48.617597407719195
4,70.92747071352751,0.0005,4551.517578125,0.0,1.0,0.0,0.0,70.92747071352751,70.92747071352751,46.241515285755604
5,170.21633269275284,0.0005,4328.5517578125,0.0,1.0,0.0,0.0,170.21633269275284,170.21633269275284,43.97627578899223
6,65.36200932121892,0.0005,4098.26953125,0.0,1.0,0.0,0.0,65.36200932121892,65.36200932121892,41.63670466423029
7,72.1134634197413,0.0005,4029.225341796875,0.0,1.0,0.0,0.0,72.1134634197413,72.1134634197413,40.93524457159355
8,87.51247177711592,0.0005,3960.60400390625,0.0,1.0,0.0,0.0,87.51247177711592,87.51247177711592,40.238080474007994
