,mz(Da),mz_std(Da),Int,Gauss_r2,N_signals,Confidence_interval(Da),Confidence_interval(ppm),mz_min(Da),mz_max(Da),RelativeIntensity(%)
0,111.04406918431829,0.0005,10998.8232421875,0.0,1.0,0.0,0.0,111.04406918431829,111.04406918431829,100.0
1,216.22403655592524,0.0005,5280.90087890625,0.0,1.0,0.0,0.0,216.22403655592524,216.22403655592524,48.01332617702799
2,80.95220448724163,0.0005,4794.15185546875,0.0,1.0,0.0,0.0,80.95220448724163,80.95220448724163,43.58786162759777
3,229.95017207391652,0.0005,4706.548828125,0.0,1.0,0.0,0.0,229.95017207391652,229.95017207391652,42.79138526449252
4,178.25299320763565,0.0005,4585.83544921875,0.0,1.0,0.0,0.0,178.25299320763565,178.25299320763565,41.69387350120463
5,139.7668537424923,0.0005,4303.564453125,0.0,1.0,0.0,0.0,139.7668537424923,139.7668537424923,39.127498991147405
6,149.67696478901843,0.0005,4241.8935546875,0.0,1.0,0.0,0.0,149.67696478901843,149.67696478901843,38.56679447685943
