,mz(Da),mz_std(Da),Int,Gauss_r2,N_signals,Confidence_interval(Da),Confidence_interval(ppm),mz_min(Da),mz_max(Da),RelativeIntensity(%)
0,111.04432669389676,0.0005,11954.73046875,0.0,1.0,0.0,0.0,111.04432669389676,111.04432669389676,100.0
1,101.05945815949028,0.0005,7076.7255859375,0.0,1.0,0.0,0.0,101.05945815949028,101.05945815949028,59.196027919125896
2,121.63202890444032,0.0005,4728.37890625,0.0,1.0,0.0,0.0,121.63202890444032,121.63202890444032,39.55236731275636
3,207.81791814686596,0.0005,4658.314453125,0.0,1.0,0.0,0.0,207.81791814686596,207.81791814686596,38.966285900815286
4,221.25287589446958,0.0005,4125.85595703125,0.0,1.0,0.0,0.0,221.25287589446958,221.25287589446958,34.51232938974537
5,55.78866442275893,0.0005,3928.503173828125,0.0,1.0,0.0,0.0,55.78866442275893,55.78866442275893,32.86149515538926
