,mz(Da),mz_std(Da),Int,Gauss_r2,N_signals,Confidence_interval(Da),Confidence_interval(ppm),mz_min(Da),mz_max(Da),RelativeIntensity(%)
0,111.0441158523259,0.0005,11543.4169921875,0.0,1.0,0.0,0.0,111.0441158523259,111.0441158523259,100.0
1,161.8041890389655,0.0005,5122.74169921875,0.0,1.0,0.0,0.0,161.8041890389655,161.8041890389655,44.37803557374549
2,62.970057857202534,0.0005,4920.490234375,0.0,1.0,0.0,0.0,62.970057857202534,62.970057857202534,42.625942021371586
3,138.0543984557621,0.0005,4891.6123046875,0.0,1.0,0.0,0.0,138.0543984557621,138.0543984557621,42.37577407104073
4,207.22734469503348,0.0005,4872.6240234375,0.0,1.0,0.0,0.0,207.22734469503348,207.22734469503348,42.211279612746
5,75.18657984629039,0.0005,4689.400390625,0.0,1.0,0.0,0.0,75.18657984629039,75.18657984629039,40.62402314495571
6,95.824404419384,0.0005,4320.94970703125,0.0,1.0,0.0,0.0,95.824404419384,95.824404419384,37.43215470735951
7,58.98921845524916,0.0005,4150.2998046875,0.0,1.0,0.0,0.0,58.98921845524916,58.98921845524916,35.953823789753
