,mz(Da),mz_std(Da),Int,Gauss_r2,N_signals,Confidence_interval(Da),Confidence_interval(ppm),mz_min(Da),mz_max(Da),RelativeIntensity(%)
0,111.04419498701488,0.0005,13223.4873046875,0.0,1.0,0.0,0.0,111.04419498701488,111.04419498701488,100.0
1,101.05938867884862,0.0005,7736.28271484375,0.0,1.0,0.0,0.0,101.05938867884862,101.05938867884862,58.50410361948448
2,129.05498049935886,0.0005,6640.37158203125,0.0,1.0,0.0,0.0,129.05498049935886,129.05498049935886,50.216493040208476
3,54.95656375148485,0.0005,4859.62353515625,0.0,1.0,0.0,0.0,54.95656375148485,54.95656375148485,36.749939128641174
4,69.52272665211385,0.0005,4835.90625,0.0,1.0,0.0,0.0,69.52272665211385,69.52272665211385,36.57058186372482
5,77.9598750513056,0.0005,4668.33740234375,0.0,1.0,0.0,0.0,77.9598750513056,77.9598750513056,35.30337568886919
6,72.93357565482299,0.0005,4399.6728515625,0.0,1.0,0.0,0.0,72.93357565482299,72.93357565482299,33.27165331041601
7,92.83342209989152,0.0005,4111.0263671875,0.0,1.0,0.0,0.0,92.83342209989152,92.83342209989152,31.08882152236961
8,96.13704904835711,0.0005,3917.511962890625,0.0,1.0,0.0,0.0,96.13704904835711,96.13704904835711,29.62540722145159
