,mz(Da),mz_std(Da),Int,Gauss_r2,N_signals,Confidence_interval(Da),Confidence_interval(ppm),mz_min(Da),mz_max(Da),RelativeIntensity(%)
0,111.04421253072711,0.0005,23607.134765625,0.0,1.0,0.0,0.0,111.04421253072711,111.04421253072711,100.0
1,101.05981352377607,0.0005,12025.6181640625,0.0,1.0,0.0,0.0,101.05981352377607,101.05981352377607,50.94060877550179
2,129.05420608971934,0.0005,8976.9716796875,0.0,1.0,0.0,0.0,129.05420608971934,129.05420608971934,38.026519392599546
3,154.9327244748735,0.0005,4969.7060546875,0.0,1.0,0.0,0.0,154.9327244748735,154.9327244748735,21.05171213714604
4,246.73736768826694,0.0005,4854.44873046875,0.0,1.0,0.0,0.0,246.73736768826694,246.73736768826694,20.563481246938306
5,81.50775115499874,0.0005,4449.27099609375,0.0,1.0,0.0,0.0,81.50775115499874,81.50775115499874,18.847145323931713
6,106.46576198629404,0.0005,4412.43701171875,0.0,1.0,0.0,0.0,106.46576198629404,106.46576198629404,18.6911162897406
7,121.41968373756586,0.0005,4188.857421875,0.0,1.0,0.0,0.0,121.41968373756586,121.41968373756586,17.74403146956449
8,57.703363774057834,0.0005,4117.08447265625,0.0,1.0,0.0,0.0,57.703363774057834,57.703363774057834,17.440000718135646
