,mz(Da),mz_std(Da),Int,Gauss_r2,N_signals,Confidence_interval(Da),Confidence_interval(ppm),mz_min(Da),mz_max(Da),RelativeIntensity(%)
0,111.04440744065934,0.0005,13080.072265625,0.0,1.0,0.0,0.0,111.04440744065934,111.04440744065934,100.0
1,129.05452543235373,0.0005,7250.6484375,0.0,1.0,0.0,0.0,129.05452543235373,129.05452543235373,55.43278576950236
2,101.0599654986174,0.0005,6636.47900390625,0.0,1.0,0.0,0.0,101.0599654986174,101.0599654986174,50.737326745106806
3,192.1403193930171,0.0005,4633.88818359375,0.0,1.0,0.0,0.0,192.1403193930171,192.1403193930171,35.427083960169014
4,60.176531191152634,0.0005,4409.8798828125,0.0,1.0,0.0,0.0,60.176531191152634,60.176531191152634,33.71449173413099
5,103.69270534200305,0.0005,4352.66162109375,0.0,1.0,0.0,0.0,103.69270534200305,103.69270534200305,33.27704566688622
6,142.00730274985222,0.0005,4059.139404296875,0.0,1.0,0.0,0.0,142.00730274985222,142.00730274985222,31.03300441974216
7,76.39136032790039,0.0005,3992.618408203125,0.0,1.0,0.0,0.0,76.39136032790039,76.39136032790039,30.524436922996976
8,136.70852054153335,0.0005,3967.40576171875,0.0,1.0,0.0,0.0,136.70852054153335,136.70852054153335,30.33168075183549
