,mz(Da),mz_std(Da),Int,Gauss_r2,N_signals,Confidence_interval(Da),Confidence_interval(ppm),mz_min(Da),mz_max(Da),RelativeIntensity(%)
0,111.04418521896183,0.0005,20230.619140625,0.0,1.0,0.0,0.0,111.04418521896183,111.04418521896183,100.0
1,97.51017931771348,0.0005,5995.51025390625,0.0,1.0,0.0,0.0,97.51017931771348,97.51017931771348,29.635821880837533
2,245.13903867589886,0.0005,5724.9384765625,0.0,1.0,0.0,0.0,245.13903867589886,245.13903867589886,28.298384922220603
3,101.0596798077321,0.0005,5215.4697265625,0.0,1.0,0.0,0.0,101.0596798077321,101.0596798077321,25.780079642196135
4,85.5113470190148,0.0005,4672.54638671875,0.0,1.0,0.0,0.0,85.5113470190148,85.5113470190148,23.096408242572437
5,89.18991675838686,0.0005,4666.70703125,0.0,1.0,0.0,0.0,89.18991675838686,89.18991675838686,23.067544294177385
6,78.53523100711178,0.0005,4369.33544921875,0.0,1.0,0.0,0.0,78.53523100711178,78.53523100711178,21.597635835300316
7,253.94471688759705,0.0005,4274.5166015625,0.0,1.0,0.0,0.0,253.94471688759705,253.94471688759705,21.128946038922088
8,249.40912160382854,0.0005,4204.91455078125,0.0,1.0,0.0,0.0,249.40912160382854,249.40912160382854,20.78490293130665
