,mz(Da),mz_std(Da),Int,Gauss_r2,N_signals,Confidence_interval(Da),Confidence_interval(ppm),mz_min(Da),mz_max(Da),RelativeIntensity(%)
0,111.044092296672,0.0005,8702.63671875,0.0,1.0,0.0,0.0,111.044092296672,111.044092296672,100.0
1,195.42502463797055,0.0005,4839.60302734375,0.0,1.0,0.0,0.0,195.42502463797055,195.42502463797055,55.61076698647815
2,69.95829580447317,0.0005,4756.6923828125,0.0,1.0,0.0,0.0,69.95829580447317,69.95829580447317,54.65805981035741
3,101.05988490000692,0.0005,4661.8095703125,0.0,1.0,0.0,0.0,101.05988490000692,101.05988490000692,53.567783201481234
4,93.91483155955837,0.0005,4625.0556640625,0.0,1.0,0.0,0.0,93.91483155955837,93.91483155955837,53.14545250518993
5,57.35185170945755,0.0005,4170.82275390625,0.0,1.0,0.0,0.0,57.35185170945755,57.35185170945755,47.92596644784828
6,109.01800676174776,0.0005,4095.99609375,0.0,1.0,0.0,0.0,109.01800676174776,109.01800676174776,47.066150479717216
