,mz(Da),mz_std(Da),Int,Gauss_r2,N_signals,Confidence_interval(Da),Confidence_interval(ppm),mz_min(Da),mz_max(Da),RelativeIntensity(%)
0,111.04416149758812,0.0005,17005.875,0.0,1.0,0.0,0.0,111.04416149758812,111.04416149758812,100.0
1,90.6167603911326,0.0005,4507.9658203125,0.0,1.0,0.0,0.0,90.6167603911326,90.6167603911326,26.508285050387
2,87.76750675594486,0.0005,4490.7421875,0.0,1.0,0.0,0.0,87.76750675594486,87.76750675594486,26.407004564599003
3,120.89064255506109,0.0005,4405.267578125,0.0,1.0,0.0,0.0,120.89064255506109,120.89064255506109,25.904386443655504
4,101.05970571498501,0.0005,4190.09326171875,0.0,1.0,0.0,0.0,101.05970571498501,101.05970571498501,24.639092441398926
