,mz(Da),mz_std(Da),Int,Gauss_r2,N_signals,Confidence_interval(Da),Confidence_interval(ppm),mz_min(Da),mz_max(Da),RelativeIntensity(%)
0,111.04398058068965,0.0005,45659.31640625,0.0,1.0,0.0,0.0,111.04398058068965,111.04398058068965,100.0
1,101.05996740345199,0.0005,14210.5517578125,0.0,1.0,0.0,0.0,101.05996740345199,101.05996740345199,31.123005941164973
2,129.05396314183847,0.0005,9783.38671875,0.0,1.0,0.0,0.0,129.05396314183847,129.05396314183847,21.426923328643653
3,187.09632545667358,0.0005,7857.224609375,0.0,1.0,0.0,0.0,187.09632545667358,187.09632545667358,17.208371101016915
4,245.1380365244803,0.0005,7706.94287109375,0.0,1.0,0.0,0.0,245.1380365244803,245.1380365244803,16.879234026462118
5,145.21867367656742,0.0005,5077.70703125,0.0,1.0,0.0,0.0,145.21867367656742,145.21867367656742,11.120856444874295
6,172.95539252600827,0.0005,4611.47900390625,0.0,1.0,0.0,0.0,172.95539252600827,172.95539252600827,10.099754807706704
7,95.01312501395387,0.0005,4420.77099609375,0.0,1.0,0.0,0.0,95.01312501395387,95.01312501395387,9.68207880459774
8,111.26080059192014,0.0005,4195.8974609375,0.0,1.0,0.0,0.0,111.26080059192014,111.26080059192014,9.18957573434707
