,mz(Da),mz_std(Da),Int,Gauss_r2,N_signals,Confidence_interval(Da),Confidence_interval(ppm),mz_min(Da),mz_max(Da),RelativeIntensity(%)
0,111.04389855852992,0.0005,52041.21875,0.0,1.0,0.0,0.0,111.04389855852992,111.04389855852992,100.0
1,101.0594098324126,0.0005,28027.611328125,0.0,1.0,0.0,0.0,101.0594098324126,101.0594098324126,53.85656216616756
2,129.05442549999924,0.0005,14291.19140625,0.0,1.0,0.0,0.0,129.05442549999924,129.05442549999924,27.461292701278257
3,245.13855566193973,0.0005,11030.44140625,0.0,1.0,0.0,0.0,245.13855566193973,245.13855566193973,21.19558625104259
4,83.04919059412217,0.0005,7861.68505859375,0.0,1.0,0.0,0.0,83.04919059412217,83.04919059412217,15.10665055013484
5,187.09681247688695,0.0005,7573.12109375,0.0,1.0,0.0,0.0,187.09681247688695,187.09681247688695,14.552159376071492
6,187.22122150532363,0.0005,5743.9609375,0.0,1.0,0.0,0.0,187.22122150532363,187.22122150532363,11.037329784864042
7,160.94546723099393,0.0005,5463.3369140625,0.0,1.0,0.0,0.0,160.94546723099393,160.94546723099393,10.498095635130566
8,77.50989461589077,0.0005,4202.02587890625,0.0,1.0,0.0,0.0,77.50989461589077,77.50989461589077,8.07441866243044
