,mz(Da),mz_std(Da),Int,Gauss_r2,N_signals,Confidence_interval(Da),Confidence_interval(ppm),mz_min(Da),mz_max(Da),RelativeIntensity(%)
0,111.04411633515488,0.0005,29998.33984375,0.0,1.0,0.0,0.0,111.04411633515488,111.04411633515488,100.0
1,101.05963532604068,0.0005,22133.84765625,0.0,1.0,0.0,0.0,101.05963532604068,101.05963532604068,73.783575262954
2,129.05501820962263,0.0005,11665.97265625,0.0,1.0,0.0,0.0,129.05501820962263,129.05501820962263,38.88872756630413
3,245.1384361270259,0.0005,10048.49609375,0.0,1.0,0.0,0.0,245.1384361270259,245.1384361270259,33.49684064547843
4,82.8976511754428,0.0005,4820.412109375,0.0,1.0,0.0,0.0,82.8976511754428,82.8976511754428,16.068929595713303
5,187.09707721529588,0.0005,4725.82861328125,0.0,1.0,0.0,0.0,187.09707721529588,187.09707721529588,15.753633827392791
6,87.25737557456176,0.0005,4670.7109375,0.0,1.0,0.0,0.0,87.25737557456176,87.25737557456176,15.569898073786636
7,121.35055899849041,0.0005,4393.703125,0.0,1.0,0.0,0.0,121.35055899849041,121.35055899849041,14.646487598597579
8,207.39025721039144,0.0005,4107.89453125,0.0,1.0,0.0,0.0,207.39025721039144,207.39025721039144,13.69373956241068
