,mz(Da),mz_std(Da),Int,Gauss_r2,N_signals,Confidence_interval(Da),Confidence_interval(ppm),mz_min(Da),mz_max(Da),RelativeIntensity(%)
0,111.04403188085115,0.0005,47111.484375,0.0,1.0,0.0,0.0,111.04403188085115,111.04403188085115,100.0
1,101.0600125081105,0.0005,16641.77734375,0.0,1.0,0.0,0.0,101.0600125081105,101.0600125081105,35.324247504672265
2,129.0549816380871,0.0005,14199.6025390625,0.0,1.0,0.0,0.0,129.0549816380871,129.0549816380871,30.14042696264015
3,245.1396250994526,0.0005,7887.21484375,0.0,1.0,0.0,0.0,245.1396250994526,245.1396250994526,16.741596976586454
4,83.04936453082365,0.0005,6010.841796875,0.0,1.0,0.0,0.0,83.04936453082365,83.04936453082365,12.75876121633028
5,112.04732068691793,0.0005,5433.1298828125,0.0,1.0,0.0,0.0,112.04732068691793,112.04732068691793,11.532495642815329
6,187.09718907176722,0.0005,5100.38427734375,0.0,1.0,0.0,0.0,187.09718907176722,187.09718907176722,10.826201604571603
7,50.77761795276945,0.0005,4853.26220703125,0.0,1.0,0.0,0.0,50.77761795276945,50.77761795276945,10.301654196246602
8,60.87529300081768,0.0005,4410.28271484375,0.0,1.0,0.0,0.0,60.87529300081768,60.87529300081768,9.36137498818461
