,mz(Da),mz_std(Da),Int,Gauss_r2,N_signals,Confidence_interval(Da),Confidence_interval(ppm),mz_min(Da),mz_max(Da),RelativeIntensity(%)
0,248.22095911823496,0.0005,45193.1015625,0.0,1.0,0.0,0.0,248.22095911823496,248.22095911823496,100.0
1,249.15719476831623,0.0005,10722.705078125,0.0,1.0,0.0,0.0,249.15719476831623,249.15719476831623,23.726419978712872
2,230.21202947174424,0.0005,8423.4951171875,0.0,1.0,0.0,0.0,230.21202947174424,230.21202947174424,18.638895818066814
3,55.408988533666616,0.0005,4753.66259765625,0.0,1.0,0.0,0.0,55.408988533666616,55.408988533666616,10.518557995144793
4,85.39597237305284,0.0005,4028.691162109375,0.0,1.0,0.0,0.0,85.39597237305284,85.39597237305284,8.914394061973992
