,mz(Da),mz_std(Da),Int,Gauss_r2,N_signals,Confidence_interval(Da),Confidence_interval(ppm),mz_min(Da),mz_max(Da),RelativeIntensity(%)
0,249.1573296033515,0.0005,60690.4453125,0.0,1.0,0.0,0.0,249.1573296033515,249.1573296033515,100.0
1,68.508785320584,0.0005,4724.2919921875,0.0,1.0,0.0,0.0,68.508785320584,68.508785320584,7.784243414036163
2,52.734382349484406,0.0005,4162.494140625,0.0,1.0,0.0,0.0,52.734382349484406,52.734382349484406,6.858565823980994
3,94.45487155404659,0.0005,4070.0986328125,0.0,1.0,0.0,0.0,94.45487155404659,94.45487155404659,6.706325207955278
4,249.0979143895035,0.0005,4042.474609375,0.0,1.0,0.0,0.0,249.0979143895035,249.0979143895035,6.6608089437471945
