,mz(Da),mz_std(Da),Int,Gauss_r2,N_signals,Confidence_interval(Da),Confidence_interval(ppm),mz_min(Da),mz_max(Da),RelativeIntensity(%)
0,249.15717653224647,0.0005,149259.46875,0.0,1.0,0.0,0.0,249.15717653224647,249.15717653224647,100.0
1,250.16113168846977,0.0005,10078.8564453125,0.0,1.0,0.0,0.0,250.16113168846977,250.16113168846977,6.752574245185031
2,250.19991255724784,0.0005,9407.76171875,0.0,1.0,0.0,0.0,250.19991255724784,250.19991255724784,6.302958061915251
3,171.27622958403532,0.0005,5045.77685546875,0.0,1.0,0.0,0.0,171.27622958403532,171.27622958403532,3.3805405430727493
4,76.44337395492369,0.0005,4937.4921875,0.0,1.0,0.0,0.0,76.44337395492369,76.44337395492369,3.3079926043217944
5,150.06614754307694,0.0005,4785.734375,0.0,1.0,0.0,0.0,150.06614754307694,150.06614754307694,3.2063187783522107
6,181.93866175757793,0.0005,4683.689453125,0.0,1.0,0.0,0.0,181.93866175757793,181.93866175757793,3.137951308784221
7,249.13152093125058,0.0005,4680.95361328125,0.0,1.0,0.0,0.0,249.13152093125058,249.13152093125058,3.1361183665483536
8,56.02371811124489,0.0005,4543.5048828125,0.0,1.0,0.0,0.0,56.02371811124489,56.02371811124489,3.0440312570203356
