,mz(Da),mz_std(Da),Int,Gauss_r2,N_signals,Confidence_interval(Da),Confidence_interval(ppm),mz_min(Da),mz_max(Da),RelativeIntensity(%)
0,111.04416011884456,0.0005,19693.640625,0.0,1.0,0.0,0.0,111.04416011884456,111.04416011884456,100.0
1,129.05455488464145,0.0005,8205.6044921875,0.0,1.0,0.0,0.0,129.05455488464145,129.05455488464145,41.66626500623218
2,101.05957356079782,0.0005,7197.04541015625,0.0,1.0,0.0,0.0,101.05957356079782,101.05957356079782,36.54502256439063
3,79.95286378436674,0.0005,4784.9951171875,0.0,1.0,0.0,0.0,79.95286378436674,79.95286378436674,24.29715870367417
4,79.19056559711441,0.0005,4744.0302734375,0.0,1.0,0.0,0.0,79.19056559711441,79.19056559711441,24.089148186319665
5,73.55622356551658,0.0005,4602.25341796875,0.0,1.0,0.0,0.0,73.55622356551658,73.55622356551658,23.369236321528287
6,50.93858667903386,0.0005,4337.72607421875,0.0,1.0,0.0,0.0,50.93858667903386,50.93858667903386,22.026024323365807
7,64.77905575464573,0.0005,4112.3828125,0.0,1.0,0.0,0.0,64.77905575464573,64.77905575464573,20.881780524011162
