,mz(Da),mz_std(Da),Int,Gauss_r2,N_signals,Confidence_interval(Da),Confidence_interval(ppm),mz_min(Da),mz_max(Da),RelativeIntensity(%)
0,111.04394019739502,0.0005,32331.70703125,0.0,1.0,0.0,0.0,111.04394019739502,111.04394019739502,100.0
1,129.05455974892868,0.0005,9809.3994140625,0.0,1.0,0.0,0.0,129.05455974892868,129.05455974892868,30.33987473838387
2,101.05978598175483,0.0005,9363.703125,0.0,1.0,0.0,0.0,101.05978598175483,101.05978598175483,28.96136327088939
3,245.13953900729166,0.0005,5677.82470703125,0.0,1.0,0.0,0.0,245.13953900729166,245.13953900729166,17.56116589063295
4,194.60132138662107,0.0005,5060.50244140625,0.0,1.0,0.0,0.0,194.60132138662107,194.60132138662107,15.651825734147145
5,86.19112679497535,0.0005,4921.23779296875,0.0,1.0,0.0,0.0,86.19112679497535,86.19112679497535,15.221088661394091
6,121.70208228715738,0.0005,4804.857421875,0.0,1.0,0.0,0.0,121.70208228715738,121.70208228715738,14.861131264213476
7,61.47112603290543,0.0005,4421.1279296875,0.0,1.0,0.0,0.0,61.47112603290543,61.47112603290543,13.674279324052662
