,mz(Da),mz_std(Da),Int,Gauss_r2,N_signals,Confidence_interval(Da),Confidence_interval(ppm),mz_min(Da),mz_max(Da),RelativeIntensity(%)
0,111.04393320591768,0.0005,39070.51171875,0.0,1.0,0.0,0.0,111.04393320591768,111.04393320591768,100.0
1,101.05978723802608,0.0005,12521.29296875,0.0,1.0,0.0,0.0,101.05978723802608,101.05978723802608,32.047936968127836
2,129.05484779544628,0.0005,8825.0107421875,0.0,1.0,0.0,0.0,129.05484779544628,129.05484779544628,22.587394825321326
3,245.13952116220793,0.0005,8107.962890625,0.0,1.0,0.0,0.0,245.13952116220793,245.13952116220793,20.752128738395754
4,169.0859488790295,0.0005,5251.3486328125,0.0,1.0,0.0,0.0,169.0859488790295,169.0859488790295,13.440695813288695
5,225.29959857314236,0.0005,4669.1982421875,0.0,1.0,0.0,0.0,225.29959857314236,225.29959857314236,11.950696412165865
