,mz(Da),mz_std(Da),Int,Gauss_r2,N_signals,Confidence_interval(Da),Confidence_interval(ppm),mz_min(Da),mz_max(Da),RelativeIntensity(%)
0,111.04391678226031,0.0005,29731.18359375,0.0,1.0,0.0,0.0,111.04391678226031,111.04391678226031,100.0
1,101.05983920124999,0.0005,10762.8349609375,0.0,1.0,0.0,0.0,101.05983920124999,101.05983920124999,36.20049274863054
2,129.05519095446618,0.0005,5774.3310546875,0.0,1.0,0.0,0.0,129.05519095446618,129.05519095446618,19.42180013277831
3,90.40844393670565,0.0005,4678.95751953125,0.0,1.0,0.0,0.0,90.40844393670565,90.40844393670565,15.73754204832547
4,65.50634358095078,0.0005,4639.59130859375,0.0,1.0,0.0,0.0,65.50634358095078,65.50634358095078,15.605134904784185
5,53.53198045853179,0.0005,4467.36376953125,0.0,1.0,0.0,0.0,53.53198045853179,53.53198045853179,15.025852420050864
6,164.3133868536167,0.0005,4101.7734375,0.0,1.0,0.0,0.0,164.3133868536167,164.3133868536167,13.796199618377328
