,mz(Da),mz_std(Da),Int,Gauss_r2,N_signals,Confidence_interval(Da),Confidence_interval(ppm),mz_min(Da),mz_max(Da),RelativeIntensity(%)
0,111.0441085415298,0.0005,19493.689453125,0.0,1.0,0.0,0.0,111.0441085415298,111.0441085415298,100.0
1,101.0598575800962,0.0005,8167.66650390625,0.0,1.0,0.0,0.0,101.0598575800962,101.0598575800962,41.899028521750175
2,83.04882115893813,0.0005,5882.720703125,0.0,1.0,0.0,0.0,83.04882115893813,83.04882115893813,30.17756447424041
3,154.35088507707917,0.0005,4688.5458984375,0.0,1.0,0.0,0.0,154.35088507707917,154.35088507707917,24.051608648592108
4,113.61548637073992,0.0005,4685.0634765625,0.0,1.0,0.0,0.0,113.61548637073992,113.61548637073992,24.03374429365112
5,90.21093349041662,0.0005,4332.1298828125,0.0,1.0,0.0,0.0,90.21093349041662,90.21093349041662,22.22324251768576
6,60.777303143166975,0.0005,4234.330078125,0.0,1.0,0.0,0.0,60.777303143166975,60.777303143166975,21.721542698763994
