,mz(Da),mz_std(Da),Int,Gauss_r2,N_signals,Confidence_interval(Da),Confidence_interval(ppm),mz_min(Da),mz_max(Da),RelativeIntensity(%)
0,111.04396937085,0.0005,27045.91015625,0.0,1.0,0.0,0.0,111.04396937085,111.04396937085,100.0
1,129.0550408202065,0.0005,10116.103515625,0.0,1.0,0.0,0.0,129.0550408202065,129.0550408202065,37.40345012307632
2,101.05977144966553,0.0005,10107.9287109375,0.0,1.0,0.0,0.0,101.05977144966553,101.05977144966553,37.37322446366876
3,187.09534356545925,0.0005,8867.931640625,0.0,1.0,0.0,0.0,187.09534356545925,187.09534356545925,32.78843858236999
4,141.1728174881448,0.0005,4945.08349609375,0.0,1.0,0.0,0.0,141.1728174881448,141.1728174881448,18.284034323581444
5,215.73883897475596,0.0005,4336.6162109375,0.0,1.0,0.0,0.0,215.73883897475596,215.73883897475596,16.034277219305775
