,mz(Da),mz_std(Da),Int,Gauss_r2,N_signals,Confidence_interval(Da),Confidence_interval(ppm),mz_min(Da),mz_max(Da),RelativeIntensity(%)
0,111.04412381331866,0.0005,22491.052734375,0.0,1.0,0.0,0.0,111.04412381331866,111.04412381331866,100.0
1,129.0549520587677,0.0005,6840.63671875,0.0,1.0,0.0,0.0,129.0549520587677,129.0549520587677,30.414924545950083
2,101.05984205165203,0.0005,6691.92919921875,0.0,1.0,0.0,0.0,101.05984205165203,101.05984205165203,29.753739312481812
3,112.0473672471525,0.0005,5105.58740234375,0.0,1.0,0.0,0.0,112.0473672471525,112.0473672471525,22.700526572241966
4,71.81716420312338,0.0005,4700.458984375,0.0,1.0,0.0,0.0,71.81716420312338,71.81716420312338,20.899239532664858
5,118.72395072357595,0.0005,4680.19970703125,0.0,1.0,0.0,0.0,118.72395072357595,118.72395072357595,20.80916248032312
