,mz(Da),mz_std(Da),Int,Gauss_r2,N_signals,Confidence_interval(Da),Confidence_interval(ppm),mz_min(Da),mz_max(Da),RelativeIntensity(%)
0,129.00304296553958,0.0005,10239.8837890625,0.0,1.0,0.0,0.0,129.00304296553958,129.00304296553958,100.0
1,189.02538940400808,0.0005,8089.41943359375,0.0,1.0,0.0,0.0,189.02538940400808,189.02538940400808,78.9991331955767
2,143.0196703227166,0.0005,6512.51953125,0.0,1.0,0.0,0.0,143.0196703227166,143.0196703227166,63.59954532107288
3,52.070589857084656,0.0005,4626.2177734375,0.0,1.0,0.0,0.0,52.070589857084656,52.070589857084656,45.17842066116893
4,116.06821650679936,0.0005,4395.693359375,0.0,1.0,0.0,0.0,116.06821650679936,116.06821650679936,42.92718013138157
5,60.507930528327364,0.0005,4384.38916015625,0.0,1.0,0.0,0.0,60.507930528327364,60.507930528327364,42.81678630805689
6,116.02485178065402,0.0005,4319.98779296875,0.0,1.0,0.0,0.0,116.02485178065402,116.02485178065402,42.187859569100254
7,62.943190266304406,0.0005,4246.90771484375,0.0,1.0,0.0,0.0,62.943190266304406,62.943190266304406,41.47417883179483
8,53.62838913432442,0.0005,4190.859375,0.0,1.0,0.0,0.0,53.62838913432442,53.62838913432442,40.9268255512467
