,mz(Da),mz_std(Da),Int,Gauss_r2,N_signals,Confidence_interval(Da),Confidence_interval(ppm),mz_min(Da),mz_max(Da),RelativeIntensity(%)
0,111.04365026675768,0.0005,63264.9453125,0.0,1.0,0.0,0.0,111.04365026675768,111.04365026675768,100.0
1,101.05952810023868,0.0005,23242.14453125,0.0,1.0,0.0,0.0,101.05952810023868,101.05952810023868,36.73779281155527
2,245.13868968699228,0.0005,14482.30859375,0.0,1.0,0.0,0.0,245.13868968699228,245.13868968699228,22.89152155623307
3,129.0549909365679,0.0005,10748.6123046875,0.0,1.0,0.0,0.0,129.0549909365679,129.0549909365679,16.989838925165042
4,83.04891054535095,0.0005,9846.0556640625,0.0,1.0,0.0,0.0,83.04891054535095,83.04891054535095,15.563209002121905
5,95.08559004616143,0.0005,5612.19580078125,0.0,1.0,0.0,0.0,95.08559004616143,95.08559004616143,8.870940728802594
6,89.96611808466265,0.0005,4079.36572265625,0.0,1.0,0.0,0.0,89.96611808466265,89.96611808466265,6.448066464779259
7,78.29662307893642,0.0005,3854.74169921875,0.0,1.0,0.0,0.0,78.29662307893642,78.29662307893642,6.093013564112136
