,mz(Da),mz_std(Da),Int,Gauss_r2,N_signals,Confidence_interval(Da),Confidence_interval(ppm),mz_min(Da),mz_max(Da),RelativeIntensity(%)
0,234.97917217067817,0.0005,5083.35791015625,0.0,1.0,0.0,0.0,234.97917217067817,234.97917217067817,100.0
1,206.9195499520065,0.0005,4908.74462890625,0.0,1.0,0.0,0.0,206.9195499520065,206.9195499520065,96.56500123862747
2,79.53728349179234,0.0005,4228.49462890625,0.0,1.0,0.0,0.0,79.53728349179234,79.53728349179234,83.18309872413207
3,164.67572039822335,0.0005,4093.02099609375,0.0,1.0,0.0,0.0,164.67572039822335,164.67572039822335,80.51805653731631
