,mz(Da),mz_std(Da),Int,Gauss_r2,N_signals,Confidence_interval(Da),Confidence_interval(ppm),mz_min(Da),mz_max(Da),RelativeIntensity(%)
0,249.15646616276766,0.0005,6917.3427734375,0.0,1.0,0.0,0.0,249.15646616276766,249.15646616276766,100.0
1,250.1189718724504,0.0005,3706.5859375,0.0,1.0,0.0,0.0,250.1189718724504,250.1189718724504,53.58395642519319
2,84.04441887394773,0.0005,2856.826171875,0.0,1.0,0.0,0.0,84.04441887394773,84.04441887394773,41.299473879553474
3,81.07008309513722,0.0005,967.6442260742188,0.0,1.0,0.0,0.0,81.07008309513722,81.07008309513722,13.988669605761899
4,106.19820328523971,0.0005,958.9683837890625,0.0,1.0,0.0,0.0,106.19820328523971,106.19820328523971,13.863248001407241
5,109.10237336004414,0.0005,901.7810668945312,0.0,1.0,0.0,0.0,109.10237336004414,109.10237336004414,13.036524232359254
6,215.37036911498643,0.0005,836.1087036132812,0.0,1.0,0.0,0.0,215.37036911498643,215.37036911498643,12.087137084256213
7,219.96531932139533,0.0005,817.0661010742188,0.0,1.0,0.0,0.0,219.96531932139533,219.96531932139533,11.811849258240334
