,mz(Da),mz_std(Da),Int,Gauss_r2,N_signals,Confidence_interval(Da),Confidence_interval(ppm),mz_min(Da),mz_max(Da),RelativeIntensity(%)
0,111.04401756840062,0.0005,46543.1328125,0.0,1.0,0.0,0.0,111.04401756840062,111.04401756840062,100.0
1,101.05975196155362,0.0005,16418.83984375,0.0,1.0,0.0,0.0,101.05975196155362,101.05975196155362,35.27661085877834
2,245.13739502350552,0.0005,10505.2646484375,0.0,1.0,0.0,0.0,245.13739502350552,245.13739502350552,22.571030383275193
3,129.0546028766541,0.0005,9608.8291015625,0.0,1.0,0.0,0.0,129.0546028766541,129.0546028766541,20.644998565678577
4,169.08633515487722,0.0005,9213.228515625,0.0,1.0,0.0,0.0,169.08633515487722,169.08633515487722,19.7950330347136
5,83.04943746721544,0.0005,5614.68115234375,0.0,1.0,0.0,0.0,83.04943746721544,83.04943746721544,12.0633932721345
6,51.617755546056344,0.0005,4535.97412109375,0.0,1.0,0.0,0.0,51.617755546056344,51.617755546056344,9.745743028014504
