,mz(Da),mz_std(Da),Int,Gauss_r2,N_signals,Confidence_interval(Da),Confidence_interval(ppm),mz_min(Da),mz_max(Da),RelativeIntensity(%)
0,103.45019442753704,0.0005,4718.0732421875,0.0,1.0,0.0,0.0,103.45019442753704,103.45019442753704,100.0
1,54.1178070898834,0.0005,4481.6689453125,0.0,1.0,0.0,0.0,54.1178070898834,54.1178070898834,94.98938899970545
