,mz(Da),mz_std(Da),Int,Gauss_r2,N_signals,Confidence_interval(Da),Confidence_interval(ppm),mz_min(Da),mz_max(Da),RelativeIntensity(%)
0,249.1558888473944,0.0005,15005.8720703125,0.0,1.0,0.0,0.0,249.1558888473944,249.1558888473944,100.0
1,50.37384197968113,0.0005,4769.6337890625,0.0,1.0,0.0,0.0,50.37384197968113,50.37384197968113,31.785115631491394
2,131.62615782523537,0.0005,4459.72802734375,0.0,1.0,0.0,0.0,131.62615782523537,131.62615782523537,29.71988569839164
3,90.28259945862416,0.0005,4321.720703125,0.0,1.0,0.0,0.0,90.28259945862416,90.28259945862416,28.80019690208514
4,115.05834700865492,0.0005,4228.26171875,0.0,1.0,0.0,0.0,115.05834700865492,115.05834700865492,28.177380820906507
5,81.9599746484785,0.0005,4187.46728515625,0.0,1.0,0.0,0.0,81.9599746484785,81.9599746484785,27.905524354300624
6,50.459392971944396,0.0005,4174.4443359375,0.0,1.0,0.0,0.0,50.459392971944396,50.459392971944396,27.818738666952843
