,mz(Da),mz_std(Da),Int,Gauss_r2,N_signals,Confidence_interval(Da),Confidence_interval(ppm),mz_min(Da),mz_max(Da),RelativeIntensity(%)
0,249.110882355211,0.0005,11433.927734375,0.0,1.0,0.0,0.0,249.110882355211,249.110882355211,100.0
1,249.14827447049976,0.0005,9119.85546875,0.0,1.0,0.0,0.0,249.14827447049976,249.14827447049976,79.76135305921197
2,109.74976740196726,0.0005,4776.86572265625,0.0,1.0,0.0,0.0,109.74976740196726,109.74976740196726,41.77799469813915
3,137.48578732124335,0.0005,4604.60205078125,0.0,1.0,0.0,0.0,137.48578732124335,137.48578732124335,40.271393678114286
4,52.05291757118914,0.0005,4173.837890625,0.0,1.0,0.0,0.0,52.05291757118914,52.05291757118914,36.503972979265555
5,74.76603430515465,0.0005,3954.748779296875,0.0,1.0,0.0,0.0,74.76603430515465,74.76603430515465,34.58784130152672
