,mz(Da),mz_std(Da),Int,Gauss_r2,N_signals,Confidence_interval(Da),Confidence_interval(ppm),mz_min(Da),mz_max(Da),RelativeIntensity(%)
0,249.1096491462347,0.0005,15468.19921875,0.0,1.0,0.0,0.0,249.1096491462347,249.1096491462347,100.0
1,249.15544801976483,0.0005,6117.42626953125,0.0,1.0,0.0,0.0,249.15544801976483,249.15544801976483,39.548406269011096
2,249.1854698536963,0.0005,6066.263671875,0.0,1.0,0.0,0.0,249.1854698536963,249.1854698536963,39.21764638589404
3,172.56328844118264,0.0005,4752.263671875,0.0,1.0,0.0,0.0,172.56328844118264,172.56328844118264,30.722798463278618
4,89.76575054098542,0.0005,4365.6845703125,0.0,1.0,0.0,0.0,89.76575054098542,89.76575054098542,28.22361225488079
5,102.31677176778572,0.0005,4332.3125,0.0,1.0,0.0,0.0,102.31677176778572,102.31677176778572,28.007865936640673
