,mz(Da),mz_std(Da),Int,Gauss_r2,N_signals,Confidence_interval(Da),Confidence_interval(ppm),mz_min(Da),mz_max(Da),RelativeIntensity(%)
0,249.15691057920674,0.0005,16974.9140625,0.0,1.0,0.0,0.0,249.15691057920674,249.15691057920674,100.0
1,249.18576249609785,0.0005,2258.98095703125,0.0,1.0,0.0,0.0,249.18576249609785,249.18576249609785,13.307760785791903
2,164.93021858474293,0.0005,1932.4981689453125,0.0,1.0,0.0,0.0,164.93021858474293,164.93021858474293,11.384435655049801
3,249.10908409535773,0.0005,1837.745361328125,0.0,1.0,0.0,0.0,249.10908409535773,249.10908409535773,10.82624250444935
4,249.12446131369714,0.0005,1246.35205078125,0.0,1.0,0.0,0.0,249.12446131369714,249.12446131369714,7.342317293579819
5,79.64972054456199,0.0005,952.0845947265625,0.0,1.0,0.0,0.0,79.64972054456199,79.64972054456199,5.608774166520541
