,mz(Da),mz_std(Da),Int,Gauss_r2,N_signals,Confidence_interval(Da),Confidence_interval(ppm),mz_min(Da),mz_max(Da),RelativeIntensity(%)
0,249.1496578899355,0.0005,10660.1318359375,0.0,1.0,0.0,0.0,249.1496578899355,249.1496578899355,100.0
1,250.180558969896,0.0005,6841.8076171875,0.0,1.0,0.0,0.0,250.180558969896,250.180558969896,64.18126644665273
2,57.807263217529865,0.0005,5099.60400390625,0.0,1.0,0.0,0.0,57.807263217529865,57.807263217529865,47.838095085413805
3,248.18078092365513,0.0005,5074.01220703125,0.0,1.0,0.0,0.0,248.18078092365513,248.18078092365513,47.598024913028844
4,64.84080849731664,0.0005,4906.1259765625,0.0,1.0,0.0,0.0,64.84080849731664,64.84080849731664,46.02312665611638
5,112.52498058514436,0.0005,4802.17138671875,0.0,1.0,0.0,0.0,112.52498058514436,112.52498058514436,45.0479549467638
6,199.9964106089884,0.0005,4510.06396484375,0.0,1.0,0.0,0.0,199.9964106089884,199.9964106089884,42.307769118196035
7,63.126418958849285,0.0005,4504.0107421875,0.0,1.0,0.0,0.0,63.126418958849285,63.126418958849285,42.250985367775215
8,108.97693201097121,0.0005,4499.033203125,0.0,1.0,0.0,0.0,108.97693201097121,108.97693201097121,42.20429233302568
