,mz(Da),mz_std(Da),Int,Gauss_r2,N_signals,Confidence_interval(Da),Confidence_interval(ppm),mz_min(Da),mz_max(Da),RelativeIntensity(%)
0,249.15685493799177,0.0005,9591.7626953125,0.0,1.0,0.0,0.0,249.15685493799177,249.15685493799177,100.0
1,71.36353459163615,0.0005,5058.46728515625,0.0,1.0,0.0,0.0,71.36353459163615,71.36353459163615,52.73761920348933
2,260.4704525970235,0.0005,4710.81787109375,0.0,1.0,0.0,0.0,260.4704525970235,260.4704525970235,49.11316116479747
3,86.50074575242706,0.0005,4270.7685546875,0.0,1.0,0.0,0.0,86.50074575242706,86.50074575242706,44.52537755937839
4,52.75853203689095,0.0005,4155.44091796875,0.0,1.0,0.0,0.0,52.75853203689095,52.75853203689095,43.32301632107221
