,mz(Da),mz_std(Da),Int,Gauss_r2,N_signals,Confidence_interval(Da),Confidence_interval(ppm),mz_min(Da),mz_max(Da),RelativeIntensity(%)
0,249.15782514274514,0.0005,9890.46875,0.0,1.0,0.0,0.0,249.15782514274514,249.15782514274514,100.0
1,83.48818815053643,0.0005,5585.1162109375,0.0,1.0,0.0,0.0,83.48818815053643,83.48818815053643,56.46968159054645
2,62.85998115092113,0.0005,4584.8154296875,0.0,1.0,0.0,0.0,62.85998115092113,62.85998115092113,46.35589622268914
3,68.10263377010034,0.0005,4571.9052734375,0.0,1.0,0.0,0.0,68.10263377010034,68.10263377010034,46.22536493467511
4,64.72007986176294,0.0005,4472.3837890625,0.0,1.0,0.0,0.0,64.72007986176294,64.72007986176294,45.21912865922052
5,65.57492172598779,0.0005,4332.00244140625,0.0,1.0,0.0,0.0,65.57492172598779,65.57492172598779,43.79976875622047
6,144.89730238476722,0.0005,4282.46435546875,0.0,1.0,0.0,0.0,144.89730238476722,144.89730238476722,43.29890183889161
7,70.34356751149821,0.0005,4225.50439453125,0.0,1.0,0.0,0.0,70.34356751149821,70.34356751149821,42.72299424161519
8,50.91180886149883,0.0005,4166.615234375,0.0,1.0,0.0,0.0,50.91180886149883,50.91180886149883,42.12758100443924
