,mz(Da),mz_std(Da),Int,Gauss_r2,N_signals,Confidence_interval(Da),Confidence_interval(ppm),mz_min(Da),mz_max(Da),RelativeIntensity(%)
0,249.15725998243695,0.0005,68397.296875,0.0,1.0,0.0,0.0,249.15725998243695,249.15725998243695,100.0
1,250.15943913087227,0.0005,4290.361328125,0.0,1.0,0.0,0.0,250.15943913087227,250.15943913087227,6.272705975450876
2,250.12262975055125,0.0005,1188.789306640625,0.0,1.0,0.0,0.0,250.12262975055125,250.12262975055125,1.7380647495663548
3,84.04425334674154,0.0005,1158.3436279296875,0.0,1.0,0.0,0.0,84.04425334674154,84.04425334674154,1.6935517642555777
4,136.061786129944,0.0005,901.9806518554688,0.0,1.0,0.0,0.0,136.061786129944,136.061786129944,1.3187372791996304
5,274.0016096411312,0.0005,898.5482177734375,0.0,1.0,0.0,0.0,274.0016096411312,274.0016096411312,1.3137189023940319
6,61.44144038427733,0.0005,834.86181640625,0.0,1.0,0.0,0.0,61.44144038427733,61.44144038427733,1.2206064487197616
