,mz(Da),mz_std(Da),Int,Gauss_r2,N_signals,Confidence_interval(Da),Confidence_interval(ppm),mz_min(Da),mz_max(Da),RelativeIntensity(%)
0,249.15605146077618,0.0005,5214.3798828125,0.0,1.0,0.0,0.0,249.15605146077618,249.15605146077618,100.0
1,114.39880082113504,0.0005,4470.53369140625,0.0,1.0,0.0,0.0,114.39880082113504,114.39880082113504,85.73471423019838
2,175.1137277335999,0.0005,4155.197265625,0.0,1.0,0.0,0.0,175.1137277335999,175.1137277335999,79.68727555353706
3,139.206472870315,0.0005,3949.3388671875,0.0,1.0,0.0,0.0,139.206472870315,139.206472870315,75.73937756635655
