,mz(Da),mz_std(Da),Int,Gauss_r2,N_signals,Confidence_interval(Da),Confidence_interval(ppm),mz_min(Da),mz_max(Da),RelativeIntensity(%)
0,249.1585256263407,0.0005,10499.953125,0.0,1.0,0.0,0.0,249.1585256263407,249.1585256263407,100.0
1,56.30457362027623,0.0005,5739.1123046875,0.0,1.0,0.0,0.0,56.30457362027623,56.30457362027623,54.65845643656147
2,86.28905059278239,0.0005,5288.7294921875,0.0,1.0,0.0,0.0,86.28905059278239,86.28905059278239,50.36907716849927
3,73.06821220471821,0.0005,4419.55517578125,0.0,1.0,0.0,0.0,73.06821220471821,73.06821220471821,42.09118958120349
4,105.81676940923072,0.0005,4198.09228515625,0.0,1.0,0.0,0.0,105.81676940923072,105.81676940923072,39.98200977831746
5,138.40949425722448,0.0005,4193.8505859375,0.0,1.0,0.0,0.0,138.40949425722448,138.40949425722448,39.94161246255564
6,73.6803669147765,0.0005,4168.3505859375,0.0,1.0,0.0,0.0,73.6803669147765,73.6803669147765,39.69875423550998
