,mz(Da),mz_std(Da),Int,Gauss_r2,N_signals,Confidence_interval(Da),Confidence_interval(ppm),mz_min(Da),mz_max(Da),RelativeIntensity(%)
0,121.01285838035598,0.0005,4956.74072265625,0.0,1.0,0.0,0.0,121.01285838035598,121.01285838035598,100.0
1,103.45091243496981,0.0005,4653.84326171875,0.0,1.0,0.0,0.0,103.45091243496981,103.45091243496981,93.8891808572311
2,75.3658204098151,0.0005,4369.595703125,0.0,1.0,0.0,0.0,75.3658204098151,75.3658204098151,88.15461505082301
3,55.39335333471077,0.0005,3883.157958984375,0.0,1.0,0.0,0.0,55.39335333471077,55.39335333471077,78.3409537891553
