,mz(Da),mz_std(Da),Int,Gauss_r2,N_signals,Confidence_interval(Da),Confidence_interval(ppm),mz_min(Da),mz_max(Da),RelativeIntensity(%)
0,111.0440061103395,0.0005,18078.9140625,0.0,1.0,0.0,0.0,111.0440061103395,111.0440061103395,100.0
1,101.06009472552788,0.0005,6038.3798828125,0.0,1.0,0.0,0.0,101.06009472552788,101.06009472552788,33.40012492972433
2,166.2399227322218,0.0005,4962.568359375,0.0,1.0,0.0,0.0,166.2399227322218,166.2399227322218,27.44948254203252
3,158.47146911179306,0.0005,4849.1767578125,0.0,1.0,0.0,0.0,158.47146911179306,158.47146911179306,26.822278932509857
4,262.52831276107094,0.0005,4510.66064453125,0.0,1.0,0.0,0.0,262.52831276107094,262.52831276107094,24.94984283313477
5,134.02332987990044,0.0005,4242.30078125,0.0,1.0,0.0,0.0,134.02332987990044,134.02332987990044,23.465462397708656
