,mz(Da),mz_std(Da),Int,Gauss_r2,N_signals,Confidence_interval(Da),Confidence_interval(ppm),mz_min(Da),mz_max(Da),RelativeIntensity(%)
0,111.04401145834738,0.0005,15805.78515625,0.0,1.0,0.0,0.0,111.04401145834738,111.04401145834738,100.0
1,101.05962915163241,0.0005,9959.537109375,0.0,1.0,0.0,0.0,101.05962915163241,101.05962915163241,63.011973216887306
2,223.22584281694782,0.0005,5634.603515625,0.0,1.0,0.0,0.0,223.22584281694782,223.22584281694782,35.648994718854176
3,51.3359017801323,0.0005,4918.54736328125,0.0,1.0,0.0,0.0,51.3359017801323,51.3359017801323,31.118652535501116
4,136.1588908529385,0.0005,4724.203125,0.0,1.0,0.0,0.0,136.1588908529385,136.1588908529385,29.88907591934421
5,73.88953402554588,0.0005,4654.39501953125,0.0,1.0,0.0,0.0,73.88953402554588,73.88953402554588,29.44741418107146
6,239.41843954465747,0.0005,4525.23095703125,0.0,1.0,0.0,0.0,239.41843954465747,239.41843954465747,28.630219329799388
7,270.00428529865593,0.0005,4326.541015625,0.0,1.0,0.0,0.0,270.00428529865593,270.00428529865593,27.3731483305287
8,83.04956798477713,0.0005,3955.7587890625,0.0,1.0,0.0,0.0,83.04956798477713,83.04956798477713,25.02728431366976
