,mz(Da),mz_std(Da),Int,Gauss_r2,N_signals,Confidence_interval(Da),Confidence_interval(ppm),mz_min(Da),mz_max(Da),RelativeIntensity(%)
0,111.04415969033161,0.0005,18898.54296875,0.0,1.0,0.0,0.0,111.04415969033161,111.04415969033161,100.0
1,101.05957947609352,0.0005,6664.68896484375,0.0,1.0,0.0,0.0,101.05957947609352,101.05957947609352,35.26562325923357
2,129.05476855290374,0.0005,6092.39306640625,0.0,1.0,0.0,0.0,129.05476855290374,129.05476855290374,32.23736917962633
3,66.1725728805517,0.0005,4791.0498046875,0.0,1.0,0.0,0.0,66.1725728805517,66.1725728805517,25.351424247942393
4,77.78247222155814,0.0005,4749.087890625,0.0,1.0,0.0,0.0,77.78247222155814,77.78247222155814,25.129386421365567
5,96.44214431228085,0.0005,4229.365234375,0.0,1.0,0.0,0.0,96.44214431228085,96.44214431228085,22.379319090199374
6,116.77569185363086,0.0005,4044.249755859375,0.0,1.0,0.0,0.0,116.77569185363086,116.77569185363086,21.399796600969776
