,mz(Da),mz_std(Da),Int,Gauss_r2,N_signals,Confidence_interval(Da),Confidence_interval(ppm),mz_min(Da),mz_max(Da),RelativeIntensity(%)
0,111.04380530868882,0.0005,41727.29296875,0.0,1.0,0.0,0.0,111.04380530868882,111.04380530868882,100.0
1,101.05966510179712,0.0005,10187.2919921875,0.0,1.0,0.0,0.0,101.05966510179712,101.05966510179712,24.413977680787653
2,187.09659147815623,0.0005,7355.57861328125,0.0,1.0,0.0,0.0,187.09659147815623,187.09659147815623,17.627739759657832
3,245.13927655982798,0.0005,6454.3583984375,0.0,1.0,0.0,0.0,245.13927655982798,245.13927655982798,15.467953800097304
4,129.0546700039818,0.0005,6406.12158203125,0.0,1.0,0.0,0.0,129.0546700039818,129.0546700039818,15.352353642564017
5,83.04890914589951,0.0005,5700.1181640625,0.0,1.0,0.0,0.0,83.04890914589951,83.04890914589951,13.660407274278196
6,253.5893753822108,0.0005,4846.39111328125,0.0,1.0,0.0,0.0,253.5893753822108,253.5893753822108,11.614439299742646
7,113.17482266937398,0.0005,4766.55810546875,0.0,1.0,0.0,0.0,113.17482266937398,113.17482266937398,11.423118458795
8,67.7141335831065,0.0005,4302.919921875,0.0,1.0,0.0,0.0,67.7141335831065,67.7141335831065,10.312003525120838
