,mz(Da),mz_std(Da),Int,Gauss_r2,N_signals,Confidence_interval(Da),Confidence_interval(ppm),mz_min(Da),mz_max(Da),RelativeIntensity(%)
0,111.04419443306172,0.0005,35350.59375,0.0,1.0,0.0,0.0,111.04419443306172,111.04419443306172,100.0
1,101.05976750551983,0.0005,13886.560546875,0.0,1.0,0.0,0.0,101.05976750551983,101.05976750551983,39.28239690988217
2,129.05497853540396,0.0005,10065.8740234375,0.0,1.0,0.0,0.0,129.05497853540396,129.05497853540396,28.47441288998859
3,245.13947446868175,0.0005,5836.0556640625,0.0,1.0,0.0,0.0,245.13947446868175,245.13947446868175,16.509073950313777
4,100.24707754191688,0.0005,5404.22216796875,0.0,1.0,0.0,0.0,100.24707754191688,100.24707754191688,15.28750041990101
5,59.868687248034604,0.0005,4493.1103515625,0.0,1.0,0.0,0.0,59.868687248034604,59.868687248034604,12.710141117679246
6,58.77978025605437,0.0005,4378.0205078125,0.0,1.0,0.0,0.0,58.77978025605437,58.77978025605437,12.38457418501634
7,53.8700608737267,0.0005,4087.318359375,0.0,1.0,0.0,0.0,53.8700608737267,53.8700608737267,11.562233970610466
