,mz(Da),mz_std(Da),Int,Gauss_r2,N_signals,Confidence_interval(Da),Confidence_interval(ppm),mz_min(Da),mz_max(Da),RelativeIntensity(%)
0,111.04400838313455,0.0005,43483.078125,0.0,1.0,0.0,0.0,111.04400838313455,111.04400838313455,100.0
1,101.05987741969956,0.0005,19119.830078125,0.0,1.0,0.0,0.0,101.05987741969956,101.05987741969956,43.97073735939664
2,129.05513329779956,0.0005,14642.9580078125,0.0,1.0,0.0,0.0,129.05513329779956,129.05513329779956,33.67507232518972
3,245.13715242003826,0.0005,12042.8564453125,0.0,1.0,0.0,0.0,245.13715242003826,245.13715242003826,27.695501249228776
4,83.0495645460079,0.0005,6375.92822265625,0.0,1.0,0.0,0.0,83.0495645460079,83.0495645460079,14.663010296390441
5,187.09657745002698,0.0005,5974.697265625,0.0,1.0,0.0,0.0,187.09657745002698,187.09657745002698,13.740281330704438
6,138.05585442724953,0.0005,5202.87158203125,0.0,1.0,0.0,0.0,138.05585442724953,138.05585442724953,11.965278923158685
7,206.72399402331928,0.0005,4808.048828125,0.0,1.0,0.0,0.0,206.72399402331928,206.72399402331928,11.05728719182067
8,118.53167733587077,0.0005,3754.689697265625,0.0,1.0,0.0,0.0,118.53167733587077,118.53167733587077,8.634829591576034
