,mz(Da),mz_std(Da),Int,Gauss_r2,N_signals,Confidence_interval(Da),Confidence_interval(ppm),mz_min(Da),mz_max(Da),RelativeIntensity(%)
0,111.04375728599187,0.0005,48118.5546875,0.0,1.0,0.0,0.0,111.04375728599187,111.04375728599187,100.0
1,101.05970354279052,0.0005,18932.357421875,0.0,1.0,0.0,0.0,101.05970354279052,101.05970354279052,39.34523292486413
2,129.05498779923494,0.0005,12856.927734375,0.0,1.0,0.0,0.0,129.05498779923494,129.05498779923494,26.719272467497678
3,245.13861397322233,0.0005,9936.87109375,0.0,1.0,0.0,0.0,245.13861397322233,245.13861397322233,20.65080956459266
4,83.04914716222223,0.0005,6201.732421875,0.0,1.0,0.0,0.0,83.04914716222223,83.04914716222223,12.888442851518263
5,187.0964210600441,0.0005,5351.7607421875,0.0,1.0,0.0,0.0,187.0964210600441,187.0964210600441,11.122031359719443
6,117.56151413443115,0.0005,5050.0302734375,0.0,1.0,0.0,0.0,117.56151413443115,117.56151413443115,10.494974976356412
7,235.6645689427325,0.0005,4372.03466796875,0.0,1.0,0.0,0.0,235.6645689427325,235.6645689427325,9.08596423222266
8,58.870703196494155,0.0005,3963.69482421875,0.0,1.0,0.0,0.0,58.870703196494155,58.870703196494155,8.237352202202405
