,mz(Da),mz_std(Da),Int,Gauss_r2,N_signals,Confidence_interval(Da),Confidence_interval(ppm),mz_min(Da),mz_max(Da),RelativeIntensity(%)
0,111.04367713765271,0.0005,44315.7421875,0.0,1.0,0.0,0.0,111.04367713765271,111.04367713765271,100.0
1,101.05964621965786,0.0005,19648.576171875,0.0,1.0,0.0,0.0,101.05964621965786,101.05964621965786,44.337689502619256
2,129.05413258575868,0.0005,10693.32421875,0.0,1.0,0.0,0.0,129.05413258575868,129.05413258575868,24.129854744407805
3,187.09654879230698,0.0005,8273.3896484375,0.0,1.0,0.0,0.0,187.09654879230698,187.09654879230698,18.669188960962835
4,245.13913944085309,0.0005,7895.53076171875,0.0,1.0,0.0,0.0,245.13913944085309,245.13913944085309,17.816537356663783
5,52.96212932694013,0.0005,4607.4345703125,0.0,1.0,0.0,0.0,52.96212932694013,52.96212932694013,10.39683494596217
6,60.55259371180749,0.0005,4258.0126953125,0.0,1.0,0.0,0.0,60.55259371180749,60.55259371180749,9.608352438952368
7,52.11339192761537,0.0005,4244.93505859375,0.0,1.0,0.0,0.0,52.11339192761537,52.11339192761537,9.578842300854221
8,50.91393703645802,0.0005,4089.372314453125,0.0,1.0,0.0,0.0,50.91393703645802,50.91393703645802,9.227809605785191
