,mz(Da),mz_std(Da),Int,Gauss_r2,N_signals,Confidence_interval(Da),Confidence_interval(ppm),mz_min(Da),mz_max(Da),RelativeIntensity(%)
0,111.04419047981159,0.0005,17531.96484375,0.0,1.0,0.0,0.0,111.04419047981159,111.04419047981159,100.0
1,101.0595877390196,0.0005,8283.8603515625,0.0,1.0,0.0,0.0,101.0595877390196,101.0595877390196,47.250039715403766
2,187.0964410777687,0.0005,5311.4052734375,0.0,1.0,0.0,0.0,187.0964410777687,187.0964410777687,30.295550560215574
3,132.13505419213874,0.0005,4969.30126953125,0.0,1.0,0.0,0.0,132.13505419213874,132.13505419213874,28.344234738200292
4,156.59594982554577,0.0005,4899.92333984375,0.0,1.0,0.0,0.0,156.59594982554577,156.59594982554577,27.94851223758033
5,93.71376706249364,0.0005,4786.634765625,0.0,1.0,0.0,0.0,93.71376706249364,93.71376706249364,27.302329249943686
6,151.52532188084564,0.0005,4470.03759765625,0.0,1.0,0.0,0.0,151.52532188084564,151.52532188084564,25.496501033937342
7,93.31130728864548,0.0005,4459.37255859375,0.0,1.0,0.0,0.0,93.31130728864548,93.31130728864548,25.43566906696986
8,208.38561936217377,0.0005,4362.564453125,0.0,1.0,0.0,0.0,208.38561936217377,208.38561936217377,24.8834884852066
