,mz(Da),mz_std(Da),Int,Gauss_r2,N_signals,Confidence_interval(Da),Confidence_interval(ppm),mz_min(Da),mz_max(Da),RelativeIntensity(%)
0,111.0440560618903,0.0005,35947.74609375,0.0,1.0,0.0,0.0,111.0440560618903,111.0440560618903,100.0
1,101.05970027384616,0.0005,17548.427734375,0.0,1.0,0.0,0.0,101.05970027384616,101.05970027384616,48.81648960301862
2,129.05485531007656,0.0005,10779.8212890625,0.0,1.0,0.0,0.0,129.05485531007656,129.05485531007656,29.987474766705102
3,245.14037171696987,0.0005,10226.7109375,0.0,1.0,0.0,0.0,245.14037171696987,245.14037171696987,28.448823775569203
4,187.09743229170647,0.0005,6396.62255859375,0.0,1.0,0.0,0.0,187.09743229170647,187.09743229170647,17.794224266277126
5,66.29746888749835,0.0005,5202.041015625,0.0,1.0,0.0,0.0,66.29746888749835,66.29746888749835,14.471118723433527
6,194.43102517362718,0.0005,4521.654296875,0.0,1.0,0.0,0.0,194.43102517362718,194.43102517362718,12.578408351618881
7,63.88905181456725,0.0005,4200.017578125,0.0,1.0,0.0,0.0,63.88905181456725,63.88905181456725,11.683674317637482
8,59.828135552146605,0.0005,3936.583251953125,0.0,1.0,0.0,0.0,59.828135552146605,59.828135552146605,10.950848605881172
