,mz(Da),mz_std(Da),Int,Gauss_r2,N_signals,Confidence_interval(Da),Confidence_interval(ppm),mz_min(Da),mz_max(Da),RelativeIntensity(%)
0,111.04399535476318,0.0005,14952.6279296875,0.0,1.0,0.0,0.0,111.04399535476318,111.04399535476318,100.0
1,101.06020750822893,0.0005,5658.818359375,0.0,1.0,0.0,0.0,101.06020750822893,101.06020750822893,37.84497538482699
2,186.5280256746427,0.0005,4975.16064453125,0.0,1.0,0.0,0.0,186.5280256746427,186.5280256746427,33.27281778110309
3,58.978804714214874,0.0005,4829.001953125,0.0,1.0,0.0,0.0,58.978804714214874,58.978804714214874,32.29533949371749
4,51.97289519104906,0.0005,4640.35009765625,0.0,1.0,0.0,0.0,51.97289519104906,51.97289519104906,31.033675949651148
5,148.85913736343224,0.0005,4619.71728515625,0.0,1.0,0.0,0.0,148.85913736343224,148.85913736343224,30.89568808158526
6,150.4426135562689,0.0005,4213.951171875,0.0,1.0,0.0,0.0,150.4426135562689,150.4426135562689,28.18201049133621
