,mz(Da),mz_std(Da),Int,Gauss_r2,N_signals,Confidence_interval(Da),Confidence_interval(ppm),mz_min(Da),mz_max(Da),RelativeIntensity(%)
0,111.0440281569044,0.0005,27026.287109375,0.0,1.0,0.0,0.0,111.0440281569044,111.0440281569044,100.0
1,101.05989170958395,0.0005,12545.6201171875,0.0,1.0,0.0,0.0,101.05989170958395,101.05989170958395,46.4200652735448
2,187.0958660351352,0.0005,6496.5830078125,0.0,1.0,0.0,0.0,187.0958660351352,187.0958660351352,24.03801521652205
3,53.29041105359783,0.0005,4788.2802734375,0.0,1.0,0.0,0.0,53.29041105359783,53.29041105359783,17.71712205253869
4,121.0446026922827,0.0005,4585.4443359375,0.0,1.0,0.0,0.0,121.0446026922827,121.0446026922827,16.966608537015357
5,119.55507347534986,0.0005,4502.740234375,0.0,1.0,0.0,0.0,119.55507347534986,119.55507347534986,16.6605949835154
6,51.647725925247784,0.0005,4150.83935546875,0.0,1.0,0.0,0.0,51.647725925247784,51.647725925247784,15.35852608488307
7,53.5651251245595,0.0005,4122.673828125,0.0,1.0,0.0,0.0,53.5651251245595,53.5651251245595,15.254310780613695
