,mz(Da),mz_std(Da),Int,Gauss_r2,N_signals,Confidence_interval(Da),Confidence_interval(ppm),mz_min(Da),mz_max(Da),RelativeIntensity(%)
0,111.04423426155064,0.0005,20710.591796875,0.0,1.0,0.0,0.0,111.04423426155064,111.04423426155064,100.0
1,101.05939152558781,0.0005,6466.580078125,0.0,1.0,0.0,0.0,101.05939152558781,101.05939152558781,31.223540792787656
2,90.87462763192804,0.0005,5258.6689453125,0.0,1.0,0.0,0.0,90.87462763192804,90.87462763192804,25.39120560575181
3,187.09609071343516,0.0005,5178.703125,0.0,1.0,0.0,0.0,187.09609071343516,187.09609071343516,25.00509486059886
