,mz(Da),mz_std(Da),Int,Gauss_r2,N_signals,Confidence_interval(Da),Confidence_interval(ppm),mz_min(Da),mz_max(Da),RelativeIntensity(%)
0,111.04393957124698,0.0005,14241.9345703125,0.0,1.0,0.0,0.0,111.04393957124698,111.04393957124698,100.0
1,101.05961165680947,0.0005,7811.14306640625,0.0,1.0,0.0,0.0,101.05961165680947,101.05961165680947,54.84608167410543
2,59.54463474394831,0.0005,4566.1337890625,0.0,1.0,0.0,0.0,59.54463474394831,59.54463474394831,32.06119060946022
3,129.3056642416305,0.0005,4483.61474609375,0.0,1.0,0.0,0.0,129.3056642416305,129.3056642416305,31.481781663566295
4,78.13210907948697,0.0005,4442.265625,0.0,1.0,0.0,0.0,78.13210907948697,78.13210907948697,31.191448065348936
5,96.37233435011544,0.0005,4366.94189453125,0.0,1.0,0.0,0.0,96.37233435011544,96.37233435011544,30.662561135719567
6,237.68022828000028,0.0005,4314.8564453125,0.0,1.0,0.0,0.0,237.68022828000028,237.68022828000028,30.29684221627359
7,54.96909311092914,0.0005,4279.26806640625,0.0,1.0,0.0,0.0,54.96909311092914,54.96909311092914,30.04695777304328
