,mz(Da),mz_std(Da),Int,Gauss_r2,N_signals,Confidence_interval(Da),Confidence_interval(ppm),mz_min(Da),mz_max(Da),RelativeIntensity(%)
0,111.04402370352003,0.0005,23027.90234375,0.0,1.0,0.0,0.0,111.04402370352003,111.04402370352003,100.0
1,101.05956164355894,0.0005,7952.40380859375,0.0,1.0,0.0,0.0,101.05956164355894,101.05956164355894,34.53377424432283
2,57.65470257246011,0.0005,4739.21826171875,0.0,1.0,0.0,0.0,57.65470257246011,57.65470257246011,20.58032985798648
3,92.37765864303182,0.0005,4659.54443359375,0.0,1.0,0.0,0.0,92.37765864303182,92.37765864303182,20.23434164362086
4,65.36312286684662,0.0005,4567.0458984375,0.0,1.0,0.0,0.0,65.36312286684662,65.36312286684662,19.832661396000063
5,72.03462010827681,0.0005,4489.46435546875,0.0,1.0,0.0,0.0,72.03462010827681,72.03462010827681,19.495759051137522
6,62.1679539155996,0.0005,4032.13671875,0.0,1.0,0.0,0.0,62.1679539155996,62.1679539155996,17.50978729438794
