,mz(Da),mz_std(Da),Int,Gauss_r2,N_signals,Confidence_interval(Da),Confidence_interval(ppm),mz_min(Da),mz_max(Da),RelativeIntensity(%)
0,246.24260580281754,0.0005,10246.01171875,0.0,1.0,0.0,0.0,246.24260580281754,246.24260580281754,100.0
1,111.04428717537475,0.0005,10069.24609375,0.0,1.0,0.0,0.0,111.04428717537475,111.04428717537475,98.27478603526754
2,101.05951962600479,0.0005,5356.470703125,0.0,1.0,0.0,0.0,101.05951962600479,101.05951962600479,52.27859239437296
3,84.01484116978628,0.0005,4360.025390625,0.0,1.0,0.0,0.0,84.01484116978628,84.01484116978628,42.55339062950942
4,75.79626350922058,0.0005,4321.35205078125,0.0,1.0,0.0,0.0,75.79626350922058,75.79626350922058,42.175942887838595
