,mz(Da),mz_std(Da),Int,Gauss_r2,N_signals,Confidence_interval(Da),Confidence_interval(ppm),mz_min(Da),mz_max(Da),RelativeIntensity(%)
0,111.04416510375277,0.0005,10353.240234375,0.0,1.0,0.0,0.0,111.04416510375277,111.04416510375277,100.0
1,94.11916469374056,0.0005,5397.1142578125,0.0,1.0,0.0,0.0,94.11916469374056,94.11916469374056,52.12971142978902
2,246.24462341763171,0.0005,4753.17041015625,0.0,1.0,0.0,0.0,246.24462341763171,246.24462341763171,45.909978929830054
3,150.8791655366671,0.0005,4496.85595703125,0.0,1.0,0.0,0.0,150.8791655366671,150.8791655366671,43.43428583933283
4,139.95407432358212,0.0005,4356.4892578125,0.0,1.0,0.0,0.0,139.95407432358212,139.95407432358212,42.07851029427495
5,53.00501255681408,0.0005,4274.884765625,0.0,1.0,0.0,0.0,53.00501255681408,53.00501255681408,41.29030785387802
