,mz(Da),mz_std(Da),Int,Gauss_r2,N_signals,Confidence_interval(Da),Confidence_interval(ppm),mz_min(Da),mz_max(Da),RelativeIntensity(%)
0,74.84182639532943,0.0005,6863.591796875,0.0,1.0,0.0,0.0,74.84182639532943,74.84182639532943,100.0
1,88.37976351385396,0.0005,4683.8388671875,0.0,1.0,0.0,0.0,88.37976351385396,88.37976351385396,68.2418040845619
2,241.26511939008313,0.0005,4500.18505859375,0.0,1.0,0.0,0.0,241.26511939008313,241.26511939008313,65.56603585665873
3,199.90408171492976,0.0005,4319.7529296875,0.0,1.0,0.0,0.0,199.90408171492976,199.90408171492976,62.93720631308942
4,86.24204091408264,0.0005,4164.005859375,0.0,1.0,0.0,0.0,86.24204091408264,86.24204091408264,60.668028965109436
