,mz(Da),mz_std(Da),Int,Gauss_r2,N_signals,Confidence_interval(Da),Confidence_interval(ppm),mz_min(Da),mz_max(Da),RelativeIntensity(%)
0,100.48202439053793,0.0005,4510.1201171875,0.0,1.0,0.0,0.0,100.48202439053793,100.48202439053793,100.0
1,130.34769309050134,0.0005,4277.98046875,0.0,1.0,0.0,0.0,130.34769309050134,130.34769309050134,94.85291649876807
