,mz(Da),mz_std(Da),Int,Gauss_r2,N_signals,Confidence_interval(Da),Confidence_interval(ppm),mz_min(Da),mz_max(Da),RelativeIntensity(%)
0,193.33702640968633,0.0005,4893.6123046875,0.0,1.0,0.0,0.0,193.33702640968633,193.33702640968633,100.0
1,239.03097017436846,0.0005,4664.0986328125,0.0,1.0,0.0,0.0,239.03097017436846,239.03097017436846,95.30993348910879
2,242.64805558485045,0.0005,4548.85546875,0.0,1.0,0.0,0.0,242.64805558485045,242.64805558485045,92.95496221457381
3,77.08983703671043,0.0005,4167.87841796875,0.0,1.0,0.0,0.0,77.08983703671043,77.08983703671043,85.16977149939763
