,mz(Da),mz_std(Da),Int,Gauss_r2,N_signals,Confidence_interval(Da),Confidence_interval(ppm),mz_min(Da),mz_max(Da),RelativeIntensity(%)
0,111.04431514956948,0.0005,5659.90185546875,0.0,1.0,0.0,0.0,111.04431514956948,111.04431514956948,100.0
1,86.05787692551607,0.0005,4974.578125,0.0,1.0,0.0,0.0,86.05787692551607,86.05787692551607,87.8915969221874
2,174.26167522954427,0.0005,4786.513671875,0.0,1.0,0.0,0.0,174.26167522954427,174.26167522954427,84.56884578749614
3,179.4473757913059,0.0005,4748.66357421875,0.0,1.0,0.0,0.0,179.4473757913059,179.4473757913059,83.9001045509378
4,233.7644985499357,0.0005,4713.140625,0.0,1.0,0.0,0.0,233.7644985499357,233.7644985499357,83.27247972411459
5,187.9517186393274,0.0005,4375.07373046875,0.0,1.0,0.0,0.0,187.9517186393274,187.9517186393274,77.29946282092216
6,57.561134821202785,0.0005,4268.38134765625,0.0,1.0,0.0,0.0,57.561134821202785,57.561134821202785,75.41440570267176
7,203.8483859773413,0.0005,4256.3369140625,0.0,1.0,0.0,0.0,203.8483859773413,203.8483859773413,75.20160283256348
8,97.12520610632251,0.0005,4158.3154296875,0.0,1.0,0.0,0.0,97.12520610632251,97.12520610632251,73.46974445625101
