,mz(Da),mz_std(Da),Int,Gauss_r2,N_signals,Confidence_interval(Da),Confidence_interval(ppm),mz_min(Da),mz_max(Da),RelativeIntensity(%)
0,111.04359516641946,0.0005,7214.6474609375,0.0,1.0,0.0,0.0,111.04359516641946,111.04359516641946,100.0
1,61.12788754900629,0.0005,4994.49951171875,0.0,1.0,0.0,0.0,61.12788754900629,61.12788754900629,69.22721503386869
2,219.994129687373,0.0005,4845.2216796875,0.0,1.0,0.0,0.0,219.994129687373,219.994129687373,67.15812111293228
3,174.91029219918397,0.0005,4520.9208984375,0.0,1.0,0.0,0.0,174.91029219918397,174.91029219918397,62.66308815386017
4,67.64153942120151,0.0005,4476.322265625,0.0,1.0,0.0,0.0,67.64153942120151,67.64153942120151,62.044920280045524
