,mz(Da),mz_std(Da),Int,Gauss_r2,N_signals,Confidence_interval(Da),Confidence_interval(ppm),mz_min(Da),mz_max(Da),RelativeIntensity(%)
0,111.04376675719408,0.0005,7787.80419921875,0.0,1.0,0.0,0.0,111.04376675719408,111.04376675719408,100.0
1,149.2251136553511,0.0005,5258.95703125,0.0,1.0,0.0,0.0,149.2251136553511,149.2251136553511,67.5281105780441
2,207.78249327062036,0.0005,4976.505859375,0.0,1.0,0.0,0.0,207.78249327062036,207.78249327062036,63.90127091117967
3,70.1091242158027,0.0005,4840.232421875,0.0,1.0,0.0,0.0,70.1091242158027,70.1091242158027,62.15143958499314
4,238.10708194613284,0.0005,4582.98974609375,0.0,1.0,0.0,0.0,238.10708194613284,238.10708194613284,58.84829187864664
5,53.178792389053115,0.0005,4522.72412109375,0.0,1.0,0.0,0.0,53.178792389053115,53.178792389053115,58.07444570251852
6,53.402518889373056,0.0005,4413.95458984375,0.0,1.0,0.0,0.0,53.402518889373056,53.402518889373056,56.67778075733524
7,80.79497576146122,0.0005,4194.16015625,0.0,1.0,0.0,0.0,80.79497576146122,80.79497576146122,53.8554905716652
