,mz(Da),mz_std(Da),Int,Gauss_r2,N_signals,Confidence_interval(Da),Confidence_interval(ppm),mz_min(Da),mz_max(Da),RelativeIntensity(%)
0,111.04406566435435,0.0005,6546.18017578125,0.0,1.0,0.0,0.0,111.04406566435435,111.04406566435435,100.0
1,99.31547901780732,0.0005,5385.22802734375,0.0,1.0,0.0,0.0,99.31547901780732,99.31547901780732,82.26519714913061
2,50.080496472711786,0.0005,5215.25244140625,0.0,1.0,0.0,0.0,50.080496472711786,50.080496472711786,79.6686357748141
3,50.38300187836033,0.0005,4486.94677734375,0.0,1.0,0.0,0.0,50.38300187836033,50.38300187836033,68.54297707759407
4,52.22822890261024,0.0005,4486.65234375,0.0,1.0,0.0,0.0,52.22822890261024,52.22822890261024,68.53847928520457
5,164.55790591600748,0.0005,4210.49267578125,0.0,1.0,0.0,0.0,164.55790591600748,164.55790591600748,64.31984092583811
6,51.825750089299106,0.0005,4078.845458984375,0.0,1.0,0.0,0.0,51.825750089299106,51.825750089299106,62.30878694837616
7,150.69423018122427,0.0005,4009.677734375,0.0,1.0,0.0,0.0,150.69423018122427,150.69423018122427,61.25217495860428
