,mz(Da),mz_std(Da),Int,Gauss_r2,N_signals,Confidence_interval(Da),Confidence_interval(ppm),mz_min(Da),mz_max(Da),RelativeIntensity(%)
0,262.09631407328,0.0005,4924.12353515625,0.0,1.0,0.0,0.0,262.09631407328,262.09631407328,100.0
1,73.90618650390783,0.0005,4810.2275390625,0.0,1.0,0.0,0.0,73.90618650390783,73.90618650390783,97.68697931153476
2,236.1001343602223,0.0005,4702.1572265625,0.0,1.0,0.0,0.0,236.1001343602223,236.1001343602223,95.49226766938318
3,55.273455136119,0.0005,4645.650390625,0.0,1.0,0.0,0.0,55.273455136119,55.273455136119,94.34471652583318
4,104.0965340898197,0.0005,4425.53857421875,0.0,1.0,0.0,0.0,104.0965340898197,104.0965340898197,89.87464556122922
5,61.0643366941961,0.0005,4296.63232421875,0.0,1.0,0.0,0.0,61.0643366941961,61.0643366941961,87.25679389524925
6,111.04479285838141,0.0005,4079.104248046875,0.0,1.0,0.0,0.0,111.04479285838141,111.04479285838141,82.83919399917002
