,mz(Da),mz_std(Da),Int,Gauss_r2,N_signals,Confidence_interval(Da),Confidence_interval(ppm),mz_min(Da),mz_max(Da),RelativeIntensity(%)
0,111.04444538576288,0.0005,7423.7978515625,0.0,1.0,0.0,0.0,111.04444538576288,111.04444538576288,100.0
1,53.02030609618144,0.0005,5335.44775390625,0.0,1.0,0.0,0.0,53.02030609618144,53.02030609618144,71.8695182787512
2,117.84815664759768,0.0005,5051.447265625,0.0,1.0,0.0,0.0,117.84815664759768,117.84815664759768,68.04397650135117
3,99.17229171556002,0.0005,4800.61376953125,0.0,1.0,0.0,0.0,99.17229171556002,99.17229171556002,64.6652005552772
4,213.4418772109184,0.0005,4788.630859375,0.0,1.0,0.0,0.0,213.4418772109184,213.4418772109184,64.50378842639321
5,55.018688414343146,0.0005,4604.4873046875,0.0,1.0,0.0,0.0,55.018688414343146,55.018688414343146,62.02333895336852
6,151.43069103349472,0.0005,4396.7275390625,0.0,1.0,0.0,0.0,151.43069103349472,151.43069103349472,59.224774528809576
7,77.2330885836553,0.0005,3939.003173828125,0.0,1.0,0.0,0.0,77.2330885836553,77.2330885836553,53.059138362705774
