,mz(Da),mz_std(Da),Int,Gauss_r2,N_signals,Confidence_interval(Da),Confidence_interval(ppm),mz_min(Da),mz_max(Da),RelativeIntensity(%)
0,111.0443554808,0.0005,9534.7900390625,0.0,1.0,0.0,0.0,111.0443554808,111.0443554808,100.0
1,129.0552995570248,0.0005,4768.9697265625,0.0,1.0,0.0,0.0,129.0552995570248,129.0552995570248,50.0165153823503
2,231.39942068030453,0.0005,4289.49267578125,0.0,1.0,0.0,0.0,231.39942068030453,231.39942068030453,44.98780422230473
