,mz(Da),mz_std(Da),Int,Gauss_r2,N_signals,Confidence_interval(Da),Confidence_interval(ppm),mz_min(Da),mz_max(Da),RelativeIntensity(%)
0,111.04480424527122,0.0005,5882.6826171875,0.0,1.0,0.0,0.0,111.04480424527122,111.04480424527122,100.0
1,75.48982312364659,0.0005,4129.98974609375,0.0,1.0,0.0,0.0,75.48982312364659,75.48982312364659,70.2058909999175
2,81.34738284124413,0.0005,4078.6416015625,0.0,1.0,0.0,0.0,81.34738284124413,81.34738284124413,69.33302146279125
