,mz(Da),mz_std(Da),Int,Gauss_r2,N_signals,Confidence_interval(Da),Confidence_interval(ppm),mz_min(Da),mz_max(Da),RelativeIntensity(%)
0,111.04424361205912,0.0005,6942.568359375,0.0,1.0,0.0,0.0,111.04424361205912,111.04424361205912,100.0
1,199.39334203352558,0.0005,5020.6123046875,0.0,1.0,0.0,0.0,199.39334203352558,199.39334203352558,72.31635390248397
2,62.46762394369703,0.0005,4526.9326171875,0.0,1.0,0.0,0.0,62.46762394369703,62.46762394369703,65.20544534609428
3,86.49947309209287,0.0005,4307.6982421875,0.0,1.0,0.0,0.0,86.49947309209287,86.49947309209287,62.047617239094755
4,78.51784379513478,0.0005,4256.32568359375,0.0,1.0,0.0,0.0,78.51784379513478,78.51784379513478,61.30765248924279
5,58.04674986157464,0.0005,4067.40966796875,0.0,1.0,0.0,0.0,58.04674986157464,58.04674986157464,58.58652673511329
