,mz(Da),mz_std(Da),Int,Gauss_r2,N_signals,Confidence_interval(Da),Confidence_interval(ppm),mz_min(Da),mz_max(Da),RelativeIntensity(%)
0,111.0438975402437,0.0005,6244.28759765625,0.0,1.0,0.0,0.0,111.0438975402437,111.0438975402437,100.0
1,70.51346735220747,0.0005,4511.140625,0.0,1.0,0.0,0.0,70.51346735220747,70.51346735220747,72.24428014323404
2,118.89427718806962,0.0005,4346.00341796875,0.0,1.0,0.0,0.0,118.89427718806962,118.89427718806962,69.59966769627958
3,113.89882371386409,0.0005,4258.91796875,0.0,1.0,0.0,0.0,113.89882371386409,113.89882371386409,68.20502582790317
4,55.95779530042854,0.0005,4039.846923828125,0.0,1.0,0.0,0.0,55.95779530042854,55.95779530042854,64.69668253820426
5,103.13131730405775,0.0005,4038.549072265625,0.0,1.0,0.0,0.0,103.13131730405775,103.13131730405775,64.67589791638467
