,mz(Da),mz_std(Da),Int,Gauss_r2,N_signals,Confidence_interval(Da),Confidence_interval(ppm),mz_min(Da),mz_max(Da),RelativeIntensity(%)
0,255.34855220463365,0.0005,4515.7275390625,0.0,1.0,0.0,0.0,255.34855220463365,255.34855220463365,100.0
1,78.37938223409955,0.0005,4398.94287109375,0.0,1.0,0.0,0.0,78.37938223409955,78.37938223409955,97.41382386429373
2,86.77543393610354,0.0005,4080.300048828125,0.0,1.0,0.0,0.0,86.77543393610354,86.77543393610354,90.35753405253557
3,82.73492846713589,0.0005,3836.50244140625,0.0,1.0,0.0,0.0,82.73492846713589,82.73492846713589,84.95867849021595
