,mz(Da),mz_std(Da),Int,Gauss_r2,N_signals,Confidence_interval(Da),Confidence_interval(ppm),mz_min(Da),mz_max(Da),RelativeIntensity(%)
0,66.98498426007683,0.0005,4833.69775390625,0.0,1.0,0.0,0.0,66.98498426007683,66.98498426007683,100.0
1,63.095610065068264,0.0005,4744.947265625,0.0,1.0,0.0,0.0,63.095610065068264,63.095610065068264,98.16392143655386
2,131.59276739516272,0.0005,4702.9794921875,0.0,1.0,0.0,0.0,131.59276739516272,131.59276739516272,97.29568813827647
3,184.97101223400037,0.0005,4664.66259765625,0.0,1.0,0.0,0.0,184.97101223400037,184.97101223400037,96.50298457090335
4,90.8786302343244,0.0005,4115.9375,0.0,1.0,0.0,0.0,90.8786302343244,90.8786302343244,85.15090743259222
