,mz(Da),mz_std(Da),Int,Gauss_r2,N_signals,Confidence_interval(Da),Confidence_interval(ppm),mz_min(Da),mz_max(Da),RelativeIntensity(%)
0,246.401685790779,0.0005,5484.31298828125,0.0,1.0,0.0,0.0,246.401685790779,246.401685790779,100.0
1,72.42714478365158,0.0005,4783.76611328125,0.0,1.0,0.0,0.0,72.42714478365158,72.42714478365158,87.22635129510456
2,62.07119781301927,0.0005,4761.43017578125,0.0,1.0,0.0,0.0,62.07119781301927,62.07119781301927,86.81908173285079
3,50.82302438250428,0.0005,4640.21044921875,0.0,1.0,0.0,0.0,50.82302438250428,50.82302438250428,84.6087825245175
4,77.75013057802698,0.0005,4418.40185546875,0.0,1.0,0.0,0.0,77.75013057802698,77.75013057802698,80.56436357497988
5,104.39794478161801,0.0005,4354.888671875,0.0,1.0,0.0,0.0,104.39794478161801,104.39794478161801,79.40627533804914
6,83.7086380767966,0.0005,4190.8486328125,0.0,1.0,0.0,0.0,83.7086380767966,83.7086380767966,76.41519807070468
7,86.88598267250569,0.0005,4159.47119140625,0.0,1.0,0.0,0.0,86.88598267250569,86.88598267250569,75.84306731388433
8,60.135845102753706,0.0005,4142.20947265625,0.0,1.0,0.0,0.0,60.135845102753706,60.135845102753706,75.52832016530101
