,mz(Da),mz_std(Da),Int,Gauss_r2,N_signals,Confidence_interval(Da),Confidence_interval(ppm),mz_min(Da),mz_max(Da),RelativeIntensity(%)
0,58.67602365781979,0.0005,5160.189453125,0.0,1.0,0.0,0.0,58.67602365781979,58.67602365781979,100.0
1,113.83226265692977,0.0005,4892.7060546875,0.0,1.0,0.0,0.0,113.83226265692977,113.83226265692977,94.81640352806208
2,67.29299654458578,0.0005,4700.5869140625,0.0,1.0,0.0,0.0,67.29299654458578,67.29299654458578,91.0933010650575
3,60.479321665541036,0.0005,4441.30615234375,0.0,1.0,0.0,0.0,60.479321665541036,60.479321665541036,86.06866458467148
4,88.12168653868783,0.0005,4225.15234375,0.0,1.0,0.0,0.0,88.12168653868783,88.12168653868783,81.87979108385753
