,mz(Da),mz_std(Da),Int,Gauss_r2,N_signals,Confidence_interval(Da),Confidence_interval(ppm),mz_min(Da),mz_max(Da),RelativeIntensity(%)
0,102.77717975449883,0.0005,4782.93212890625,0.0,1.0,0.0,0.0,102.77717975449883,102.77717975449883,100.0
1,195.40404359615272,0.0005,4671.71044921875,0.0,1.0,0.0,0.0,195.40404359615272,195.40404359615272,97.67461304718672
2,249.8474974017259,0.0005,4651.14306640625,0.0,1.0,0.0,0.0,249.8474974017259,249.8474974017259,97.24459685088324
3,70.34520942632362,0.0005,4587.703125,0.0,1.0,0.0,0.0,70.34520942632362,70.34520942632362,95.91821504791258
4,122.98706604072487,0.0005,4301.923828125,0.0,1.0,0.0,0.0,122.98706604072487,122.98706604072487,89.94323381939259
5,229.65966521664438,0.0005,4190.0517578125,0.0,1.0,0.0,0.0,229.65966521664438,229.65966521664438,87.60424870947669
