,mz(Da),mz_std(Da),Int,Gauss_r2,N_signals,Confidence_interval(Da),Confidence_interval(ppm),mz_min(Da),mz_max(Da),RelativeIntensity(%)
0,111.04411754811804,0.0005,6643.41015625,0.0,1.0,0.0,0.0,111.04411754811804,111.04411754811804,100.0
1,246.18027213977075,0.0005,5017.3427734375,0.0,1.0,0.0,0.0,246.18027213977075,246.18027213977075,75.52360392376609
2,60.08807054770436,0.0005,4865.22802734375,0.0,1.0,0.0,0.0,60.08807054770436,60.08807054770436,73.23389513692199
