,mz(Da),mz_std(Da),Int,Gauss_r2,N_signals,Confidence_interval(Da),Confidence_interval(ppm),mz_min(Da),mz_max(Da),RelativeIntensity(%)
0,195.11542571271917,0.0005,4862.693359375,0.0,1.0,0.0,0.0,195.11542571271917,195.11542571271917,100.0
1,89.67465266253677,0.0005,4645.47119140625,0.0,1.0,0.0,0.0,89.67465266253677,89.67465266253677,95.53288369397265
2,52.501178409773814,0.0005,4547.23291015625,0.0,1.0,0.0,0.0,52.501178409773814,52.501178409773814,93.5126394797122
3,128.86128287376027,0.0005,4404.6591796875,0.0,1.0,0.0,0.0,128.86128287376027,128.86128287376027,90.58064850409627
4,86.9144345595387,0.0005,4377.78076171875,0.0,1.0,0.0,0.0,86.9144345595387,86.9144345595387,90.02790096312847
5,59.15900284346297,0.0005,4332.033203125,0.0,1.0,0.0,0.0,59.15900284346297,59.15900284346297,89.08711454677855
6,78.14411878652533,0.0005,4102.92529296875,0.0,1.0,0.0,0.0,78.14411878652533,78.14411878652533,84.37557110317351
7,108.49829780642743,0.0005,3995.105712890625,0.0,1.0,0.0,0.0,108.49829780642743,108.49829780642743,82.15829001819095
