,mz(Da),mz_std(Da),Int,Gauss_r2,N_signals,Confidence_interval(Da),Confidence_interval(ppm),mz_min(Da),mz_max(Da),RelativeIntensity(%)
0,111.04375099669822,0.0005,14239.654296875,0.0,1.0,0.0,0.0,111.04375099669822,111.04375099669822,100.0
1,101.0597242415536,0.0005,8494.6845703125,0.0,1.0,0.0,0.0,101.0597242415536,101.0597242415536,59.65513202224806
2,65.19746804567754,0.0005,5091.814453125,0.0,1.0,0.0,0.0,65.19746804567754,65.19746804567754,35.757992061945195
3,125.92189720300112,0.0005,4707.71240234375,0.0,1.0,0.0,0.0,125.92189720300112,125.92189720300112,33.060580714918714
4,56.45318300903821,0.0005,4250.56005859375,0.0,1.0,0.0,0.0,56.45318300903821,56.45318300903821,29.850163283293806
5,69.08380398302785,0.0005,4167.60107421875,0.0,1.0,0.0,0.0,69.08380398302785,69.08380398302785,29.267572002315827
6,51.40674167452639,0.0005,3959.16162109375,0.0,1.0,0.0,0.0,51.40674167452639,51.40674167452639,27.80377626135642
