,mz(Da),mz_std(Da),Int,Gauss_r2,N_signals,Confidence_interval(Da),Confidence_interval(ppm),mz_min(Da),mz_max(Da),RelativeIntensity(%)
0,111.04420964637322,0.0005,5529.02197265625,0.0,1.0,0.0,0.0,111.04420964637322,111.04420964637322,100.0
1,58.986777848914,0.0005,5416.9365234375,0.0,1.0,0.0,0.0,58.986777848914,58.986777848914,97.97277981941349
2,92.02605839005815,0.0005,4459.73388671875,0.0,1.0,0.0,0.0,92.02605839005815,92.02605839005815,80.6604478834474
3,149.31160105670904,0.0005,4404.1416015625,0.0,1.0,0.0,0.0,149.31160105670904,149.31160105670904,79.65498461288742
