,mz(Da),mz_std(Da),Int,Gauss_r2,N_signals,Confidence_interval(Da),Confidence_interval(ppm),mz_min(Da),mz_max(Da),RelativeIntensity(%)
0,203.9780038027684,0.0005,4440.80908203125,0.0,1.0,0.0,0.0,203.9780038027684,203.9780038027684,100.0
1,73.48246770416105,0.0005,4344.552734375,0.0,1.0,0.0,0.0,73.48246770416105,73.48246770416105,97.83245922357415
