,mz(Da),mz_std(Da),Int,Gauss_r2,N_signals,Confidence_interval(Da),Confidence_interval(ppm),mz_min(Da),mz_max(Da),RelativeIntensity(%)
0,111.0439104702929,0.0005,8221.7099609375,0.0,1.0,0.0,0.0,111.0439104702929,111.0439104702929,100.0
1,109.9954284709683,0.0005,4744.23046875,0.0,1.0,0.0,0.0,109.9954284709683,109.9954284709683,57.703695354014016
2,63.678242827591646,0.0005,4543.3095703125,0.0,1.0,0.0,0.0,63.678242827591646,63.678242827591646,55.25991055265149
3,70.41635200872402,0.0005,4360.27734375,0.0,1.0,0.0,0.0,70.41635200872402,70.41635200872402,53.03370423508359
4,70.51290593857004,0.0005,4127.626953125,0.0,1.0,0.0,0.0,70.51290593857004,70.51290593857004,50.20399616060328
