,mz(Da),mz_std(Da),Int,Gauss_r2,N_signals,Confidence_interval(Da),Confidence_interval(ppm),mz_min(Da),mz_max(Da),RelativeIntensity(%)
0,249.11010694482474,0.0005,11277.10546875,0.0,1.0,0.0,0.0,249.11010694482474,249.11010694482474,100.0
1,129.17858422516974,0.0005,4815.94482421875,0.0,1.0,0.0,0.0,129.17858422516974,129.17858422516974,42.70550486172379
2,59.95038634202955,0.0005,4549.69384765625,0.0,1.0,0.0,0.0,59.95038634202955,59.95038634202955,40.344518017180135
3,151.1108250761233,0.0005,4356.3564453125,0.0,1.0,0.0,0.0,151.1108250761233,151.1108250761233,38.630094019998346
4,58.958435544034835,0.0005,4324.81884765625,0.0,1.0,0.0,0.0,58.958435544034835,58.958435544034835,38.35043362537275
5,219.68631839644502,0.0005,4203.5732421875,0.0,1.0,0.0,0.0,219.68631839644502,219.68631839644502,37.27528534548184
