,mz(Da),mz_std(Da),Int,Gauss_r2,N_signals,Confidence_interval(Da),Confidence_interval(ppm),mz_min(Da),mz_max(Da),RelativeIntensity(%)
0,249.1091992449131,0.0005,31533.578125,0.0,1.0,0.0,0.0,249.1091992449131,249.1091992449131,100.0
1,249.15702653085668,0.0005,6925.06005859375,0.0,1.0,0.0,0.0,249.15702653085668,249.15702653085668,21.960907928502802
2,71.13973667326465,0.0005,5121.4365234375,0.0,1.0,0.0,0.0,71.13973667326465,71.13973667326465,16.24121596076405
3,126.72972609895317,0.0005,4787.34619140625,0.0,1.0,0.0,0.0,126.72972609895317,126.72972609895317,15.181741102862079
4,93.03539243233134,0.0005,4625.30859375,0.0,1.0,0.0,0.0,93.03539243233134,93.03539243233134,14.667883788560706
5,59.755903821348994,0.0005,4596.59912109375,0.0,1.0,0.0,0.0,59.755903821348994,59.755903821348994,14.576839656041255
6,51.77032230802594,0.0005,4595.59375,0.0,1.0,0.0,0.0,51.77032230802594,51.77032230802594,14.573651400367366
7,103.32068815103689,0.0005,4467.25732421875,0.0,1.0,0.0,0.0,103.32068815103689,103.32068815103689,14.166668008655456
8,86.0433481741166,0.0005,4275.2236328125,0.0,1.0,0.0,0.0,86.0433481741166,86.0433481741166,13.557686399765329
