,mz(Da),mz_std(Da),Int,Gauss_r2,N_signals,Confidence_interval(Da),Confidence_interval(ppm),mz_min(Da),mz_max(Da),RelativeIntensity(%)
0,111.04410217597348,0.0005,11544.3037109375,0.0,1.0,0.0,0.0,111.04410217597348,111.04410217597348,100.0
1,59.34744915824987,0.0005,5259.203125,0.0,1.0,0.0,0.0,59.34744915824987,59.34744915824987,45.55669407776614
2,87.2266074561592,0.0005,4751.0166015625,0.0,1.0,0.0,0.0,87.2266074561592,87.2266074561592,41.15463972990602
3,170.04520829571837,0.0005,4563.2080078125,0.0,1.0,0.0,0.0,170.04520829571837,170.04520829571837,39.52778896044764
4,67.01157087086406,0.0005,4504.62744140625,0.0,1.0,0.0,0.0,67.01157087086406,67.01157087086406,39.02034764676539
5,66.89499537427929,0.0005,3879.81103515625,0.0,1.0,0.0,0.0,66.89499537427929,66.89499537427929,33.60801250819808
