,mz(Da),mz_std(Da),Int,Gauss_r2,N_signals,Confidence_interval(Da),Confidence_interval(ppm),mz_min(Da),mz_max(Da),RelativeIntensity(%)
0,77.00833091833897,0.0005,5083.10791015625,0.0,1.0,0.0,0.0,77.00833091833897,77.00833091833897,100.0
1,98.58513406920761,0.0005,4194.51806640625,0.0,1.0,0.0,0.0,98.58513406920761,98.58513406920761,82.5187688426885
