,mz(Da),mz_std(Da),Int,Gauss_r2,N_signals,Confidence_interval(Da),Confidence_interval(ppm),mz_min(Da),mz_max(Da),RelativeIntensity(%)
0,250.17726838000996,0.0005,32775.12109375,0.0,1.0,0.0,0.0,250.17726838000996,250.17726838000996,100.0
1,249.15707060621145,0.0005,9514.669921875,0.0,1.0,0.0,0.0,249.15707060621145,249.15707060621145,29.03015947571704
2,232.5893584886906,0.0005,5153.7626953125,0.0,1.0,0.0,0.0,232.5893584886906,232.5893584886906,15.724618318176981
3,241.44566889867644,0.0005,4747.74169921875,0.0,1.0,0.0,0.0,241.44566889867644,241.44566889867644,14.485809787363724
4,64.09781141761454,0.0005,4390.302734375,0.0,1.0,0.0,0.0,64.09781141761454,64.09781141761454,13.39522963719027
