,mz(Da),mz_std(Da),Int,Gauss_r2,N_signals,Confidence_interval(Da),Confidence_interval(ppm),mz_min(Da),mz_max(Da),RelativeIntensity(%)
0,249.1577539181908,0.0005,51503.6015625,0.0,1.0,0.0,0.0,249.1577539181908,249.1577539181908,100.0
1,74.38366969998597,0.0005,4747.42138671875,0.0,1.0,0.0,0.0,74.38366969998597,74.38366969998597,9.217649334595988
2,72.54959520739521,0.0005,4422.0810546875,0.0,1.0,0.0,0.0,72.54959520739521,72.54959520739521,8.585964710295594
3,80.28398607863105,0.0005,4405.2978515625,0.0,1.0,0.0,0.0,80.28398607863105,80.28398607863105,8.553378245241042
4,115.28189868161076,0.0005,4304.3671875,0.0,1.0,0.0,0.0,115.28189868161076,115.28189868161076,8.357410077966332
5,67.90089060091506,0.0005,4275.9150390625,0.0,1.0,0.0,0.0,67.90089060091506,67.90089060091506,8.302167051120971
6,78.30863683631756,0.0005,4249.3798828125,0.0,1.0,0.0,0.0,78.30863683631756,78.30863683631756,8.250646078907407
