,mz(Da),mz_std(Da),Int,Gauss_r2,N_signals,Confidence_interval(Da),Confidence_interval(ppm),mz_min(Da),mz_max(Da),RelativeIntensity(%)
0,244.17935387576574,0.0005,5556.17236328125,0.0,1.0,0.0,0.0,244.17935387576574,244.17935387576574,100.0
1,187.84150791538804,0.0005,4612.12939453125,0.0,1.0,0.0,0.0,187.84150791538804,187.84150791538804,83.0091129823682
2,156.96348952573186,0.0005,4518.435546875,0.0,1.0,0.0,0.0,156.96348952573186,156.96348952573186,81.32281094689789
3,275.10245862640227,0.0005,4500.9326171875,0.0,1.0,0.0,0.0,275.10245862640227,275.10245862640227,81.0077931874927
4,69.58556479760728,0.0005,4390.8779296875,0.0,1.0,0.0,0.0,69.58556479760728,69.58556479760728,79.02702872764058
5,58.036109666091306,0.0005,4017.91064453125,0.0,1.0,0.0,0.0,58.036109666091306,58.036109666091306,72.31436287117693
