,mz(Da),mz_std(Da),Int,Gauss_r2,N_signals,Confidence_interval(Da),Confidence_interval(ppm),mz_min(Da),mz_max(Da),RelativeIntensity(%)
0,50.791215636703626,0.0005,4971.505859375,0.0,1.0,0.0,0.0,50.791215636703626,50.791215636703626,100.0
1,148.77204931573706,0.0005,4566.59130859375,0.0,1.0,0.0,0.0,148.77204931573706,148.77204931573706,91.85529370306014
2,76.81676947118697,0.0005,4094.31640625,0.0,1.0,0.0,0.0,76.81676947118697,76.81676947118697,82.35565887002139
