,mz(Da),mz_std(Da),Int,Gauss_r2,N_signals,Confidence_interval(Da),Confidence_interval(ppm),mz_min(Da),mz_max(Da),RelativeIntensity(%)
0,111.04424844172033,0.0005,10984.28515625,0.0,1.0,0.0,0.0,111.04424844172033,111.04424844172033,100.0
1,127.09029481876036,0.0005,5022.0517578125,0.0,1.0,0.0,0.0,127.09029481876036,127.09029481876036,45.720333061045665
2,53.87504630572077,0.0005,4054.116943359375,0.0,1.0,0.0,0.0,53.87504630572077,53.87504630572077,36.90833664357852
3,61.06871157306089,0.0005,4039.9912109375,0.0,1.0,0.0,0.0,61.06871157306089,61.06871157306089,36.7797371742372
