,mz(Da),mz_std(Da),Int,Gauss_r2,N_signals,Confidence_interval(Da),Confidence_interval(ppm),mz_min(Da),mz_max(Da),RelativeIntensity(%)
0,111.04373481359679,0.0005,6485.4892578125,0.0,1.0,0.0,0.0,111.04373481359679,111.04373481359679,100.0
1,71.88922865985893,0.0005,4777.3779296875,0.0,1.0,0.0,0.0,71.88922865985893,71.88922865985893,73.66256792319271
2,200.27509066359602,0.0005,4745.5615234375,0.0,1.0,0.0,0.0,200.27509066359602,200.27509066359602,73.1719895722738
3,67.43945985205397,0.0005,4612.6298828125,0.0,1.0,0.0,0.0,67.43945985205397,67.43945985205397,71.12231166301092
