,mz(Da),mz_std(Da),Int,Gauss_r2,N_signals,Confidence_interval(Da),Confidence_interval(ppm),mz_min(Da),mz_max(Da),RelativeIntensity(%)
0,62.282739229303516,0.0005,5201.10693359375,0.0,1.0,0.0,0.0,62.282739229303516,62.282739229303516,100.0
1,256.7499862896672,0.0005,4942.4638671875,0.0,1.0,0.0,0.0,256.7499862896672,256.7499862896672,95.0271534558214
2,150.60988941614934,0.0005,4803.7236328125,0.0,1.0,0.0,0.0,150.60988941614934,150.60988941614934,92.35963986407265
3,170.16196906129306,0.0005,4460.82177734375,0.0,1.0,0.0,0.0,170.16196906129306,170.16196906129306,85.76677684766436
4,91.12445111742662,0.0005,4171.36865234375,0.0,1.0,0.0,0.0,91.12445111742662,91.12445111742662,80.20155527664775
5,91.50484278749454,0.0005,3942.57861328125,0.0,1.0,0.0,0.0,91.50484278749454,91.50484278749454,75.8026832291466
