,mz(Da),mz_std(Da),Int,Gauss_r2,N_signals,Confidence_interval(Da),Confidence_interval(ppm),mz_min(Da),mz_max(Da),RelativeIntensity(%)
0,111.04395970411733,0.0005,39849.5859375,0.0,1.0,0.0,0.0,111.04395970411733,111.04395970411733,100.0
1,101.05996738256633,0.0005,16236.0185546875,0.0,1.0,0.0,0.0,101.05996738256633,101.05996738256633,40.74325535063786
2,129.0547269568229,0.0005,10207.2919921875,0.0,1.0,0.0,0.0,129.0547269568229,129.0547269568229,25.614549692427403
3,83.04916808074249,0.0005,5738.4287109375,0.0,1.0,0.0,0.0,83.04916808074249,83.04916808074249,14.400221673413718
4,161.17783622792035,0.0005,5117.48486328125,0.0,1.0,0.0,0.0,161.17783622792035,161.17783622792035,12.842002602756027
5,245.1379850657085,0.0005,5104.421875,0.0,1.0,0.0,0.0,245.1379850657085,245.1379850657085,12.80922186495429
6,169.22715003765165,0.0005,4951.47509765625,0.0,1.0,0.0,0.0,169.22715003765165,169.22715003765165,12.42541166029211
7,51.2607790532486,0.0005,4681.0888671875,0.0,1.0,0.0,0.0,51.2607790532486,51.2607790532486,11.746894621513281
8,216.92231202743721,0.0005,4389.0498046875,0.0,1.0,0.0,0.0,216.92231202743721,216.92231202743721,11.014041178674418
