,mz(Da),mz_std(Da),Int,Gauss_r2,N_signals,Confidence_interval(Da),Confidence_interval(ppm),mz_min(Da),mz_max(Da),RelativeIntensity(%)
0,111.04388075267096,0.0005,55364.4765625,0.0,1.0,0.0,0.0,111.04388075267096,111.04388075267096,100.0
1,101.05966973355609,0.0005,16713.017578125,0.0,1.0,0.0,0.0,101.05966973355609,101.05966973355609,30.1872583573656
2,129.05482098128311,0.0005,11708.4873046875,0.0,1.0,0.0,0.0,129.05482098128311,129.05482098128311,21.14801409071391
3,83.04928311210541,0.0005,9235.1279296875,0.0,1.0,0.0,0.0,83.04928311210541,83.04928311210541,16.680601900502253
4,112.04759994323119,0.0005,8366.4365234375,0.0,1.0,0.0,0.0,112.04759994323119,112.04759994323119,15.11156077488202
5,187.09740267056316,0.0005,6220.16015625,0.0,1.0,0.0,0.0,187.09740267056316,187.09740267056316,11.234929945067156
6,75.72539894041851,0.0005,4981.16650390625,0.0,1.0,0.0,0.0,75.72539894041851,75.72539894041851,8.997044338138187
7,89.4621620342237,0.0005,4552.41943359375,0.0,1.0,0.0,0.0,89.4621620342237,89.4621620342237,8.222636094923795
8,65.50241420992461,0.0005,4174.16162109375,0.0,1.0,0.0,0.0,65.50241420992461,65.50241420992461,7.539422171510303
