,mz(Da),mz_std(Da),Int,Gauss_r2,N_signals,Confidence_interval(Da),Confidence_interval(ppm),mz_min(Da),mz_max(Da),RelativeIntensity(%)
0,72.15888350036536,0.0005,5149.3115234375,0.0,1.0,0.0,0.0,72.15888350036536,72.15888350036536,100.0
1,200.52864979701837,0.0005,4524.16357421875,0.0,1.0,0.0,0.0,200.52864979701837,200.52864979701837,87.85958188054191
2,108.74071388763485,0.0005,4451.02734375,0.0,1.0,0.0,0.0,108.74071388763485,108.74071388763485,86.43927102663717
3,125.71694426515083,0.0005,4381.138671875,0.0,1.0,0.0,0.0,125.71694426515083,125.71694426515083,85.0820279941095
4,100.69443568049616,0.0005,4348.6650390625,0.0,1.0,0.0,0.0,100.69443568049616,100.69443568049616,84.4513877101668
5,243.61512968085867,0.0005,4207.48681640625,0.0,1.0,0.0,0.0,243.61512968085867,243.61512968085867,81.70969647603451
6,194.42171691395836,0.0005,4165.8994140625,0.0,1.0,0.0,0.0,194.42171691395836,194.42171691395836,80.90206613255148
7,54.600502796113645,0.0005,4116.4443359375,0.0,1.0,0.0,0.0,54.600502796113645,54.600502796113645,79.94164495974223
8,238.67281212635206,0.0005,3999.47021484375,0.0,1.0,0.0,0.0,238.67281212635206,238.67281212635206,77.6699991181315
