,mz(Da),mz_std(Da),Int,Gauss_r2,N_signals,Confidence_interval(Da),Confidence_interval(ppm),mz_min(Da),mz_max(Da),RelativeIntensity(%)
0,189.2341946439932,0.0005,5479.93505859375,0.0,1.0,0.0,0.0,189.2341946439932,189.2341946439932,100.0
1,155.4590463993178,0.0005,5082.2890625,0.0,1.0,0.0,0.0,155.4590463993178,155.4590463993178,92.74360020982087
2,216.19505038637948,0.0005,4439.6337890625,0.0,1.0,0.0,0.0,216.19505038637948,216.19505038637948,81.01617522091202
3,81.26169920438468,0.0005,4094.176513671875,0.0,1.0,0.0,0.0,81.26169920438468,81.26169920438468,74.7121356347335
4,148.63086606343768,0.0005,4072.5107421875,0.0,1.0,0.0,0.0,148.63086606343768,148.63086606343768,74.31677015589632
