,mz(Da),mz_std(Da),Int,Gauss_r2,N_signals,Confidence_interval(Da),Confidence_interval(ppm),mz_min(Da),mz_max(Da),RelativeIntensity(%)
0,135.4628653500809,0.0005,4842.71533203125,0.0,1.0,0.0,0.0,135.4628653500809,135.4628653500809,100.0
1,50.80995002320418,0.0005,4594.9169921875,0.0,1.0,0.0,0.0,50.80995002320418,50.80995002320418,94.88307028487235
2,96.1537513408566,0.0005,4306.01708984375,0.0,1.0,0.0,0.0,96.1537513408566,96.1537513408566,88.9174108864585
3,62.31831946927831,0.0005,4195.98388671875,0.0,1.0,0.0,0.0,62.31831946927831,62.31831946927831,86.64527231169642
4,62.97440828089721,0.0005,4115.2041015625,0.0,1.0,0.0,0.0,62.97440828089721,62.97440828089721,84.97720430402421
5,179.32928337954462,0.0005,4106.72705078125,0.0,1.0,0.0,0.0,179.32928337954462,179.32928337954462,84.80215683168612
6,209.47062547052087,0.0005,4027.780517578125,0.0,1.0,0.0,0.0,209.47062547052087,209.47062547052087,83.17194469262134
7,101.5076304002902,0.0005,3983.837890625,0.0,1.0,0.0,0.0,101.5076304002902,101.5076304002902,82.26454824372263
