,mz(Da),mz_std(Da),Int,Gauss_r2,N_signals,Confidence_interval(Da),Confidence_interval(ppm),mz_min(Da),mz_max(Da),RelativeIntensity(%)
0,166.02574822775972,0.0005,4906.3310546875,0.0,1.0,0.0,0.0,166.02574822775972,166.02574822775972,100.0
1,203.3360658493849,0.0005,4613.7021484375,0.0,1.0,0.0,0.0,203.3360658493849,203.3360658493849,94.03568770659243
2,226.35379699246312,0.0005,4543.6337890625,0.0,1.0,0.0,0.0,226.35379699246312,226.35379699246312,92.60756639569848
3,261.3932975196308,0.0005,4218.166015625,0.0,1.0,0.0,0.0,261.3932975196308,261.3932975196308,85.97393793056365
4,188.7729062987674,0.0005,4019.0771484375,0.0,1.0,0.0,0.0,188.7729062987674,188.7729062987674,81.91614270703728
