,mz(Da),mz_std(Da),Int,Gauss_r2,N_signals,Confidence_interval(Da),Confidence_interval(ppm),mz_min(Da),mz_max(Da),RelativeIntensity(%)
0,84.04411683112596,0.0005,9867.2666015625,0.0,1.0,0.0,0.0,84.04411683112596,84.04411683112596,100.0
1,67.02517776017652,0.0005,4502.234375,0.0,1.0,0.0,0.0,67.02517776017652,67.02517776017652,45.62797942732249
