,mz(Da),mz_std(Da),Int,Gauss_r2,N_signals,Confidence_interval(Da),Confidence_interval(ppm),mz_min(Da),mz_max(Da),RelativeIntensity(%)
0,58.3661695023508,0.0005,4820.0712890625,0.0,1.0,0.0,0.0,58.3661695023508,58.3661695023508,100.0
1,125.87800308534523,0.0005,4768.57177734375,0.0,1.0,0.0,0.0,125.87800308534523,125.87800308534523,98.93156120251561
2,89.76875268646836,0.0005,4753.150390625,0.0,1.0,0.0,0.0,89.76875268646836,89.76875268646836,98.61162015198086
3,250.41516415275532,0.0005,4479.84228515625,0.0,1.0,0.0,0.0,250.41516415275532,250.41516415275532,92.94141137127406
4,61.445032367617955,0.0005,4459.65234375,0.0,1.0,0.0,0.0,61.445032367617955,61.445032367617955,92.52253911409262
5,217.79593151280193,0.0005,4297.970703125,0.0,1.0,0.0,0.0,217.79593151280193,217.79593151280193,89.16819784134255
6,81.9458529240083,0.0005,4160.634765625,0.0,1.0,0.0,0.0,81.9458529240083,81.9458529240083,86.31894667338499
