,mz(Da),mz_std(Da),Int,Gauss_r2,N_signals,Confidence_interval(Da),Confidence_interval(ppm),mz_min(Da),mz_max(Da),RelativeIntensity(%)
0,113.03464180739739,0.0005,5265.7021484375,0.0,1.0,0.0,0.0,113.03464180739739,113.03464180739739,100.0
1,128.27524692523235,0.0005,4371.4921875,0.0,1.0,0.0,0.0,128.27524692523235,128.27524692523235,83.01821987400407
2,60.30401051755749,0.0005,4276.03515625,0.0,1.0,0.0,0.0,60.30401051755749,60.30401051755749,81.20541260615803
3,253.6142374669522,0.0005,4195.58984375,0.0,1.0,0.0,0.0,253.6142374669522,253.6142374669522,79.67769018220987
4,188.8566435181661,0.0005,4159.4013671875,0.0,1.0,0.0,0.0,188.8566435181661,188.8566435181661,78.99044134924581
