,mz(Da),mz_std(Da),Int,Gauss_r2,N_signals,Confidence_interval(Da),Confidence_interval(ppm),mz_min(Da),mz_max(Da),RelativeIntensity(%)
0,220.42412091827833,0.0005,4843.8818359375,0.0,1.0,0.0,0.0,220.42412091827833,220.42412091827833,100.0
1,91.6018561048368,0.0005,4462.6103515625,0.0,1.0,0.0,0.0,91.6018561048368,91.6018561048368,92.12880294588757
2,126.77983430148333,0.0005,4255.44921875,0.0,1.0,0.0,0.0,126.77983430148333,126.77983430148333,87.85204434959935
