,mz(Da),mz_std(Da),Int,Gauss_r2,N_signals,Confidence_interval(Da),Confidence_interval(ppm),mz_min(Da),mz_max(Da),RelativeIntensity(%)
0,77.04175663674822,0.0005,991.489990234375,0.0,1.0,0.0,0.0,77.04175663674822,77.04175663674822,100.0
1,127.88061900515629,0.0005,942.7420043945312,0.0,1.0,0.0,0.0,127.88061900515629,127.88061900515629,95.08336076813842
2,82.39728968114281,0.0005,927.2921752929688,0.0,1.0,0.0,0.0,82.39728968114281,82.39728968114281,93.52511718991427
3,91.0578432407829,0.0005,917.5830688476562,0.0,1.0,0.0,0.0,91.0578432407829,91.0578432407829,92.54587316920384
4,157.88886204184078,0.0005,912.0468139648438,0.0,1.0,0.0,0.0,157.88886204184078,157.88886204184078,91.98749588477924
5,153.2076651137748,0.0005,849.8922119140625,0.0,1.0,0.0,0.0,153.2076651137748,153.2076651137748,85.71868806392683
