,mz(Da),mz_std(Da),Int,Gauss_r2,N_signals,Confidence_interval(Da),Confidence_interval(ppm),mz_min(Da),mz_max(Da),RelativeIntensity(%)
0,56.57416178547064,0.0005,4908.15771484375,0.0,1.0,0.0,0.0,56.57416178547064,56.57416178547064,100.0
1,140.31171454068226,0.0005,4306.8271484375,0.0,1.0,0.0,0.0,140.31171454068226,140.31171454068226,87.74834466733526
2,64.53662045164234,0.0005,4128.4716796875,0.0,1.0,0.0,0.0,64.53662045164234,64.53662045164234,84.11448693267855
