,mz(Da),mz_std(Da),Int,Gauss_r2,N_signals,Confidence_interval(Da),Confidence_interval(ppm),mz_min(Da),mz_max(Da),RelativeIntensity(%)
0,105.39261713485656,0.0005,5671.9013671875,0.0,1.0,0.0,0.0,105.39261713485656,105.39261713485656,100.0
1,50.23849418941299,0.0005,4896.60009765625,0.0,1.0,0.0,0.0,50.23849418941299,50.23849418941299,86.3308400598
2,97.07394672144174,0.0005,4505.98095703125,0.0,1.0,0.0,0.0,97.07394672144174,97.07394672144174,79.44392303961398
3,69.46467776381726,0.0005,4465.07177734375,0.0,1.0,0.0,0.0,69.46467776381726,69.46467776381726,78.72266261847612
4,150.24996262623876,0.0005,4463.4375,0.0,1.0,0.0,0.0,150.24996262623876,150.24996262623876,78.69384904718935
5,65.34023072587874,0.0005,4364.29541015625,0.0,1.0,0.0,0.0,65.34023072587874,65.34023072587874,76.94589746225353
6,120.715573121781,0.0005,4293.21044921875,0.0,1.0,0.0,0.0,120.715573121781,120.715573121781,75.6926147209715
