,mz(Da),mz_std(Da),Int,Gauss_r2,N_signals,Confidence_interval(Da),Confidence_interval(ppm),mz_min(Da),mz_max(Da),RelativeIntensity(%)
0,100.11282362767234,0.0028496660303650133,514.2349403832214,0.9995437974553949,4.0,0.008322320423194945,83.12941461072285,100.10308074951172,100.12028503417969,100.0
