,mz(Da),mz_std(Da),Int,Gauss_r2,N_signals,Confidence_interval(Da),Confidence_interval(ppm),mz_min(Da),mz_max(Da),RelativeIntensity(%)
0,97.1018586435908,0.002597030301394551,935.8170393292589,0.9988777860450723,4.0,0.007584509232537523,78.10879563465635,97.09288024902344,97.1092300415039,100.0
