,mz(Da),mz_std(Da),Int,Gauss_r2,N_signals,Confidence_interval(Da),Confidence_interval(ppm),mz_min(Da),mz_max(Da),RelativeIntensity(%)
0,97.0996804270147,0.002598023244323134,586.2780424792106,0.9984476791680584,4.0,0.007587409077335319,78.14041245005355,97.09284973144531,97.10919189453125,100.0
