,mz(Da),mz_std(Da),Int,Gauss_r2,N_signals,Confidence_interval(Da),Confidence_interval(ppm),mz_min(Da),mz_max(Da),RelativeIntensity(%)
0,55.05460740358822,0.001087018017179751,375.9826206180503,0.9995023837760464,4.0,0.0031745868281965483,57.662509604775465,55.05061721801758,55.05760192871094,100.0
