,mz(Da),mz_std(Da),Int,Gauss_r2,N_signals,Confidence_interval(Da),Confidence_interval(ppm),mz_min(Da),mz_max(Da),RelativeIntensity(%)
0,84.04495643828395,0.0021446738671182883,411.6413494826767,0.9989782434134767,4.0,0.00626342277839652,74.52467160234521,84.03768920898438,84.05088806152344,100.0
