,mz(Da),mz_std(Da),Int,Gauss_r2,N_signals,Confidence_interval(Da),Confidence_interval(ppm),mz_min(Da),mz_max(Da),RelativeIntensity(%)
0,45.036498131916524,0.0013952291303972854,21682.582544023648,0.9998616698799397,4.0,0.004074703408474337,90.47558263831066,45.030799865722656,45.04187774658203,100.0
