,mz(Da),mz_std(Da),Int,Gauss_r2,N_signals,Confidence_interval(Da),Confidence_interval(ppm),mz_min(Da),mz_max(Da),RelativeIntensity(%)
0,111.04386569568007,0.0005,22063.6015625,0.0,1.0,0.0,0.0,111.04386569568007,111.04386569568007,100.0
1,101.05968309859159,0.0005,10306.640625,0.0,1.0,0.0,0.0,101.05968309859159,101.05968309859159,46.71331920042236
2,187.0969648816494,0.0005,6361.73388671875,0.0,1.0,0.0,0.0,187.0969648816494,187.0969648816494,28.83361480535143
3,245.13803620944307,0.0005,6254.7783203125,0.0,1.0,0.0,0.0,245.13803620944307,245.13803620944307,28.3488545720628
4,103.37619738171381,0.0005,4523.630859375,0.0,1.0,0.0,0.0,103.37619738171381,103.37619738171381,20.502685595372185
5,129.05366324484496,0.0005,4464.00244140625,0.0,1.0,0.0,0.0,129.05366324484496,129.05366324484496,20.232428639363263
6,52.66174640798533,0.0005,4400.94775390625,0.0,1.0,0.0,0.0,52.66174640798533,52.66174640798533,19.94664262513805
7,106.4599094304375,0.0005,3761.161376953125,0.0,1.0,0.0,0.0,106.4599094304375,106.4599094304375,17.046905811359984
