,mz(Da),mz_std(Da),Int,Gauss_r2,N_signals,Confidence_interval(Da),Confidence_interval(ppm),mz_min(Da),mz_max(Da),RelativeIntensity(%)
0,111.04390829499306,0.0005,23615.171875,0.0,1.0,0.0,0.0,111.04390829499306,111.04390829499306,100.0
1,129.0544964120881,0.0005,10378.427734375,0.0,1.0,0.0,0.0,129.0544964120881,129.0544964120881,43.9481355008135
2,101.05972378661338,0.0005,8599.869140625,0.0,1.0,0.0,0.0,101.05972378661338,101.05972378661338,36.41671204489169
3,245.13622514001432,0.0005,5585.82470703125,0.0,1.0,0.0,0.0,245.13622514001432,245.13622514001432,23.65354246243973
4,124.41147240746301,0.0005,5027.3818359375,0.0,1.0,0.0,0.0,124.41147240746301,124.41147240746301,21.288779359932143
5,78.49907803530657,0.0005,4262.802734375,0.0,1.0,0.0,0.0,78.49907803530657,78.49907803530657,18.051118818609062
6,63.88364781858658,0.0005,4122.5283203125,0.0,1.0,0.0,0.0,63.88364781858658,63.88364781858658,17.457117577351955
