,mz(Da),mz_std(Da),Int,Gauss_r2,N_signals,Confidence_interval(Da),Confidence_interval(ppm),mz_min(Da),mz_max(Da),RelativeIntensity(%)
0,249.1511981614816,0.0005,12312.80859375,0.0,1.0,0.0,0.0,249.1511981614816,249.1511981614816,100.0
1,249.11148744962588,0.0005,9771.2060546875,0.0,1.0,0.0,0.0,249.11148744962588,249.11148744962588,79.35806018821229
2,175.11153516776977,0.0005,8255.1611328125,0.0,1.0,0.0,0.0,175.11153516776977,175.11153516776977,67.04531358509733
3,249.18552039917603,0.0005,6696.98583984375,0.0,1.0,0.0,0.0,249.18552039917603,249.18552039917603,54.39039995507727
4,77.0845560859828,0.0005,4754.9609375,0.0,1.0,0.0,0.0,77.0845560859828,77.0845560859828,38.61800418073278
5,152.7826332611093,0.0005,4677.20703125,0.0,1.0,0.0,0.0,152.7826332611093,152.7826332611093,37.98651620089471
6,50.57585545237599,0.0005,4328.2138671875,0.0,1.0,0.0,0.0,50.57585545237599,50.57585545237599,35.152124994329135
7,87.69456620337436,0.0005,3986.757568359375,0.0,1.0,0.0,0.0,87.69456620337436,87.69456620337436,32.37894537224479
