,mz(Da),mz_std(Da),Int,Gauss_r2,N_signals,Confidence_interval(Da),Confidence_interval(ppm),mz_min(Da),mz_max(Da),RelativeIntensity(%)
0,231.12383985742306,0.0005,105420.875,0.0,1.0,0.0,0.0,231.12383985742306,231.12383985742306,100.0
1,203.128934033076,0.0005,22151.234375,0.0,1.0,0.0,0.0,203.128934033076,203.128934033076,21.012189829575973
2,231.15114033294702,0.0005,7589.34033203125,0.0,1.0,0.0,0.0,231.15114033294702,231.15114033294702,7.199086833638262
3,189.07751380684925,0.0005,6680.2333984375,0.0,1.0,0.0,0.0,189.07751380684925,189.07751380684925,6.336727330746875
4,195.75205764853428,0.0005,5017.34521484375,0.0,1.0,0.0,0.0,195.75205764853428,195.75205764853428,4.759346965051988
5,65.64332984342266,0.0005,4514.80419921875,0.0,1.0,0.0,0.0,65.64332984342266,65.64332984342266,4.282647245357003
6,76.8171765784266,0.0005,4176.2939453125,0.0,1.0,0.0,0.0,76.8171765784266,76.8171765784266,3.961543617725142
7,50.59267367467684,0.0005,4143.76953125,0.0,1.0,0.0,0.0,50.59267367467684,50.59267367467684,3.9306916502542784
8,50.8883228047646,0.0005,4108.57177734375,0.0,1.0,0.0,0.0,50.8883228047646,50.8883228047646,3.8973038094625467
