,mz(Da),mz_std(Da),Int,Gauss_r2,N_signals,Confidence_interval(Da),Confidence_interval(ppm),mz_min(Da),mz_max(Da),RelativeIntensity(%)
0,249.15705850987933,0.0005,194770.3125,0.0,1.0,0.0,0.0,249.15705850987933,249.15705850987933,100.0
1,231.12275810919246,0.0005,16970.935546875,0.0,1.0,0.0,0.0,231.12275810919246,231.12275810919246,8.713307140622367
2,250.1600908417247,0.0005,15043.7998046875,0.0,1.0,0.0,0.0,250.1600908417247,250.1600908417247,7.723866954666153
3,71.07941063249112,0.0005,5705.3837890625,0.0,1.0,0.0,0.0,71.07941063249112,71.07941063249112,2.9292882040544552
4,262.96462441221183,0.0005,5074.75537109375,0.0,1.0,0.0,0.0,262.96462441221183,262.96462441221183,2.605507639206437
5,68.89822990646388,0.0005,4499.07861328125,0.0,1.0,0.0,0.0,68.89822990646388,68.89822990646388,2.309940645231162
6,173.5225372540654,0.0005,4364.50048828125,0.0,1.0,0.0,0.0,173.5225372540654,173.5225372540654,2.2408448352626893
