,mz(Da),mz_std(Da),Int,Gauss_r2,N_signals,Confidence_interval(Da),Confidence_interval(ppm),mz_min(Da),mz_max(Da),RelativeIntensity(%)
0,249.15707596291531,0.0005,115914.4140625,0.0,1.0,0.0,0.0,249.15707596291531,249.15707596291531,100.0
1,249.1866196142359,0.0005,9265.3740234375,0.0,1.0,0.0,0.0,249.1866196142359,249.1866196142359,7.9932889264675016
2,250.15982381266807,0.0005,6052.68798828125,0.0,1.0,0.0,0.0,250.15982381266807,250.15982381266807,5.221687084591306
3,98.85051020813643,0.0005,5018.5947265625,0.0,1.0,0.0,0.0,98.85051020813643,98.85051020813643,4.329569162862282
4,66.92304624796816,0.0005,4873.57861328125,0.0,1.0,0.0,0.0,66.92304624796816,66.92304624796816,4.204462967524868
5,71.4118237574138,0.0005,4853.9931640625,0.0,1.0,0.0,0.0,71.4118237574138,71.4118237574138,4.18756649319322
6,54.53227000283604,0.0005,4531.72412109375,0.0,1.0,0.0,0.0,54.53227000283604,54.53227000283604,3.9095432244089032
