,mz(Da),mz_std(Da),Int,Gauss_r2,N_signals,Confidence_interval(Da),Confidence_interval(ppm),mz_min(Da),mz_max(Da),RelativeIntensity(%)
0,143.32098445575335,0.0005,4730.28955078125,0.0,1.0,0.0,0.0,143.32098445575335,143.32098445575335,100.0
1,271.00865572503574,0.0005,4715.42626953125,0.0,1.0,0.0,0.0,271.00865572503574,271.00865572503574,99.68578495902972
2,69.43661515583409,0.0005,4588.01416015625,0.0,1.0,0.0,0.0,69.43661515583409,69.43661515583409,96.99224774514063
3,96.48772261138201,0.0005,4298.39404296875,0.0,1.0,0.0,0.0,96.48772261138201,96.48772261138201,90.86957567447074
4,77.00907646018553,0.0005,4068.72314453125,0.0,1.0,0.0,0.0,77.00907646018553,77.00907646018553,86.01425136563286
