,mz(Da),mz_std(Da),Int,Gauss_r2,N_signals,Confidence_interval(Da),Confidence_interval(ppm),mz_min(Da),mz_max(Da),RelativeIntensity(%)
0,111.04410587600357,0.0005,31373.74609375,0.0,1.0,0.0,0.0,111.04410587600357,111.04410587600357,100.0
1,101.05986930947513,0.0005,15029.80859375,0.0,1.0,0.0,0.0,101.05986930947513,101.05986930947513,47.90568696781831
2,129.0545594941171,0.0005,6161.37109375,0.0,1.0,0.0,0.0,129.0545594941171,129.0545594941171,19.63862101560583
3,245.13822580360412,0.0005,5972.00439453125,0.0,1.0,0.0,0.0,245.13822580360412,245.13822580360412,19.03503769261695
4,124.31563978768747,0.0005,5028.7041015625,0.0,1.0,0.0,0.0,124.31563978768747,124.31563978768747,16.028382732925454
5,187.09707023876678,0.0005,4881.41015625,0.0,1.0,0.0,0.0,187.09707023876678,187.09707023876678,15.55890119612599
6,104.25305325599487,0.0005,4740.43115234375,0.0,1.0,0.0,0.0,104.25305325599487,104.25305325599487,15.109547767036007
7,131.47960084472282,0.0005,4581.80810546875,0.0,1.0,0.0,0.0,131.47960084472282,131.47960084472282,14.60395609685098
8,65.79741125459392,0.0005,4272.92236328125,0.0,1.0,0.0,0.0,65.79741125459392,65.79741125459392,13.619420360300754
