,mz(Da),mz_std(Da),Int,Gauss_r2,N_signals,Confidence_interval(Da),Confidence_interval(ppm),mz_min(Da),mz_max(Da),RelativeIntensity(%)
0,111.04399098172836,0.0005,30599.33984375,0.0,1.0,0.0,0.0,111.04399098172836,111.04399098172836,100.0
1,129.0536484582834,0.0005,5682.82421875,0.0,1.0,0.0,0.0,129.0536484582834,129.0536484582834,18.57172163768341
2,187.09619713804636,0.0005,5545.04736328125,0.0,1.0,0.0,0.0,187.09619713804636,187.09619713804636,18.121460762212624
3,101.0597157239524,0.0005,5097.6396484375,0.0,1.0,0.0,0.0,101.0597157239524,101.0597157239524,16.659312503039857
4,248.3006953032908,0.0005,4814.17626953125,0.0,1.0,0.0,0.0,248.3006953032908,248.3006953032908,15.732941606302525
5,104.52306284033457,0.0005,4575.9189453125,0.0,1.0,0.0,0.0,104.52306284033457,104.52306284033457,14.954306101630307
6,185.0636239507083,0.0005,4268.9443359375,0.0,1.0,0.0,0.0,185.0636239507083,185.0636239507083,13.951099460759913
7,57.07180223966669,0.0005,4137.4599609375,0.0,1.0,0.0,0.0,57.07180223966669,57.07180223966669,13.52140269059624
