,mz(Da),mz_std(Da),Int,Gauss_r2,N_signals,Confidence_interval(Da),Confidence_interval(ppm),mz_min(Da),mz_max(Da),RelativeIntensity(%)
0,111.04407079358121,0.0005,39541.30078125,0.0,1.0,0.0,0.0,111.04407079358121,111.04407079358121,100.0
1,101.05983096130842,0.0005,17382.08203125,0.0,1.0,0.0,0.0,101.05983096130842,101.05983096130842,43.95930757920936
2,129.05476216915025,0.0005,11176.123046875,0.0,1.0,0.0,0.0,129.05476216915025,129.05476216915025,28.26442940940016
3,245.13762128545963,0.0005,10781.7109375,0.0,1.0,0.0,0.0,245.13762128545963,245.13762128545963,27.26696068282244
4,138.05483936028486,0.0005,7214.93310546875,0.0,1.0,0.0,0.0,138.05483936028486,138.05483936028486,18.24657500617679
5,169.08600615833035,0.0005,6832.8486328125,0.0,1.0,0.0,0.0,169.08600615833035,169.08600615833035,17.280282888550175
6,187.09675436831935,0.0005,6002.42333984375,0.0,1.0,0.0,0.0,187.09675436831935,187.09675436831935,15.180136265749825
7,186.23494788010274,0.0005,4999.45556640625,0.0,1.0,0.0,0.0,186.23494788010274,186.23494788010274,12.64362949024917
8,146.28137149761346,0.0005,4502.8955078125,0.0,1.0,0.0,0.0,146.28137149761346,146.28137149761346,11.387828470093522
