,mz(Da),mz_std(Da),Int,Gauss_r2,N_signals,Confidence_interval(Da),Confidence_interval(ppm),mz_min(Da),mz_max(Da),RelativeIntensity(%)
0,111.04382211019185,0.0005,28553.19140625,0.0,1.0,0.0,0.0,111.04382211019185,111.04382211019185,100.0
1,101.05980531315373,0.0005,15544.4765625,0.0,1.0,0.0,0.0,101.05980531315373,101.05980531315373,54.440417329663106
2,245.13871887424588,0.0005,7880.0654296875,0.0,1.0,0.0,0.0,245.13871887424588,245.13871887424588,27.59784472975807
3,129.0552071976178,0.0005,5747.59814453125,0.0,1.0,0.0,0.0,129.0552071976178,129.0552071976178,20.129442144506342
4,180.54663773559759,0.0005,4364.85888671875,0.0,1.0,0.0,0.0,180.54663773559759,180.54663773559759,15.286763656700481
5,97.39651391608302,0.0005,4275.98974609375,0.0,1.0,0.0,0.0,97.39651391608302,97.39651391608302,14.975522999358242
6,135.41281363296454,0.0005,4217.5517578125,0.0,1.0,0.0,0.0,135.41281363296454,135.41281363296454,14.770859403440701
