,mz(Da),mz_std(Da),Int,Gauss_r2,N_signals,Confidence_interval(Da),Confidence_interval(ppm),mz_min(Da),mz_max(Da),RelativeIntensity(%)
0,111.04405312840277,0.0005,23239.423828125,0.0,1.0,0.0,0.0,111.04405312840277,111.04405312840277,100.0
1,101.05959720332609,0.0005,10982.36328125,0.0,1.0,0.0,0.0,101.05959720332609,101.05959720332609,47.25746800985159
2,185.80375329125505,0.0005,5382.390625,0.0,1.0,0.0,0.0,185.80375329125505,185.80375329125505,23.16060271032228
3,187.09621425090558,0.0005,5119.23046875,0.0,1.0,0.0,0.0,187.09621425090558,187.09621425090558,22.028215960133075
4,76.5324265006808,0.0005,4689.70751953125,0.0,1.0,0.0,0.0,76.5324265006808,76.5324265006808,20.179964676472036
5,152.6036172658159,0.0005,4641.841796875,0.0,1.0,0.0,0.0,152.6036172658159,152.6036172658159,19.973996908035705
6,75.02438696599472,0.0005,4361.02197265625,0.0,1.0,0.0,0.0,75.02438696599472,75.02438696599472,18.765620029608563
