,mz(Da),mz_std(Da),Int,Gauss_r2,N_signals,Confidence_interval(Da),Confidence_interval(ppm),mz_min(Da),mz_max(Da),RelativeIntensity(%)
0,111.04409283770411,0.0005,28981.693359375,0.0,1.0,0.0,0.0,111.04409283770411,111.04409283770411,100.0
1,101.06006095090399,0.0005,12652.6474609375,0.0,1.0,0.0,0.0,101.06006095090399,101.06006095090399,43.65737813882646
2,129.054759674175,0.0005,7037.85595703125,0.0,1.0,0.0,0.0,129.054759674175,129.054759674175,24.283798292119616
3,132.06948692476342,0.0005,5295.54345703125,0.0,1.0,0.0,0.0,132.06948692476342,132.06948692476342,18.272029143936294
4,83.59869176106841,0.0005,4567.52294921875,0.0,1.0,0.0,0.0,83.59869176106841,83.59869176106841,15.760027865111779
5,103.43592825286945,0.0005,4528.3623046875,0.0,1.0,0.0,0.0,103.43592825286945,103.43592825286945,15.624905862247228
6,217.0458534934051,0.0005,4525.28369140625,0.0,1.0,0.0,0.0,217.0458534934051,217.0458534934051,15.61428324871297
7,266.6736369118953,0.0005,4422.626953125,0.0,1.0,0.0,0.0,266.6736369118953,266.6736369118953,15.260070894699354
8,54.43913816632302,0.0005,4346.30517578125,0.0,1.0,0.0,0.0,54.43913816632302,54.43913816632302,14.996726112193533
