,mz(Da),mz_std(Da),Int,Gauss_r2,N_signals,Confidence_interval(Da),Confidence_interval(ppm),mz_min(Da),mz_max(Da),RelativeIntensity(%)
0,111.044041703276,0.0005,44987.6328125,0.0,1.0,0.0,0.0,111.044041703276,111.044041703276,100.0
1,101.0595958729281,0.0005,15554.8095703125,0.0,1.0,0.0,0.0,101.0595958729281,101.0595958729281,34.57574581694934
2,245.13688502319522,0.0005,8578.728515625,0.0,1.0,0.0,0.0,245.13688502319522,245.13688502319522,19.069081832732852
3,129.05482612953273,0.0005,7583.2705078125,0.0,1.0,0.0,0.0,129.05482612953273,129.05482612953273,16.85634480795677
4,187.09607916752424,0.0005,6755.951171875,0.0,1.0,0.0,0.0,187.09607916752424,187.09607916752424,15.01735199100725
5,53.32179814618793,0.0005,5406.3720703125,0.0,1.0,0.0,0.0,53.32179814618793,53.32179814618793,12.017462872174766
6,202.43089910230117,0.0005,4878.64208984375,0.0,1.0,0.0,0.0,202.43089910230117,202.43089910230117,10.844407195588648
7,90.22924489688512,0.0005,4685.8701171875,0.0,1.0,0.0,0.0,90.22924489688512,90.22924489688512,10.415907271043414
8,121.48008989925515,0.0005,4226.7421875,0.0,1.0,0.0,0.0,121.48008989925515,121.48008989925515,9.395342504719613
