,mz(Da),mz_std(Da),Int,Gauss_r2,N_signals,Confidence_interval(Da),Confidence_interval(ppm),mz_min(Da),mz_max(Da),RelativeIntensity(%)
0,111.04410234576122,0.0005,35491.4609375,0.0,1.0,0.0,0.0,111.04410234576122,111.04410234576122,100.0
1,101.05985196107986,0.0005,9440.322265625,0.0,1.0,0.0,0.0,101.05985196107986,101.05985196107986,26.59885509432617
2,129.0548688539199,0.0005,6823.36376953125,0.0,1.0,0.0,0.0,129.0548688539199,129.0548688539199,19.225367424426697
3,245.13807878961146,0.0005,6549.828125,0.0,1.0,0.0,0.0,245.13807878961146,245.13807878961146,18.4546590982382
4,51.01667273373832,0.0005,4857.97314453125,0.0,1.0,0.0,0.0,51.01667273373832,51.01667273373832,13.687723796679085
