,mz(Da),mz_std(Da),Int,Gauss_r2,N_signals,Confidence_interval(Da),Confidence_interval(ppm),mz_min(Da),mz_max(Da),RelativeIntensity(%)
0,111.04391743853319,0.0005,31522.099609375,0.0,1.0,0.0,0.0,111.04391743853319,111.04391743853319,100.0
1,101.05945096081055,0.0005,11033.2724609375,0.0,1.0,0.0,0.0,101.05945096081055,101.05945096081055,35.00170546271635
2,129.05476974569393,0.0005,10563.55859375,0.0,1.0,0.0,0.0,129.05476974569393,129.05476974569393,33.511595752359995
3,245.13566027413688,0.0005,4893.54931640625,0.0,1.0,0.0,0.0,245.13566027413688,245.13566027413688,15.524185815816843
4,158.87496767715197,0.0005,4535.57177734375,0.0,1.0,0.0,0.0,158.87496767715197,158.87496767715197,14.388545920319418
5,65.19511914988345,0.0005,4425.1171875,0.0,1.0,0.0,0.0,65.19511914988345,65.19511914988345,14.038142263162968
6,52.37917819790697,0.0005,4238.11865234375,0.0,1.0,0.0,0.0,52.37917819790697,52.37917819790697,13.444912315051786
