,mz(Da),mz_std(Da),Int,Gauss_r2,N_signals,Confidence_interval(Da),Confidence_interval(ppm),mz_min(Da),mz_max(Da),RelativeIntensity(%)
0,111.04406886105286,0.0005,50567.71484375,0.0,1.0,0.0,0.0,111.04406886105286,111.04406886105286,100.0
1,101.05950054959911,0.0005,25186.396484375,0.0,1.0,0.0,0.0,101.05950054959911,101.05950054959911,49.80726647861952
2,129.05488388069426,0.0005,11994.9208984375,0.0,1.0,0.0,0.0,129.05488388069426,129.05488388069426,23.720512060908426
3,138.0551482669418,0.0005,10188.6484375,0.0,1.0,0.0,0.0,138.0551482669418,138.0551482669418,20.14852454571473
4,245.13831911244762,0.0005,9542.640625,0.0,1.0,0.0,0.0,245.13831911244762,245.13831911244762,18.871014152974798
5,62.04290479193601,0.0005,5900.66357421875,0.0,1.0,0.0,0.0,62.04290479193601,62.04290479193601,11.668835723447868
6,97.94899339646219,0.0005,5140.76806640625,0.0,1.0,0.0,0.0,97.94899339646219,97.94899339646219,10.16610713434608
7,169.0856276751228,0.0005,4587.5107421875,0.0,1.0,0.0,0.0,169.0856276751228,169.0856276751228,9.072015131319507
8,187.09634725708523,0.0005,4517.16162109375,0.0,1.0,0.0,0.0,187.09634725708523,187.09634725708523,8.93289648355952
