,mz(Da),mz_std(Da),Int,Gauss_r2,N_signals,Confidence_interval(Da),Confidence_interval(ppm),mz_min(Da),mz_max(Da),RelativeIntensity(%)
0,111.04380064923666,0.0005,23386.642578125,0.0,1.0,0.0,0.0,111.04380064923666,111.04380064923666,100.0
1,101.05954854290962,0.0005,13557.892578125,0.0,1.0,0.0,0.0,101.05954854290962,101.05954854290962,57.972804488005266
2,129.0552071445183,0.0005,6600.39453125,0.0,1.0,0.0,0.0,129.0552071445183,129.0552071445183,28.222924728082877
3,60.759402667984354,0.0005,5187.10595703125,0.0,1.0,0.0,0.0,60.759402667984354,60.759402667984354,22.179780358396023
4,132.0493257806113,0.0005,5101.4794921875,0.0,1.0,0.0,0.0,132.0493257806113,132.0493257806113,21.813646294655545
5,194.78863209655947,0.0005,4934.21826171875,0.0,1.0,0.0,0.0,194.78863209655947,194.78863209655947,21.0984464539345
6,84.02374562625533,0.0005,4850.02099609375,0.0,1.0,0.0,0.0,84.02374562625533,84.02374562625533,20.73842356760641
7,219.84395110378347,0.0005,4252.45947265625,0.0,1.0,0.0,0.0,219.84395110378347,219.84395110378347,18.183283292805115
8,55.113355080281195,0.0005,4115.8984375,0.0,1.0,0.0,0.0,55.113355080281195,55.113355080281195,17.599355802144338
