,mz(Da),mz_std(Da),Int,Gauss_r2,N_signals,Confidence_interval(Da),Confidence_interval(ppm),mz_min(Da),mz_max(Da),RelativeIntensity(%)
0,111.04383551559144,0.0005,36310.52734375,0.0,1.0,0.0,0.0,111.04383551559144,111.04383551559144,100.0
1,101.05962142834554,0.0005,15051.8681640625,0.0,1.0,0.0,0.0,101.05962142834554,101.05962142834554,41.45317973921776
2,138.0546367010769,0.0005,6059.62841796875,0.0,1.0,0.0,0.0,138.0546367010769,138.0546367010769,16.688351454118365
3,129.0552005424575,0.0005,5719.4462890625,0.0,1.0,0.0,0.0,129.0552005424575,129.0552005424575,15.751482304062344
4,58.158083215386156,0.0005,4272.36083984375,0.0,1.0,0.0,0.0,58.158083215386156,58.158083215386156,11.766176787788062
