,mz(Da),mz_std(Da),Int,Gauss_r2,N_signals,Confidence_interval(Da),Confidence_interval(ppm),mz_min(Da),mz_max(Da),RelativeIntensity(%)
0,111.04405634192955,0.0005,31383.126953125,0.0,1.0,0.0,0.0,111.04405634192955,111.04405634192955,100.0
1,101.0597139926935,0.0005,7029.67529296875,0.0,1.0,0.0,0.0,101.0597139926935,101.0597139926935,22.399537507745908
2,129.0553178498334,0.0005,4832.892578125,0.0,1.0,0.0,0.0,129.0553178498334,129.0553178498334,15.399652766735409
3,76.8639276064924,0.0005,4770.5849609375,0.0,1.0,0.0,0.0,76.8639276064924,76.8639276064924,15.201114178529826
4,253.09553725186757,0.0005,4515.05615234375,0.0,1.0,0.0,0.0,253.09553725186757,253.09553725186757,14.38689063421757
5,116.02329770564678,0.0005,4427.4482421875,0.0,1.0,0.0,0.0,116.02329770564678,116.02329770564678,14.107734544108688
6,54.470967228628865,0.0005,4277.5087890625,0.0,1.0,0.0,0.0,54.470967228628865,54.470967228628865,13.629963628071687
7,83.41539280173873,0.0005,4008.798095703125,0.0,1.0,0.0,0.0,83.41539280173873,83.41539280173873,12.773736988321192
