,mz(Da),mz_std(Da),Int,Gauss_r2,N_signals,Confidence_interval(Da),Confidence_interval(ppm),mz_min(Da),mz_max(Da),RelativeIntensity(%)
0,111.04337573440509,0.0005,21854.68359375,0.0,1.0,0.0,0.0,111.04337573440509,111.04337573440509,100.0
1,101.05999268658742,0.0005,11826.037109375,0.0,1.0,0.0,0.0,101.05999268658742,101.05999268658742,54.112140579134305
2,169.08507533599516,0.0005,7013.48388671875,0.0,1.0,0.0,0.0,169.08507533599516,169.08507533599516,32.09144555505926
3,129.05501078026907,0.0005,6281.64892578125,0.0,1.0,0.0,0.0,129.05501078026907,129.05501078026907,28.742804254451322
4,184.3097650647581,0.0005,4922.41552734375,0.0,1.0,0.0,0.0,184.3097650647581,184.3097650647581,22.523389580215483
5,72.22525718408986,0.0005,4481.57666015625,0.0,1.0,0.0,0.0,72.22525718408986,72.22525718408986,20.506252771547288
6,74.27637775592876,0.0005,4020.498046875,0.0,1.0,0.0,0.0,74.27637775592876,74.27637775592876,18.396505397244834
