,mz(Da),mz_std(Da),Int,Gauss_r2,N_signals,Confidence_interval(Da),Confidence_interval(ppm),mz_min(Da),mz_max(Da),RelativeIntensity(%)
0,79.95539748654026,0.0021644111294804574,808.5224347392422,0.9996721794026892,4.0,0.006321064558136441,79.05738395210321,79.94874572753906,79.96602630615234,100.0
