,mz(Da),mz_std(Da),Int,Gauss_r2,N_signals,Confidence_interval(Da),Confidence_interval(ppm),mz_min(Da),mz_max(Da),RelativeIntensity(%)
0,83.05235418132865,0.002304889202225393,848.2323461911972,0.9996719611119884,4.0,0.006731324399591089,81.04917032086233,83.04119110107422,83.05940246582031,100.0
