,mz(Da),mz_std(Da),Int,Gauss_r2,N_signals,Confidence_interval(Da),Confidence_interval(ppm),mz_min(Da),mz_max(Da),RelativeIntensity(%)
0,111.0446121586956,0.0005,12920.7255859375,0.0,1.0,0.0,0.0,111.0446121586956,111.0446121586956,100.0
1,169.12566394684217,0.0005,4473.4873046875,0.0,1.0,0.0,0.0,169.12566394684217,169.12566394684217,34.62257034199611
2,92.19654766217562,0.0005,4282.2333984375,0.0,1.0,0.0,0.0,92.19654766217562,92.19654766217562,33.142360078432006
3,84.62133508167616,0.0005,4175.29541015625,0.0,1.0,0.0,0.0,84.62133508167616,84.62133508167616,32.31471315125295
4,68.89085678347199,0.0005,4063.42626953125,0.0,1.0,0.0,0.0,68.89085678347199,68.89085678347199,31.44890155359194
