,mz(Da),mz_std(Da),Int,Gauss_r2,N_signals,Confidence_interval(Da),Confidence_interval(ppm),mz_min(Da),mz_max(Da),RelativeIntensity(%)
0,111.04418448479468,0.0005,18508.796875,0.0,1.0,0.0,0.0,111.04418448479468,111.04418448479468,100.0
1,83.04985804405638,0.0005,5560.59375,0.0,1.0,0.0,0.0,83.04985804405638,83.04985804405638,30.042977874541076
2,129.05535732636622,0.0005,5074.82958984375,0.0,1.0,0.0,0.0,129.05535732636622,129.05535732636622,27.418473626983115
3,131.6076975653798,0.0005,5069.28857421875,0.0,1.0,0.0,0.0,131.6076975653798,131.6076975653798,27.388536426513404
4,114.69672917097134,0.0005,4963.87939453125,0.0,1.0,0.0,0.0,114.69672917097134,114.69672917097134,26.819027882012186
5,104.87144076331018,0.0005,4532.21240234375,0.0,1.0,0.0,0.0,104.87144076331018,104.87144076331018,24.48680177837734
6,52.902506553316485,0.0005,4218.22509765625,0.0,1.0,0.0,0.0,52.902506553316485,52.902506553316485,22.790379764520754
7,60.45782880575128,0.0005,4172.78466796875,0.0,1.0,0.0,0.0,60.45782880575128,60.45782880575128,22.544872560598296
8,60.80695639553663,0.0005,4171.55859375,0.0,1.0,0.0,0.0,60.80695639553663,60.80695639553663,22.538248282277937
