,mz(Da),mz_std(Da),Int,Gauss_r2,N_signals,Confidence_interval(Da),Confidence_interval(ppm),mz_min(Da),mz_max(Da),RelativeIntensity(%)
0,111.04433677084381,0.0005,14717.42578125,0.0,1.0,0.0,0.0,111.04433677084381,111.04433677084381,100.0
1,101.05991885118138,0.0005,7632.1201171875,0.0,1.0,0.0,0.0,101.05991885118138,101.05991885118138,51.857710924629366
2,50.5698590283763,0.0005,5109.47314453125,0.0,1.0,0.0,0.0,50.5698590283763,50.5698590283763,34.71716603484231
3,120.20491869439806,0.0005,4614.3466796875,0.0,1.0,0.0,0.0,120.20491869439806,120.20491869439806,31.35294682828418
4,97.87746719729192,0.0005,4599.46630859375,0.0,1.0,0.0,0.0,97.87746719729192,97.87746719729192,31.251839669227145
5,64.79642218089052,0.0005,4233.43896484375,0.0,1.0,0.0,0.0,64.79642218089052,64.79642218089052,28.764805936627525
6,116.4403348018044,0.0005,4202.26708984375,0.0,1.0,0.0,0.0,116.4403348018044,116.4403348018044,28.553003441657836
