,mz(Da),mz_std(Da),Int,Gauss_r2,N_signals,Confidence_interval(Da),Confidence_interval(ppm),mz_min(Da),mz_max(Da),RelativeIntensity(%)
0,188.07034289973956,0.0005,96102.8125,0.0,1.0,0.0,0.0,188.07034289973956,188.07034289973956,100.0
1,60.05545183793941,0.0005,51408.44140625,0.0,1.0,0.0,0.0,60.05545183793941,60.05545183793941,53.49317056277619
2,188.09147192787913,0.0005,6639.72412109375,0.0,1.0,0.0,0.0,188.09147192787913,188.09147192787913,6.908980027086876
3,247.1443856888245,0.0005,6001.7734375,0.0,1.0,0.0,0.0,247.1443856888245,247.1443856888245,6.245158993135607
4,86.09639072483931,0.0005,5576.39501953125,0.0,1.0,0.0,0.0,86.09639072483931,86.09639072483931,5.802530513382478
5,114.08341638286043,0.0005,4642.3876953125,0.0,1.0,0.0,0.0,114.08341638286043,114.08341638286043,4.830647069056902
6,68.48154863903565,0.0005,4571.84423828125,0.0,1.0,0.0,0.0,68.48154863903565,68.48154863903565,4.757242914489365
7,54.72424800731481,0.0005,4487.279296875,0.0,1.0,0.0,0.0,54.72424800731481,54.72424800731481,4.6692486724829205
8,110.27800201445075,0.0005,3792.657470703125,0.0,1.0,0.0,0.0,110.27800201445075,110.27800201445075,3.9464583523017343
