,mz(Da),mz_std(Da),Int,Gauss_r2,N_signals,Confidence_interval(Da),Confidence_interval(ppm),mz_min(Da),mz_max(Da),RelativeIntensity(%)
0,111.04398194227527,0.0005,24623.63671875,0.0,1.0,0.0,0.0,111.04398194227527,111.04398194227527,100.0
1,101.05974035954955,0.0005,9427.02734375,0.0,1.0,0.0,0.0,101.05974035954955,101.05974035954955,38.284464035207534
2,149.43529451349602,0.0005,5164.455078125,0.0,1.0,0.0,0.0,149.43529451349602,149.43529451349602,20.973567540461868
3,120.52604980443246,0.0005,5161.40966796875,0.0,1.0,0.0,0.0,120.52604980443246,120.52604980443246,20.961199707915302
4,270.37151826900487,0.0005,4469.89892578125,0.0,1.0,0.0,0.0,270.37151826900487,270.37151826900487,18.15287878405705
5,74.76690414249543,0.0005,4328.39208984375,0.0,1.0,0.0,0.0,74.76690414249543,74.76690414249543,17.578199919380054
6,136.10989871210148,0.0005,4276.22607421875,0.0,1.0,0.0,0.0,136.10989871210148,136.10989871210148,17.366346503002784
7,123.94339152680274,0.0005,4203.76904296875,0.0,1.0,0.0,0.0,123.94339152680274,123.94339152680274,17.07208846111563
