,mz(Da),mz_std(Da),Int,Gauss_r2,N_signals,Confidence_interval(Da),Confidence_interval(ppm),mz_min(Da),mz_max(Da),RelativeIntensity(%)
0,249.1542853847003,0.0005,12488.6416015625,0.0,1.0,0.0,0.0,249.1542853847003,249.1542853847003,100.0
1,249.1092251084914,0.0005,10591.458984375,0.0,1.0,0.0,0.0,249.1092251084914,249.1092251084914,84.80873518741913
2,81.06998410676367,0.0005,7407.55810546875,0.0,1.0,0.0,0.0,81.06998410676367,81.06998410676367,59.31436213640692
3,249.18482299893168,0.0005,6760.900390625,0.0,1.0,0.0,0.0,249.18482299893168,249.18482299893168,54.136395344863764
4,209.84000450718395,0.0005,4903.53564453125,0.0,1.0,0.0,0.0,209.84000450718395,209.84000450718395,39.2639632153248
5,85.60829790869846,0.0005,4651.56884765625,0.0,1.0,0.0,0.0,85.60829790869846,85.60829790869846,37.24639553331625
6,149.02346033358432,0.0005,4633.95654296875,0.0,1.0,0.0,0.0,149.02346033358432,149.02346033358432,37.10536894892539
7,140.20000631463944,0.0005,4241.51416015625,0.0,1.0,0.0,0.0,140.20000631463944,140.20000631463944,33.962974480952184
