,mz(Da),mz_std(Da),Int,Gauss_r2,N_signals,Confidence_interval(Da),Confidence_interval(ppm),mz_min(Da),mz_max(Da),RelativeIntensity(%)
0,249.15754771460007,0.0005,20441.404296875,0.0,1.0,0.0,0.0,249.15754771460007,249.15754771460007,100.0
1,191.0260948779898,0.0005,5460.59423828125,0.0,1.0,0.0,0.0,191.0260948779898,191.0260948779898,26.713400698777058
2,67.26367107815511,0.0005,4703.3876953125,0.0,1.0,0.0,0.0,67.26367107815511,67.26367107815511,23.00912220610761
