,mz(Da),mz_std(Da),Int,Gauss_r2,N_signals,Confidence_interval(Da),Confidence_interval(ppm),mz_min(Da),mz_max(Da),RelativeIntensity(%)
0,249.15743187447032,0.0005,119318.546875,0.0,1.0,0.0,0.0,249.15743187447032,249.15743187447032,100.0
1,250.16041380678467,0.0005,10703.123046875,0.0,1.0,0.0,0.0,250.16041380678467,250.16041380678467,8.97020901376528
2,144.06653114992343,0.0005,6467.912109375,0.0,1.0,0.0,0.0,144.06653114992343,144.06653114992343,5.420709754495156
3,60.49657514250552,0.0005,5326.92041015625,0.0,1.0,0.0,0.0,60.49657514250552,60.49657514250552,4.4644529703641265
4,55.672674462655614,0.0005,4269.11962890625,0.0,1.0,0.0,0.0,55.672674462655614,55.672674462655614,3.5779178851202795
5,69.63422358534118,0.0005,4175.00537109375,0.0,1.0,0.0,0.0,69.63422358534118,69.63422358534118,3.4990414151351943
6,178.9984305896116,0.0005,4164.35400390625,0.0,1.0,0.0,0.0,178.9984305896116,178.9984305896116,3.490114582328004
7,72.1833597161077,0.0005,4032.26123046875,0.0,1.0,0.0,0.0,72.1833597161077,72.1833597161077,3.379408596630841
