,mz(Da),mz_std(Da),Int,Gauss_r2,N_signals,Confidence_interval(Da),Confidence_interval(ppm),mz_min(Da),mz_max(Da),RelativeIntensity(%)
0,66.08918172457442,0.0005,4822.623046875,0.0,1.0,0.0,0.0,66.08918172457442,66.08918172457442,100.0
1,60.422184728017,0.0005,4548.6064453125,0.0,1.0,0.0,0.0,60.422184728017,60.422184728017,94.31810035951162
2,123.61289535077432,0.0005,4525.2666015625,0.0,1.0,0.0,0.0,123.61289535077432,123.61289535077432,93.83413461051691
