,mz(Da),mz_std(Da),Int,Gauss_r2,N_signals,Confidence_interval(Da),Confidence_interval(ppm),mz_min(Da),mz_max(Da),RelativeIntensity(%)
0,249.1571681150017,0.0005,1346616.375,0.0,1.0,0.0,0.0,249.1571681150017,249.1571681150017,100.0
1,250.15973838303734,0.0005,97942.5546875,0.0,1.0,0.0,0.0,250.15973838303734,250.15973838303734,7.273233602814313
2,71.5578565404787,0.0005,6576.064453125,0.0,1.0,0.0,0.0,71.5578565404787,71.5578565404787,0.48833985500324845
3,127.8910236574147,0.0005,6415.42529296875,0.0,1.0,0.0,0.0,127.8910236574147,127.8910236574147,0.4764107590009627
4,62.646936130104905,0.0005,6145.53564453125,0.0,1.0,0.0,0.0,62.646936130104905,62.646936130104905,0.456368699996779
5,87.31326676301546,0.0005,5859.90185546875,0.0,1.0,0.0,0.0,87.31326676301546,87.31326676301546,0.43515747797651355
