,mz(Da),mz_std(Da),Int,Gauss_r2,N_signals,Confidence_interval(Da),Confidence_interval(ppm),mz_min(Da),mz_max(Da),RelativeIntensity(%)
0,60.70299506381339,0.0005,5179.29345703125,0.0,1.0,0.0,0.0,60.70299506381339,60.70299506381339,100.0
1,159.02175224419258,0.0005,5074.66259765625,0.0,1.0,0.0,0.0,159.02175224419258,159.02175224419258,97.97982369133851
2,168.6561565620023,0.0005,4469.087890625,0.0,1.0,0.0,0.0,168.6561565620023,168.6561565620023,86.2875974821991
3,55.82300603898754,0.0005,4073.084716796875,0.0,1.0,0.0,0.0,55.82300603898754,55.82300603898754,78.64170568028696
