,mz(Da),mz_std(Da),Int,Gauss_r2,N_signals,Confidence_interval(Da),Confidence_interval(ppm),mz_min(Da),mz_max(Da),RelativeIntensity(%)
0,249.15700986939396,0.0005,109657.390625,0.0,1.0,0.0,0.0,249.15700986939396,249.15700986939396,100.0
1,102.62425615925504,0.0005,5494.8759765625,0.0,1.0,0.0,0.0,102.62425615925504,102.62425615925504,5.0109490525390665
2,89.2876141686121,0.0005,4683.65673828125,0.0,1.0,0.0,0.0,89.2876141686121,89.2876141686121,4.271172888198797
3,63.144109833945265,0.0005,4375.4013671875,0.0,1.0,0.0,0.0,63.144109833945265,63.144109833945265,3.9900651859848137
