,mz(Da),mz_std(Da),Int,Gauss_r2,N_signals,Confidence_interval(Da),Confidence_interval(ppm),mz_min(Da),mz_max(Da),RelativeIntensity(%)
0,249.15700773886243,0.0005,220384.265625,0.0,1.0,0.0,0.0,249.15700773886243,249.15700773886243,100.0
1,250.15997343685865,0.0005,14432.404296875,0.0,1.0,0.0,0.0,250.15997343685865,250.15997343685865,6.548745327142726
2,106.08601645832803,0.0005,7486.10791015625,0.0,1.0,0.0,0.0,106.08601645832803,106.08601645832803,3.396843186116749
3,91.9863933405531,0.0005,5564.59521484375,0.0,1.0,0.0,0.0,91.9863933405531,91.9863933405531,2.5249512251080195
4,248.22221904417344,0.0005,5452.228515625,0.0,1.0,0.0,0.0,248.22221904417344,248.22221904417344,2.473964509291406
5,249.12261071113062,0.0005,5025.97607421875,0.0,1.0,0.0,0.0,249.12261071113062,249.12261071113062,2.2805512271782673
6,139.86161647246047,0.0005,4606.30810546875,0.0,1.0,0.0,0.0,139.86161647246047,139.86161647246047,2.0901256686385774
7,68.11536436896746,0.0005,4062.0,0.0,1.0,0.0,0.0,68.11536436896746,68.11536436896746,1.8431442864037269
