,mz(Da),mz_std(Da),Int,Gauss_r2,N_signals,Confidence_interval(Da),Confidence_interval(ppm),mz_min(Da),mz_max(Da),RelativeIntensity(%)
0,249.1568646481169,0.0005,25124.1953125,0.0,1.0,0.0,0.0,249.1568646481169,249.1568646481169,100.0
1,67.42971492565196,0.0005,5324.11083984375,0.0,1.0,0.0,0.0,67.42971492565196,67.42971492565196,21.19116960213589
2,217.9241867419346,0.0005,4855.6328125,0.0,1.0,0.0,0.0,217.9241867419346,217.9241867419346,19.326520718791677
3,233.58552281105105,0.0005,4829.087890625,0.0,1.0,0.0,0.0,233.58552281105105,233.58552281105105,19.220865904598313
4,88.51107761037213,0.0005,4489.74365234375,0.0,1.0,0.0,0.0,88.51107761037213,88.51107761037213,17.870198812337584
5,51.256518663406936,0.0005,4338.5810546875,0.0,1.0,0.0,0.0,51.256518663406936,51.256518663406936,17.268537362981466
6,76.89735464739107,0.0005,4278.6474609375,0.0,1.0,0.0,0.0,76.89735464739107,76.89735464739107,17.02998805620951
7,197.21486186562828,0.0005,4236.3857421875,0.0,1.0,0.0,0.0,197.21486186562828,197.21486186562828,16.861776823076113
