,mz(Da),mz_std(Da),Int,Gauss_r2,N_signals,Confidence_interval(Da),Confidence_interval(ppm),mz_min(Da),mz_max(Da),RelativeIntensity(%)
0,250.11638818547067,0.0005,5177.87744140625,0.0,1.0,0.0,0.0,250.11638818547067,250.11638818547067,100.0
1,74.75456600676499,0.0005,5038.48486328125,0.0,1.0,0.0,0.0,74.75456600676499,74.75456600676499,97.30792048088449
2,67.53400770316496,0.0005,4884.8857421875,0.0,1.0,0.0,0.0,67.53400770316496,67.53400770316496,94.34147094954845
3,184.9295539645898,0.0005,4777.09033203125,0.0,1.0,0.0,0.0,184.9295539645898,184.9295539645898,92.25962541774355
4,77.76146811649966,0.0005,4608.8310546875,0.0,1.0,0.0,0.0,77.76146811649966,77.76146811649966,89.01004527128778
5,70.6519909046868,0.0005,4529.16064453125,0.0,1.0,0.0,0.0,70.6519909046868,70.6519909046868,87.47137597952074
6,102.46101365855003,0.0005,4526.3681640625,0.0,1.0,0.0,0.0,102.46101365855003,102.46101365855003,87.41744499138227
7,142.53961895928055,0.0005,4512.0234375,0.0,1.0,0.0,0.0,142.53961895928055,142.53961895928055,87.14040624867684
8,107.55135341916483,0.0005,4164.4970703125,0.0,1.0,0.0,0.0,107.55135341916483,107.55135341916483,80.428652810706
