,mz(Da),mz_std(Da),Int,Gauss_r2,N_signals,Confidence_interval(Da),Confidence_interval(ppm),mz_min(Da),mz_max(Da),RelativeIntensity(%)
0,249.1579082120804,0.0005,30259.1875,0.0,1.0,0.0,0.0,249.1579082120804,249.1579082120804,100.0
1,180.10946561979853,0.0005,5841.13623046875,0.0,1.0,0.0,0.0,180.10946561979853,180.10946561979853,19.303678363699454
2,152.26413485940557,0.0005,5073.05810546875,0.0,1.0,0.0,0.0,152.26413485940557,152.26413485940557,16.765348063191553
3,79.87979508611161,0.0005,4769.76025390625,0.0,1.0,0.0,0.0,79.87979508611161,79.87979508611161,15.763014964979643
4,241.9751632133466,0.0005,4704.2314453125,0.0,1.0,0.0,0.0,241.9751632133466,241.9751632133466,15.546456577237905
5,61.02810244740188,0.0005,4666.29736328125,0.0,1.0,0.0,0.0,61.02810244740188,61.02810244740188,15.421092728551452
6,92.93557989292655,0.0005,4267.9189453125,0.0,1.0,0.0,0.0,92.93557989292655,92.93557989292655,14.104539143070182
