,mz(Da),mz_std(Da),Int,Gauss_r2,N_signals,Confidence_interval(Da),Confidence_interval(ppm),mz_min(Da),mz_max(Da),RelativeIntensity(%)
0,111.04422581264829,0.0005,15689.1044921875,0.0,1.0,0.0,0.0,111.04422581264829,111.04422581264829,100.0
1,129.05526652306563,0.0005,7282.03173828125,0.0,1.0,0.0,0.0,129.05526652306563,129.05526652306563,46.41457861350461
2,101.05980885270586,0.0005,6324.47900390625,0.0,1.0,0.0,0.0,101.05980885270586,101.05980885270586,40.31128103618386
3,187.09419637970313,0.0005,4884.46533203125,0.0,1.0,0.0,0.0,187.09419637970313,187.09419637970313,31.132849771403485
4,195.89441139829074,0.0005,4302.2412109375,0.0,1.0,0.0,0.0,195.89441139829074,195.89441139829074,27.421840507721974
