,mz(Da),mz_std(Da),Int,Gauss_r2,N_signals,Confidence_interval(Da),Confidence_interval(ppm),mz_min(Da),mz_max(Da),RelativeIntensity(%)
0,111.0438725545802,0.0005,20521.525390625,0.0,1.0,0.0,0.0,111.0438725545802,111.0438725545802,100.0
1,101.05966746325322,0.0005,12043.8916015625,0.0,1.0,0.0,0.0,101.05966746325322,101.05966746325322,58.689066101609576
2,245.1379283134379,0.0005,6890.7880859375,0.0,1.0,0.0,0.0,245.1379283134379,245.1379283134379,33.578342519730384
3,129.05423063390583,0.0005,5192.59423828125,0.0,1.0,0.0,0.0,129.05423063390583,129.05423063390583,25.30315919231531
4,109.48673288373926,0.0005,4983.82177734375,0.0,1.0,0.0,0.0,109.48673288373926,109.48673288373926,24.285825163954655
