,mz(Da),mz_std(Da),Int,Gauss_r2,N_signals,Confidence_interval(Da),Confidence_interval(ppm),mz_min(Da),mz_max(Da),RelativeIntensity(%)
0,111.0441662216364,0.0005,25863.439453125,0.0,1.0,0.0,0.0,111.0441662216364,111.0441662216364,100.0
1,101.05993392835632,0.0005,11836.3232421875,0.0,1.0,0.0,0.0,101.05993392835632,101.05993392835632,45.764691365352625
2,129.05426699845,0.0005,7974.515625,0.0,1.0,0.0,0.0,129.05426699845,129.05426699845,30.83315983341289
3,221.83990185280777,0.0005,5116.693359375,0.0,1.0,0.0,0.0,221.83990185280777,221.83990185280777,19.783499285346466
4,197.83565195805238,0.0005,4668.642578125,0.0,1.0,0.0,0.0,197.83565195805238,197.83565195805238,18.051128066653572
5,248.77160697665224,0.0005,4528.8876953125,0.0,1.0,0.0,0.0,248.77160697665224,248.77160697665224,17.510771154473378
6,194.7866244979465,0.0005,4442.76025390625,0.0,1.0,0.0,0.0,194.7866244979465,194.7866244979465,17.177762694549294
7,110.91357790425465,0.0005,4337.9169921875,0.0,1.0,0.0,0.0,110.91357790425465,110.91357790425465,16.772390230810398
8,63.390519496719804,0.0005,4292.208984375,0.0,1.0,0.0,0.0,63.390519496719804,63.390519496719804,16.59566196581942
