,mz(Da),mz_std(Da),Int,Gauss_r2,N_signals,Confidence_interval(Da),Confidence_interval(ppm),mz_min(Da),mz_max(Da),RelativeIntensity(%)
0,111.0442663322019,0.0005,19682.25,0.0,1.0,0.0,0.0,111.0442663322019,111.0442663322019,100.0
1,101.0598064499257,0.0005,10371.234375,0.0,1.0,0.0,0.0,101.0598064499257,101.0598064499257,52.693337270891284
2,100.1121642597054,0.0005,9367.109375,0.0,1.0,0.0,0.0,100.1121642597054,100.1121642597054,47.591659363131754
3,103.74725213949999,0.0005,4848.10546875,0.0,1.0,0.0,0.0,103.74725213949999,103.74725213949999,24.631866116678733
4,131.66459830496765,0.0005,4694.24462890625,0.0,1.0,0.0,0.0,131.66459830496765,131.66459830496765,23.850142280004828
5,50.61960481755493,0.0005,4317.326171875,0.0,1.0,0.0,0.0,50.61960481755493,50.61960481755493,21.935125160360222
6,140.30950458365538,0.0005,4159.80419921875,0.0,1.0,0.0,0.0,140.30950458365538,140.30950458365538,21.134800133210128
