,mz(Da),mz_std(Da),Int,Gauss_r2,N_signals,Confidence_interval(Da),Confidence_interval(ppm),mz_min(Da),mz_max(Da),RelativeIntensity(%)
0,111.04430698513569,0.0005,10981.7783203125,0.0,1.0,0.0,0.0,111.04430698513569,111.04430698513569,100.0
1,124.62891508455127,0.0005,5251.1875,0.0,1.0,0.0,0.0,124.62891508455127,124.62891508455127,47.817278284402406
2,66.54081133439725,0.0005,4665.92724609375,0.0,1.0,0.0,0.0,66.54081133439725,66.54081133439725,42.48790232328215
3,160.13316550660227,0.0005,4560.08203125,0.0,1.0,0.0,0.0,160.13316550660227,160.13316550660227,41.52407650421628
4,105.55699209132703,0.0005,3931.421142578125,0.0,1.0,0.0,0.0,105.55699209132703,105.55699209132703,35.79949465294116
