,mz(Da),mz_std(Da),Int,Gauss_r2,N_signals,Confidence_interval(Da),Confidence_interval(ppm),mz_min(Da),mz_max(Da),RelativeIntensity(%)
0,111.0443976033324,0.0005,5537.4267578125,0.0,1.0,0.0,0.0,111.0443976033324,111.0443976033324,100.0
1,171.20799592119022,0.0005,4957.05078125,0.0,1.0,0.0,0.0,171.20799592119022,171.20799592119022,89.5190310961012
2,189.28104125842663,0.0005,4533.01220703125,0.0,1.0,0.0,0.0,189.28104125842663,189.28104125842663,81.86134833541287
3,99.83750878705803,0.0005,4376.65380859375,0.0,1.0,0.0,0.0,99.83750878705803,99.83750878705803,79.03768302522343
4,54.59647962711037,0.0005,4224.353515625,0.0,1.0,0.0,0.0,54.59647962711037,54.59647962711037,76.28730275601487
5,188.3588994378363,0.0005,4176.16064453125,0.0,1.0,0.0,0.0,188.3588994378363,188.3588994378363,75.41699108957599
6,63.01587301146101,0.0005,4122.93212890625,0.0,1.0,0.0,0.0,63.01587301146101,63.01587301146101,74.45574107304255
7,58.66905875867465,0.0005,4006.43115234375,0.0,1.0,0.0,0.0,58.66905875867465,58.66905875867465,72.35185813864284
