,mz(Da),mz_std(Da),Int,Gauss_r2,N_signals,Confidence_interval(Da),Confidence_interval(ppm),mz_min(Da),mz_max(Da),RelativeIntensity(%)
0,111.0441652735381,0.0005,18784.06640625,0.0,1.0,0.0,0.0,111.0441652735381,111.0441652735381,100.0
1,101.0601160915661,0.0005,7237.64111328125,0.0,1.0,0.0,0.0,101.0601160915661,101.0601160915661,38.53074705311454
2,108.72767652796531,0.0005,5096.70751953125,0.0,1.0,0.0,0.0,108.72767652796531,108.72767652796531,27.133142575749353
3,50.18785886862135,0.0005,4908.99365234375,0.0,1.0,0.0,0.0,50.18785886862135,50.18785886862135,26.13381759931591
4,70.98494311228384,0.0005,4633.2734375,0.0,1.0,0.0,0.0,70.98494311228384,70.98494311228384,24.665976670303806
5,59.04098907167753,0.0005,4365.76123046875,0.0,1.0,0.0,0.0,59.04098907167753,59.04098907167753,23.24183239160683
6,88.53682081630936,0.0005,4137.5234375,0.0,1.0,0.0,0.0,88.53682081630936,88.53682081630936,22.026771775696698
