,mz(Da),mz_std(Da),Int,Gauss_r2,N_signals,Confidence_interval(Da),Confidence_interval(ppm),mz_min(Da),mz_max(Da),RelativeIntensity(%)
0,111.04390431211269,0.0005,24474.740234375,0.0,1.0,0.0,0.0,111.04390431211269,111.04390431211269,100.0
1,86.09645887819659,0.0005,12375.083984375,0.0,1.0,0.0,0.0,86.09645887819659,86.09645887819659,50.56267754373989
2,245.13624395878765,0.0005,10258.0693359375,0.0,1.0,0.0,0.0,245.13624395878765,245.13624395878765,41.912883396122616
3,101.05976684508451,0.0005,6513.330078125,0.0,1.0,0.0,0.0,101.05976684508451,101.05976684508451,26.612458460241257
4,129.05510395808585,0.0005,5372.71533203125,0.0,1.0,0.0,0.0,129.05510395808585,129.05510395808585,21.95208317057119
5,140.98534909367345,0.0005,4708.44775390625,0.0,1.0,0.0,0.0,140.98534909367345,140.98534909367345,19.237988672472984
6,82.88676126753073,0.0005,4425.04833984375,0.0,1.0,0.0,0.0,82.88676126753073,82.88676126753073,18.080062535776083
7,194.57822025999155,0.0005,4342.3798828125,0.0,1.0,0.0,0.0,194.57822025999155,194.57822025999155,17.742292017112348
8,148.49249937777927,0.0005,4257.32421875,0.0,1.0,0.0,0.0,148.49249937777927,148.49249937777927,17.39476774004959
