,mz(Da),mz_std(Da),Int,Gauss_r2,N_signals,Confidence_interval(Da),Confidence_interval(ppm),mz_min(Da),mz_max(Da),RelativeIntensity(%)
0,111.04412522610683,0.0005,27430.09375,0.0,1.0,0.0,0.0,111.04412522610683,111.04412522610683,100.0
1,101.05953941178754,0.0005,11339.4921875,0.0,1.0,0.0,0.0,101.05953941178754,101.05953941178754,41.3396041983998
2,129.05486417062912,0.0005,5818.52978515625,0.0,1.0,0.0,0.0,129.05486417062912,129.05486417062912,21.212212536299663
3,76.92799486012201,0.0005,5437.05712890625,0.0,1.0,0.0,0.0,76.92799486012201,76.92799486012201,19.821503996522978
4,169.0866295651374,0.0005,5167.78271484375,0.0,1.0,0.0,0.0,169.0866295651374,169.0866295651374,18.839828846169183
5,58.52510992201905,0.0005,4523.75830078125,0.0,1.0,0.0,0.0,58.52510992201905,58.52510992201905,16.4919534800396
6,162.81126473929024,0.0005,4267.25439453125,0.0,1.0,0.0,0.0,162.81126473929024,162.81126473929024,15.556834888802559
7,64.65081108591133,0.0005,4082.9873046875,0.0,1.0,0.0,0.0,64.65081108591133,64.65081108591133,14.885065074513278
8,97.15229940810573,0.0005,4035.71826171875,0.0,1.0,0.0,0.0,97.15229940810573,97.15229940810573,14.712739586312024
