,mz(Da),mz_std(Da),Int,Gauss_r2,N_signals,Confidence_interval(Da),Confidence_interval(ppm),mz_min(Da),mz_max(Da),RelativeIntensity(%)
0,111.04422125484075,0.0005,7979.5576171875,0.0,1.0,0.0,0.0,111.04422125484075,111.04422125484075,100.0
1,194.84838925085228,0.0005,4612.44482421875,0.0,1.0,0.0,0.0,194.84838925085228,194.84838925085228,57.80326486124762
2,82.36515016185987,0.0005,4427.95947265625,0.0,1.0,0.0,0.0,82.36515016185987,82.36515016185987,55.49129018278764
3,133.57909549046184,0.0005,4218.4521484375,0.0,1.0,0.0,0.0,133.57909549046184,133.57909549046184,52.86573956620353
