,mz(Da),mz_std(Da),Int,Gauss_r2,N_signals,Confidence_interval(Da),Confidence_interval(ppm),mz_min(Da),mz_max(Da),RelativeIntensity(%)
0,111.04399759646991,0.0005,13866.4560546875,0.0,1.0,0.0,0.0,111.04399759646991,111.04399759646991,100.0
1,101.05997824512531,0.0005,9040.5869140625,0.0,1.0,0.0,0.0,101.05997824512531,101.05997824512531,65.19753048946032
2,262.7635061975091,0.0005,4844.64111328125,0.0,1.0,0.0,0.0,262.7635061975091,262.7635061975091,34.93784636950217
3,105.14530057687136,0.0005,4758.69384765625,0.0,1.0,0.0,0.0,105.14530057687136,105.14530057687136,34.31802494371006
4,91.71785654297902,0.0005,4454.6171875,0.0,1.0,0.0,0.0,91.71785654297902,91.71785654297902,32.125131107267556
5,52.79093009014713,0.0005,4256.15283203125,0.0,1.0,0.0,0.0,52.79093009014713,52.79093009014713,30.693876036137397
