,mz(Da),mz_std(Da),Int,Gauss_r2,N_signals,Confidence_interval(Da),Confidence_interval(ppm),mz_min(Da),mz_max(Da),RelativeIntensity(%)
0,111.04389894439798,0.0005,9448.3154296875,0.0,1.0,0.0,0.0,111.04389894439798,111.04389894439798,100.0
1,162.86415749433894,0.0005,4459.84619140625,0.0,1.0,0.0,0.0,162.86415749433894,162.86415749433894,47.20255398536962
2,104.14252494202304,0.0005,4447.88037109375,0.0,1.0,0.0,0.0,104.14252494202304,104.14252494202304,47.07590897228187
