,mz(Da),mz_std(Da),Int,Gauss_r2,N_signals,Confidence_interval(Da),Confidence_interval(ppm),mz_min(Da),mz_max(Da),RelativeIntensity(%)
0,111.04417963771586,0.0005,14866.9765625,0.0,1.0,0.0,0.0,111.04417963771586,111.04417963771586,100.0
1,101.05931250835764,0.0005,5517.767578125,0.0,1.0,0.0,0.0,101.05931250835764,101.05931250835764,37.114254905350734
2,123.74875805347772,0.0005,5428.50341796875,0.0,1.0,0.0,0.0,123.74875805347772,123.74875805347772,36.513835850534925
3,222.12966384904922,0.0005,4920.75341796875,0.0,1.0,0.0,0.0,222.12966384904922,222.12966384904922,33.09854829784763
4,129.05523011604757,0.0005,4869.19482421875,0.0,1.0,0.0,0.0,129.05523011604757,129.05523011604757,32.75174884246913
5,106.34934030554899,0.0005,4581.36083984375,0.0,1.0,0.0,0.0,106.34934030554899,106.34934030554899,30.815686165804767
6,177.47851431715117,0.0005,4276.43408203125,0.0,1.0,0.0,0.0,177.47851431715117,177.47851431715117,28.764652073360995
7,54.15235198120746,0.0005,4196.388671875,0.0,1.0,0.0,0.0,54.15235198120746,54.15235198120746,28.226241255130784
