,mz(Da),mz_std(Da),Int,Gauss_r2,N_signals,Confidence_interval(Da),Confidence_interval(ppm),mz_min(Da),mz_max(Da),RelativeIntensity(%)
0,111.04409560891828,0.0005,11403.0693359375,0.0,1.0,0.0,0.0,111.04409560891828,111.04409560891828,100.0
1,261.07340980842,0.0005,4505.51416015625,0.0,1.0,0.0,0.0,261.07340980842,261.07340980842,39.51141598303568
2,195.4635244786071,0.0005,4436.126953125,0.0,1.0,0.0,0.0,195.4635244786071,195.4635244786071,38.90292010366247
3,101.54178095976991,0.0005,4393.65087890625,0.0,1.0,0.0,0.0,101.54178095976991,101.54178095976991,38.530423252442915
4,139.24607306149412,0.0005,4234.75439453125,0.0,1.0,0.0,0.0,139.24607306149412,139.24607306149412,37.13696961558544
5,243.01729967873106,0.0005,4167.080078125,0.0,1.0,0.0,0.0,243.01729967873106,243.01729967873106,36.543495048233915
6,68.63549713259545,0.0005,4043.355712890625,0.0,1.0,0.0,0.0,68.63549713259545,68.63549713259545,35.45848572671335
