,mz(Da),mz_std(Da),Int,Gauss_r2,N_signals,Confidence_interval(Da),Confidence_interval(ppm),mz_min(Da),mz_max(Da),RelativeIntensity(%)
0,111.04426676027549,0.0005,10666.1298828125,0.0,1.0,0.0,0.0,111.04426676027549,111.04426676027549,100.0
1,246.24071792509295,0.0005,6521.98876953125,0.0,1.0,0.0,0.0,246.24071792509295,246.24071792509295,61.14672183057552
2,108.02890653712649,0.0005,5856.0146484375,0.0,1.0,0.0,0.0,108.02890653712649,108.02890653712649,54.90290023445088
3,104.33317673234532,0.0005,4366.5673828125,0.0,1.0,0.0,0.0,104.33317673234532,104.33317673234532,40.93862938842351
4,62.502335186273925,0.0005,4254.208984375,0.0,1.0,0.0,0.0,62.502335186273925,62.502335186273925,39.88521639165741
