,mz(Da),mz_std(Da),Int,Gauss_r2,N_signals,Confidence_interval(Da),Confidence_interval(ppm),mz_min(Da),mz_max(Da),RelativeIntensity(%)
0,178.46124847637128,0.0005,5653.95263671875,0.0,1.0,0.0,0.0,178.46124847637128,178.46124847637128,100.0
1,81.92602132070095,0.0005,4752.8095703125,0.0,1.0,0.0,0.0,81.92602132070095,81.92602132070095,84.06171532895569
2,83.05327149966197,0.0005,4279.57861328125,0.0,1.0,0.0,0.0,83.05327149966197,83.05327149966197,75.69180161659237
3,249.8628616625677,0.0005,4042.049072265625,0.0,1.0,0.0,0.0,249.8628616625677,249.8628616625677,71.49067797305449
