,mz(Da),mz_std(Da),Int,Gauss_r2,N_signals,Confidence_interval(Da),Confidence_interval(ppm),mz_min(Da),mz_max(Da),RelativeIntensity(%)
0,111.04325968336866,0.0005,4561.43212890625,0.0,1.0,0.0,0.0,111.04325968336866,111.04325968336866,100.0
1,168.22556455773145,0.0005,4275.05859375,0.0,1.0,0.0,0.0,168.22556455773145,168.22556455773145,93.7218503517465
2,70.58182103216299,0.0005,4193.59716796875,0.0,1.0,0.0,0.0,70.58182103216299,70.58182103216299,91.93597645339293
3,50.05114787250696,0.0005,4176.5595703125,0.0,1.0,0.0,0.0,50.05114787250696,50.05114787250696,91.5624622329734
