,mz(Da),mz_std(Da),Int,Gauss_r2,N_signals,Confidence_interval(Da),Confidence_interval(ppm),mz_min(Da),mz_max(Da),RelativeIntensity(%)
0,111.04378958761558,0.0005,7170.1015625,0.0,1.0,0.0,0.0,111.04378958761558,111.04378958761558,100.0
1,100.99950745000032,0.0005,4707.62353515625,0.0,1.0,0.0,0.0,100.99950745000032,100.99950745000032,65.65630199406607
