,mz(Da),mz_std(Da),Int,Gauss_r2,N_signals,Confidence_interval(Da),Confidence_interval(ppm),mz_min(Da),mz_max(Da),RelativeIntensity(%)
0,111.04438233680386,0.0005,7334.22705078125,0.0,1.0,0.0,0.0,111.04438233680386,111.04438233680386,100.0
1,73.11379913276596,0.0005,6282.021484375,0.0,1.0,0.0,0.0,73.11379913276596,73.11379913276596,85.65349069341714
2,135.87357871931872,0.0005,5574.27294921875,0.0,1.0,0.0,0.0,135.87357871931872,135.87357871931872,76.00355034856703
3,51.95996497710685,0.0005,4963.01708984375,0.0,1.0,0.0,0.0,51.95996497710685,51.95996497710685,67.66925888004904
4,136.94403789660404,0.0005,4624.8828125,0.0,1.0,0.0,0.0,136.94403789660404,136.94403789660404,63.05889878344239
5,147.80444627468154,0.0005,4506.82470703125,0.0,1.0,0.0,0.0,147.80444627468154,147.80444627468154,61.449211700518305
6,150.6386025959071,0.0005,4478.73193359375,0.0,1.0,0.0,0.0,150.6386025959071,150.6386025959071,61.066175107255106
7,133.31736813934816,0.0005,4409.3076171875,0.0,1.0,0.0,0.0,133.31736813934816,133.31736813934816,60.119595243752585
8,160.79896895595445,0.0005,4232.8173828125,0.0,1.0,0.0,0.0,160.79896895595445,160.79896895595445,57.71320349786029
