,mz(Da),mz_std(Da),Int,Gauss_r2,N_signals,Confidence_interval(Da),Confidence_interval(ppm),mz_min(Da),mz_max(Da),RelativeIntensity(%)
0,111.04381166754203,0.0005,4859.63623046875,0.0,1.0,0.0,0.0,111.04381166754203,111.04381166754203,100.0
1,87.49929230348081,0.0005,4644.134765625,0.0,1.0,0.0,0.0,87.49929230348081,87.49929230348081,95.56548155821606
2,167.80656226284214,0.0005,4621.67626953125,0.0,1.0,0.0,0.0,167.80656226284214,167.80656226284214,95.10333799378752
3,52.503450808268155,0.0005,4537.8212890625,0.0,1.0,0.0,0.0,52.503450808268155,52.503450808268155,93.37779771686309
4,106.46482357414062,0.0005,4339.58837890625,0.0,1.0,0.0,0.0,106.46482357414062,106.46482357414062,89.2986259279671
