,mz(Da),mz_std(Da),Int,Gauss_r2,N_signals,Confidence_interval(Da),Confidence_interval(ppm),mz_min(Da),mz_max(Da),RelativeIntensity(%)
0,67.33505654537684,0.0005,5327.16845703125,0.0,1.0,0.0,0.0,67.33505654537684,67.33505654537684,100.0
1,184.4610235086477,0.0005,5220.02001953125,0.0,1.0,0.0,0.0,184.4610235086477,184.4610235086477,97.98864183920115
2,65.5321829640684,0.0005,4899.5849609375,0.0,1.0,0.0,0.0,65.5321829640684,65.5321829640684,91.97353153851576
3,243.4283390748475,0.0005,4837.111328125,0.0,1.0,0.0,0.0,243.4283390748475,243.4283390748475,90.80079534073245
4,63.13467351922012,0.0005,3696.39990234375,0.0,1.0,0.0,0.0,63.13467351922012,63.13467351922012,69.38770440917683
