,mz(Da),mz_std(Da),Int,Gauss_r2,N_signals,Confidence_interval(Da),Confidence_interval(ppm),mz_min(Da),mz_max(Da),RelativeIntensity(%)
0,111.04418827326418,0.0005,8123.62939453125,0.0,1.0,0.0,0.0,111.04418827326418,111.04418827326418,100.0
1,70.60375363862596,0.0005,5012.8232421875,0.0,1.0,0.0,0.0,70.60375363862596,70.60375363862596,61.706695354198274
2,68.50775646658252,0.0005,4376.70361328125,0.0,1.0,0.0,0.0,68.50775646658252,68.50775646658252,53.87620976687594
3,114.50298207859373,0.0005,4277.67138671875,0.0,1.0,0.0,0.0,114.50298207859373,114.50298207859373,52.65714595004097
4,56.72820460916592,0.0005,3875.341552734375,0.0,1.0,0.0,0.0,56.72820460916592,56.72820460916592,47.70455869568863
