,mz(Da),mz_std(Da),Int,Gauss_r2,N_signals,Confidence_interval(Da),Confidence_interval(ppm),mz_min(Da),mz_max(Da),RelativeIntensity(%)
0,103.70143564367419,0.0005,5368.439453125,0.0,1.0,0.0,0.0,103.70143564367419,103.70143564367419,100.0
1,126.5800559860933,0.0005,4463.9892578125,0.0,1.0,0.0,0.0,126.5800559860933,126.5800559860933,83.15245606828975
2,52.18058435227793,0.0005,4073.417236328125,0.0,1.0,0.0,0.0,52.18058435227793,52.18058435227793,75.87711982030393
3,57.43042212135653,0.0005,4040.9404296875,0.0,1.0,0.0,0.0,57.43042212135653,57.43042212135653,75.27216177012568
4,71.25531872369434,0.0005,3987.257568359375,0.0,1.0,0.0,0.0,71.25531872369434,71.25531872369434,74.27219032969383
