,mz(Da),mz_std(Da),Int,Gauss_r2,N_signals,Confidence_interval(Da),Confidence_interval(ppm),mz_min(Da),mz_max(Da),RelativeIntensity(%)
0,111.04444920551214,0.0005,3801.75537109375,0.0,1.0,0.0,0.0,111.04444920551214,111.04444920551214,100.0
1,129.0550451640761,0.0005,3101.378662109375,0.0,1.0,0.0,0.0,129.0550451640761,129.0550451640761,81.5775440390085
2,101.06003284963799,0.0005,2689.4794921875,0.0,1.0,0.0,0.0,101.06003284963799,101.06003284963799,70.7430970608124
3,83.04873785233045,0.0005,1394.022216796875,0.0,1.0,0.0,0.0,83.04873785233045,83.04873785233045,36.66785683782227
4,138.05508374072602,0.0005,1018.5821533203125,0.0,1.0,0.0,0.0,138.05508374072602,138.05508374072602,26.79241702569806
5,165.15903804941343,0.0005,942.0445556640625,0.0,1.0,0.0,0.0,165.15903804941343,165.15903804941343,24.779199704084064
6,80.67061033549562,0.0005,901.1817016601562,0.0,1.0,0.0,0.0,80.67061033549562,80.67061033549562,23.704357952965548
7,224.09632578657005,0.0005,810.4832153320312,0.0,1.0,0.0,0.0,224.09632578657005,224.09632578657005,21.31865773096438
