,mz(Da),mz_std(Da),Int,Gauss_r2,N_signals,Confidence_interval(Da),Confidence_interval(ppm),mz_min(Da),mz_max(Da),RelativeIntensity(%)
0,80.77760879102348,0.0005,5091.31982421875,0.0,1.0,0.0,0.0,80.77760879102348,80.77760879102348,100.0
1,111.04382124374806,0.0005,5072.560546875,0.0,1.0,0.0,0.0,111.04382124374806,111.04382124374806,99.63154392198041
2,92.62149277930114,0.0005,4547.76806640625,0.0,1.0,0.0,0.0,92.62149277930114,92.62149277930114,89.32395181251638
3,126.42305480013054,0.0005,4508.44970703125,0.0,1.0,0.0,0.0,126.42305480013054,126.42305480013054,88.55168920218168
4,93.75296630832094,0.0005,4488.84765625,0.0,1.0,0.0,0.0,93.75296630832094,93.75296630832094,88.16667998142901
