,mz(Da),mz_std(Da),Int,Gauss_r2,N_signals,Confidence_interval(Da),Confidence_interval(ppm),mz_min(Da),mz_max(Da),RelativeIntensity(%)
0,111.0441202942657,0.0005,9675.08984375,0.0,1.0,0.0,0.0,111.0441202942657,111.0441202942657,100.0
1,60.046404694090114,0.0005,5515.3984375,0.0,1.0,0.0,0.0,60.046404694090114,60.046404694090114,57.00617282704496
2,117.9818166309768,0.0005,5125.6904296875,0.0,1.0,0.0,0.0,117.9818166309768,117.9818166309768,52.978220486486116
3,156.60533934641938,0.0005,4999.62109375,0.0,1.0,0.0,0.0,156.60533934641938,156.60533934641938,51.67519035474073
4,172.3670958418939,0.0005,4555.97021484375,0.0,1.0,0.0,0.0,172.3670958418939,172.3670958418939,47.089694136399736
5,160.23176078272735,0.0005,4415.39453125,0.0,1.0,0.0,0.0,160.23176078272735,160.23176078272735,45.63672898709355
6,72.51831525680281,0.0005,4379.27734375,0.0,1.0,0.0,0.0,72.51831525680281,72.51831525680281,45.263428190064445
7,109.30499839020254,0.0005,4163.10595703125,0.0,1.0,0.0,0.0,109.30499839020254,109.30499839020254,43.029119359760465
8,62.91531800618395,0.0005,3809.10400390625,0.0,1.0,0.0,0.0,62.91531800618395,62.91531800618395,39.37021842093682
