,mz(Da),mz_std(Da),Int,Gauss_r2,N_signals,Confidence_interval(Da),Confidence_interval(ppm),mz_min(Da),mz_max(Da),RelativeIntensity(%)
0,74.4221813027122,0.0005,4806.966796875,0.0,1.0,0.0,0.0,74.4221813027122,74.4221813027122,100.0
1,142.72303148454037,0.0005,4792.53759765625,0.0,1.0,0.0,0.0,142.72303148454037,142.72303148454037,99.6998273583223
2,68.2401429736029,0.0005,4390.49853515625,0.0,1.0,0.0,0.0,68.2401429736029,68.2401429736029,91.33615272754754
3,252.09701200274745,0.0005,4313.90771484375,0.0,1.0,0.0,0.0,252.09701200274745,252.09701200274745,89.7428232216668
4,76.12779231064482,0.0005,4226.80908203125,0.0,1.0,0.0,0.0,76.12779231064482,76.12779231064482,87.93089822836077
