,mz(Da),mz_std(Da),Int,Gauss_r2,N_signals,Confidence_interval(Da),Confidence_interval(ppm),mz_min(Da),mz_max(Da),RelativeIntensity(%)
0,111.04371247422138,0.0005,5869.89697265625,0.0,1.0,0.0,0.0,111.04371247422138,111.04371247422138,100.0
1,246.72025176106823,0.0005,4523.31640625,0.0,1.0,0.0,0.0,246.72025176106823,246.72025176106823,77.05955363988451
2,125.07049714427637,0.0005,4396.04443359375,0.0,1.0,0.0,0.0,125.07049714427637,125.07049714427637,74.89133887820945
3,70.84037315865457,0.0005,3624.964599609375,0.0,1.0,0.0,0.0,70.84037315865457,70.84037315865457,61.75516566126379
