,mz(Da),mz_std(Da),Int,Gauss_r2,N_signals,Confidence_interval(Da),Confidence_interval(ppm),mz_min(Da),mz_max(Da),RelativeIntensity(%)
0,76.94787030584205,0.0005,4948.25048828125,0.0,1.0,0.0,0.0,76.94787030584205,76.94787030584205,100.0
1,129.09235650783904,0.0005,4740.8427734375,0.0,1.0,0.0,0.0,129.09235650783904,129.09235650783904,95.80846371187259
2,53.18059724702984,0.0005,4550.44091796875,0.0,1.0,0.0,0.0,53.18059724702984,53.18059724702984,91.96060160546405
3,66.8265934782547,0.0005,4431.31689453125,0.0,1.0,0.0,0.0,66.8265934782547,66.8265934782547,89.55320481503041
4,257.7062441695243,0.0005,4387.5908203125,0.0,1.0,0.0,0.0,257.7062441695243,257.7062441695243,88.66953745982467
5,56.798069638227474,0.0005,4238.00830078125,0.0,1.0,0.0,0.0,56.798069638227474,56.798069638227474,85.64659996129866
