,mz(Da),mz_std(Da),Int,Gauss_r2,N_signals,Confidence_interval(Da),Confidence_interval(ppm),mz_min(Da),mz_max(Da),RelativeIntensity(%)
0,111.04431943425982,0.0005,5219.33447265625,0.0,1.0,0.0,0.0,111.04431943425982,111.04431943425982,100.0
1,248.2026566091329,0.0005,4833.826171875,0.0,1.0,0.0,0.0,248.2026566091329,248.2026566091329,92.61384180682609
2,54.77901670054011,0.0005,4236.49560546875,0.0,1.0,0.0,0.0,54.77901670054011,54.77901670054011,81.16926837441578
3,197.2734541593499,0.0005,4205.16943359375,0.0,1.0,0.0,0.0,197.2734541593499,197.2734541593499,80.56907361703597
4,59.69868226858517,0.0005,4156.45654296875,0.0,1.0,0.0,0.0,59.69868226858517,59.69868226858517,79.63575748487001
5,177.51703854252582,0.0005,4019.2509765625,0.0,1.0,0.0,0.0,177.51703854252582,177.51703854252582,77.00696319845167
