,mz(Da),mz_std(Da),Int,Gauss_r2,N_signals,Confidence_interval(Da),Confidence_interval(ppm),mz_min(Da),mz_max(Da),RelativeIntensity(%)
0,191.24692974716493,0.0005,5574.5185546875,0.0,1.0,0.0,0.0,191.24692974716493,191.24692974716493,100.0
1,201.26562220543772,0.0005,4807.99072265625,0.0,1.0,0.0,0.0,201.26562220543772,201.26562220543772,86.24943437695275
2,67.13579960886346,0.0005,4695.21240234375,0.0,1.0,0.0,0.0,67.13579960886346,67.13579960886346,84.22633015358144
3,50.74111398588959,0.0005,4300.23779296875,0.0,1.0,0.0,0.0,50.74111398588959,50.74111398588959,77.14097192039601
4,92.5192095621951,0.0005,4210.8154296875,0.0,1.0,0.0,0.0,92.5192095621951,92.5192095621951,75.53684481230599
5,60.8682123705949,0.0005,4169.42626953125,0.0,1.0,0.0,0.0,60.8682123705949,60.8682123705949,74.79437423390158
6,82.55908285029344,0.0005,4071.596435546875,0.0,1.0,0.0,0.0,82.55908285029344,82.55908285029344,73.0394274519573
