,mz(Da),mz_std(Da),Int,Gauss_r2,N_signals,Confidence_interval(Da),Confidence_interval(ppm),mz_min(Da),mz_max(Da),RelativeIntensity(%)
0,111.04380575076905,0.0005,5047.166015625,0.0,1.0,0.0,0.0,111.04380575076905,111.04380575076905,100.0
1,54.24083420876115,0.0005,4843.59326171875,0.0,1.0,0.0,0.0,54.24083420876115,54.24083420876115,95.96659287061233
2,223.89649805951262,0.0005,4784.65283203125,0.0,1.0,0.0,0.0,223.89649805951262,223.89649805951262,94.7988003013758
3,99.28601036896882,0.0005,4256.8232421875,0.0,1.0,0.0,0.0,99.28601036896882,99.28601036896882,84.34086037608512
