,mz(Da),mz_std(Da),Int,Gauss_r2,N_signals,Confidence_interval(Da),Confidence_interval(ppm),mz_min(Da),mz_max(Da),RelativeIntensity(%)
0,75.66567639957373,0.0005,4964.92578125,0.0,1.0,0.0,0.0,75.66567639957373,75.66567639957373,100.0
1,74.79620548445337,0.0005,4476.927734375,0.0,1.0,0.0,0.0,74.79620548445337,74.79620548445337,90.17109080023069
2,106.48328289288196,0.0005,4255.49072265625,0.0,1.0,0.0,0.0,106.48328289288196,106.48328289288196,85.71106417596562
