,mz(Da),mz_std(Da),Int,Gauss_r2,N_signals,Confidence_interval(Da),Confidence_interval(ppm),mz_min(Da),mz_max(Da),RelativeIntensity(%)
0,111.04439067039604,0.0005,6717.9443359375,0.0,1.0,0.0,0.0,111.04439067039604,111.04439067039604,100.0
1,92.2128956911489,0.0005,5117.5,0.0,1.0,0.0,0.0,92.2128956911489,92.2128956911489,76.17657640632778
2,51.22479613910049,0.0005,4841.658203125,0.0,1.0,0.0,0.0,51.22479613910049,51.22479613910049,72.07053171346854
3,87.21773944887718,0.0005,4335.53515625,0.0,1.0,0.0,0.0,87.21773944887718,87.21773944887718,64.53663411673638
4,79.02999462892681,0.0005,4264.2060546875,0.0,1.0,0.0,0.0,79.02999462892681,79.02999462892681,63.47486435510072
