,mz(Da),mz_std(Da),Int,Gauss_r2,N_signals,Confidence_interval(Da),Confidence_interval(ppm),mz_min(Da),mz_max(Da),RelativeIntensity(%)
0,111.0438178847835,0.0005,8617.7744140625,0.0,1.0,0.0,0.0,111.0438178847835,111.0438178847835,100.0
1,164.95639888965894,0.0005,5196.60009765625,0.0,1.0,0.0,0.0,164.95639888965894,164.95639888965894,60.30095298359666
2,82.92059192244045,0.0005,5027.0234375,0.0,1.0,0.0,0.0,82.92059192244045,82.92059192244045,58.33319829417783
3,62.55783527645371,0.0005,4365.79736328125,0.0,1.0,0.0,0.0,62.55783527645371,62.55783527645371,50.66038113224609
4,118.15113528948565,0.0005,4141.60888671875,0.0,1.0,0.0,0.0,118.15113528948565,118.15113528948565,48.0589150716276
