,mz(Da),mz_std(Da),Int,Gauss_r2,N_signals,Confidence_interval(Da),Confidence_interval(ppm),mz_min(Da),mz_max(Da),RelativeIntensity(%)
0,227.2067261545522,0.0005,4862.6396484375,0.0,1.0,0.0,0.0,227.2067261545522,227.2067261545522,100.0
1,64.79740341869379,0.0005,4537.95166015625,0.0,1.0,0.0,0.0,64.79740341869379,64.79740341869379,93.32280383175049
2,99.2822342896875,0.0005,4188.83251953125,0.0,1.0,0.0,0.0,99.2822342896875,99.2822342896875,86.14318194187466
3,89.11442420709648,0.0005,4142.2021484375,0.0,1.0,0.0,0.0,89.11442420709648,89.11442420709648,85.18423012835228
4,67.56426597380192,0.0005,4014.3369140625,0.0,1.0,0.0,0.0,67.56426597380192,67.56426597380192,82.5546864315232
