,mz(Da),mz_std(Da),Int,Gauss_r2,N_signals,Confidence_interval(Da),Confidence_interval(ppm),mz_min(Da),mz_max(Da),RelativeIntensity(%)
0,100.1120781452903,0.0005,21981.982421875,0.0,1.0,0.0,0.0,100.1120781452903,100.1120781452903,100.0
1,245.1869276584847,0.0005,17448.3671875,0.0,1.0,0.0,0.0,245.1869276584847,245.1869276584847,79.3757671743771
2,111.04406418406663,0.0005,7944.3154296875,0.0,1.0,0.0,0.0,111.04406418406663,111.04406418406663,36.140122747900335
3,58.46054050093466,0.0005,4928.05224609375,0.0,1.0,0.0,0.0,58.46054050093466,58.46054050093466,22.41859788400923
4,245.1370421215388,0.0005,4723.8896484375,0.0,1.0,0.0,0.0,245.1370421215388,245.1370421215388,21.48982542965097
5,86.28934619769217,0.0005,4213.740234375,0.0,1.0,0.0,0.0,86.28934619769217,86.28934619769217,19.169063797366007
6,159.18320248944758,0.0005,4014.574951171875,0.0,1.0,0.0,0.0,159.18320248944758,159.18320248944758,18.26302502715514
