,mz(Da),mz_std(Da),Int,Gauss_r2,N_signals,Confidence_interval(Da),Confidence_interval(ppm),mz_min(Da),mz_max(Da),RelativeIntensity(%)
0,249.110377452582,0.0005,17866.943359375,0.0,1.0,0.0,0.0,249.110377452582,249.110377452582,100.0
1,249.15526080992203,0.0005,5895.82080078125,0.0,1.0,0.0,0.0,249.15526080992203,249.15526080992203,32.99848598718282
2,249.18620519334755,0.0005,2980.013916015625,0.0,1.0,0.0,0.0,249.18620519334755,249.18620519334755,16.678924067064756
3,250.11616420870575,0.0005,2730.623779296875,0.0,1.0,0.0,0.0,250.11616420870575,250.11616420870575,15.283105366000301
4,221.50118402626134,0.0005,1860.70166015625,0.0,1.0,0.0,0.0,221.50118402626134,221.50118402626134,10.414213683505732
5,247.2284524805714,0.0005,1642.576904296875,0.0,1.0,0.0,0.0,247.2284524805714,247.2284524805714,9.193385075768964
6,85.80524439442378,0.0005,1567.826416015625,0.0,1.0,0.0,0.0,85.80524439442378,85.80524439442378,8.775011956328656
