,mz(Da),mz_std(Da),Int,Gauss_r2,N_signals,Confidence_interval(Da),Confidence_interval(ppm),mz_min(Da),mz_max(Da),RelativeIntensity(%)
0,249.10915631039472,0.0005,8204.0498046875,0.0,1.0,0.0,0.0,249.10915631039472,249.10915631039472,100.0
1,249.1524630639277,0.0005,6106.208984375,0.0,1.0,0.0,0.0,249.1524630639277,249.1524630639277,74.42920423138011
2,150.84413886098378,0.0005,5627.96923828125,0.0,1.0,0.0,0.0,150.84413886098378,150.84413886098378,68.59989117893494
3,190.54380507975117,0.0005,4902.77880859375,0.0,1.0,0.0,0.0,190.54380507975117,190.54380507975117,59.76047105165644
4,124.09885145982743,0.0005,4848.0029296875,0.0,1.0,0.0,0.0,124.09885145982743,124.09885145982743,59.09280227574344
5,62.88281185354006,0.0005,4646.95361328125,0.0,1.0,0.0,0.0,62.88281185354006,62.88281185354006,56.64219164815586
6,124.61995556602969,0.0005,4260.89990234375,0.0,1.0,0.0,0.0,124.61995556602969,124.61995556602969,51.936543582527065
7,73.69983383969591,0.0005,4227.63720703125,0.0,1.0,0.0,0.0,73.69983383969591,73.69983383969591,51.53110119609134
