,mz(Da),mz_std(Da),Int,Gauss_r2,N_signals,Confidence_interval(Da),Confidence_interval(ppm),mz_min(Da),mz_max(Da),RelativeIntensity(%)
0,249.1103251562705,0.0005,6510.08349609375,0.0,1.0,0.0,0.0,249.1103251562705,249.1103251562705,100.0
1,67.21873738960711,0.0005,5171.4765625,0.0,1.0,0.0,0.0,67.21873738960711,67.21873738960711,79.4379452368475
2,101.4204173927728,0.0005,4974.775390625,0.0,1.0,0.0,0.0,101.4204173927728,101.4204173927728,76.41646061237184
3,53.5818342712454,0.0005,4294.0693359375,0.0,1.0,0.0,0.0,53.5818342712454,53.5818342712454,65.96028051735547
4,59.973195368257876,0.0005,4078.92041015625,0.0,1.0,0.0,0.0,59.973195368257876,59.973195368257876,62.65542389131764
