,mz(Da),mz_std(Da),Int,Gauss_r2,N_signals,Confidence_interval(Da),Confidence_interval(ppm),mz_min(Da),mz_max(Da),RelativeIntensity(%)
0,50.32980115662316,0.0005,5360.34130859375,0.0,1.0,0.0,0.0,50.32980115662316,50.32980115662316,100.0
1,213.82054271225155,0.0005,4497.42822265625,0.0,1.0,0.0,0.0,213.82054271225155,213.82054271225155,83.90190034067291
2,82.02752717256546,0.0005,4231.8857421875,0.0,1.0,0.0,0.0,82.02752717256546,82.02752717256546,78.94806503091326
3,106.73304995388325,0.0005,4218.10986328125,0.0,1.0,0.0,0.0,106.73304995388325,106.73304995388325,78.6910687294993
