,mz(Da),mz_std(Da),Int,Gauss_r2,N_signals,Confidence_interval(Da),Confidence_interval(ppm),mz_min(Da),mz_max(Da),RelativeIntensity(%)
0,249.1573043648271,0.0005,108074.125,0.0,1.0,0.0,0.0,249.1573043648271,249.1573043648271,100.0
1,250.15886244934396,0.0005,5927.3818359375,0.0,1.0,0.0,0.0,250.15886244934396,250.15886244934396,5.484552232958166
2,143.96539330810805,0.0005,5476.76025390625,0.0,1.0,0.0,0.0,143.96539330810805,143.96539330810805,5.067596202056921
3,76.6819025449451,0.0005,5174.13916015625,0.0,1.0,0.0,0.0,76.6819025449451,76.6819025449451,4.787583670148845
4,85.10402386914558,0.0005,4852.69482421875,0.0,1.0,0.0,0.0,85.10402386914558,85.10402386914558,4.490154164300428
5,130.84790169829836,0.0005,4511.64208984375,0.0,1.0,0.0,0.0,130.84790169829836,130.84790169829836,4.1745811866103475
6,178.42977651295354,0.0005,4461.4990234375,0.0,1.0,0.0,0.0,178.42977651295354,178.42977651295354,4.128184265602428
7,77.67042626465314,0.0005,4460.3974609375,0.0,1.0,0.0,0.0,77.67042626465314,77.67042626465314,4.127164999890122
8,153.92682209024775,0.0005,4195.20166015625,0.0,1.0,0.0,0.0,153.92682209024775,153.92682209024775,3.881781749476343
