,mz(Da),mz_std(Da),Int,Gauss_r2,N_signals,Confidence_interval(Da),Confidence_interval(ppm),mz_min(Da),mz_max(Da),RelativeIntensity(%)
0,249.15666951302273,0.0005,40268.33984375,0.0,1.0,0.0,0.0,249.15666951302273,249.15666951302273,100.0
1,250.16107001499768,0.0005,5202.70703125,0.0,1.0,0.0,0.0,250.16107001499768,250.16107001499768,12.920093183472787
2,272.77995736772147,0.0005,4783.52001953125,0.0,1.0,0.0,0.0,272.77995736772147,272.77995736772147,11.879109091887964
3,162.79789308971868,0.0005,4577.4423828125,0.0,1.0,0.0,0.0,162.79789308971868,162.79789308971868,11.367348146394864
4,226.78636379822478,0.0005,4502.59912109375,0.0,1.0,0.0,0.0,226.78636379822478,226.78636379822478,11.181486841932951
5,249.18262923860618,0.0005,4280.3037109375,0.0,1.0,0.0,0.0,249.18262923860618,249.18262923860618,10.629451642521193
