,mz(Da),mz_std(Da),Int,Gauss_r2,N_signals,Confidence_interval(Da),Confidence_interval(ppm),mz_min(Da),mz_max(Da),RelativeIntensity(%)
0,249.15695629154632,0.0005,69531.8125,0.0,1.0,0.0,0.0,249.15695629154632,249.15695629154632,100.0
1,102.00971344871755,0.0005,5155.43115234375,0.0,1.0,0.0,0.0,102.00971344871755,102.00971344871755,7.414492686126584
2,62.7336004414625,0.0005,5021.458984375,0.0,1.0,0.0,0.0,62.7336004414625,62.7336004414625,7.221815171832318
3,50.42978886894744,0.0005,5012.68017578125,0.0,1.0,0.0,0.0,50.42978886894744,50.42978886894744,7.209189571724813
4,109.21145415197545,0.0005,4896.056640625,0.0,1.0,0.0,0.0,109.21145415197545,109.21145415197545,7.041462698279295
5,250.15833942266636,0.0005,4861.20166015625,0.0,1.0,0.0,0.0,250.15833942266636,250.15833942266636,6.9913345925740815
6,67.72592054492912,0.0005,4525.66015625,0.0,1.0,0.0,0.0,67.72592054492912,67.72592054492912,6.508761951588707
