,mz(Da),mz_std(Da),Int,Gauss_r2,N_signals,Confidence_interval(Da),Confidence_interval(ppm),mz_min(Da),mz_max(Da),RelativeIntensity(%)
0,249.15750436930307,0.0005,275992.65625,0.0,1.0,0.0,0.0,249.15750436930307,249.15750436930307,100.0
1,250.1607865786818,0.0005,16047.134765625,0.0,1.0,0.0,0.0,250.1607865786818,250.1607865786818,5.814333969484016
2,84.04456369499565,0.0005,1831.8516845703125,0.0,1.0,0.0,0.0,84.04456369499565,84.04456369499565,0.663732038910116
3,86.32129087001891,0.0005,1434.205322265625,0.0,1.0,0.0,0.0,86.32129087001891,86.32129087001891,0.5196534363459625
4,69.9200998168936,0.0005,1382.1409912109375,0.0,1.0,0.0,0.0,69.9200998168936,69.9200998168936,0.5007890463429451
5,61.60472392834602,0.0005,1328.540283203125,0.0,1.0,0.0,0.0,61.60472392834602,61.60472392834602,0.48136798321173624
