,mz(Da),mz_std(Da),Int,Gauss_r2,N_signals,Confidence_interval(Da),Confidence_interval(ppm),mz_min(Da),mz_max(Da),RelativeIntensity(%)
0,111.04394926998816,0.0005,7869.048828125,0.0,1.0,0.0,0.0,111.04394926998816,111.04394926998816,100.0
1,77.73803420871819,0.0005,4763.7900390625,0.0,1.0,0.0,0.0,77.73803420871819,77.73803420871819,60.538320998035964
2,155.94793775216533,0.0005,4604.41845703125,0.0,1.0,0.0,0.0,155.94793775216533,155.94793775216533,58.51302435148784
3,165.52830166231615,0.0005,4470.6015625,0.0,1.0,0.0,0.0,165.52830166231615,165.52830166231615,56.81247708771981
4,96.34508692611891,0.0005,4134.25537109375,0.0,1.0,0.0,0.0,96.34508692611891,96.34508692611891,52.53818423793973
