,mz(Da),mz_std(Da),Int,Gauss_r2,N_signals,Confidence_interval(Da),Confidence_interval(ppm),mz_min(Da),mz_max(Da),RelativeIntensity(%)
0,132.74060145052437,0.0005,4468.7548828125,0.0,1.0,0.0,0.0,132.74060145052437,132.74060145052437,100.0
1,50.252444156324486,0.0005,4413.84375,0.0,1.0,0.0,0.0,50.252444156324486,50.252444156324486,98.77122074822908
2,89.75738842424805,0.0005,4234.80224609375,0.0,1.0,0.0,0.0,89.75738842424805,89.75738842424805,94.76470196164559
