,ms2_id,Sample_id,explained_Int(%),SummMS2Table_id,Slice_id
0,105.0,0.0,0.9527077054715418,2244.0,0.0
1,132.0,2.0,0.9584923199427764,2245.0,0.0
2,130.0,1.0,0.9603809988256727,2246.0,0.0
3,131.0,1.0,0.9508416258847807,2247.0,0.0
