,ms2_id,Sample_id,explained_Int(%),SummMS2Table_id,Slice_id
0,106.0,0.0,0.955055459381869,2248.0,0.0
1,132.0,1.0,0.9606641665938125,2249.0,0.0
2,133.0,2.0,0.9632340968368585,2250.0,0.0
