,ms2_id,Sample_id,explained_Int(%),SummMS2Table_id,Slice_id
0,135.0,1.0,0.9559340137294217,2330.0,0.0
1,127.0,9.0,0.9548095898210706,2331.0,0.0
2,109.0,0.0,0.9565517509050832,2332.0,0.0
