,median_mz(Da),N_spectra,min_mz,max_mz,IQR_mz(ppm),mean_Int,min_Int,max_Int,median_Int,Int_Q1,Int_Q3
0,84.04431523831974,3.0,84.04425427327044,84.04436692272614,0.7446432370305498,53.782947299235595,52.0741539895469,56.09922025086767,52.264248194377146,52.145439316358235,54.66110572968373
1,160.0759963865156,3.0,160.07570864169512,160.07601557233718,1.065225438084693,100.0,84.45576325752634,112.06602197272059,108.69553692438271,93.54567838259747,110.80209007959388
2,175.0641922210863,3.0,175.06403963707768,175.06460395388544,1.7908250322075334,46.86921825772409,41.00587774473988,54.13702275126196,43.35805830633996,41.88794545533991,50.09491108441621
3,219.09064616995423,3.0,219.09012377331788,219.09089734499076,1.961571833374169,72.56390022583254,57.15885121921277,85.74553331087881,78.12244002976635,65.02019702317037,82.88687333046164
4,246.1492469517748,3.0,246.14793300130583,246.15014083438808,4.983049713966969,35.218457300796146,28.068639266181133,41.556281078205366,37.248442943810616,31.51106564529219,39.940841777807336
