,median_mz(Da),N_spectra,min_mz,max_mz,IQR_mz(ppm),mean_Int,min_Int,max_Int,median_Int,Int_Q1,Int_Q3
0,60.055490777812594,3.0,60.05545573192673,60.05550005682846,0.41003653595601836,51.5042865020186,49.7895328337937,52.88743245009931,52.333305802379094,50.743447697013224,52.67963495720423
1,188.07040654062547,3.0,188.07034926382818,188.07041844748971,0.20436690823106257,100.0,99.20264543163607,100.99463238193313,99.50680546607704,99.31670544455143,100.43669728848711
