,median_mz(Da),N_spectra,min_mz,max_mz,IQR_mz(ppm),mean_Int,min_Int,max_Int,median_Int,Int_Q1,Int_Q3
0,86.06016165774528,6.0,86.0599987578955,86.06024860797709,1.6243019412374986,4.841519985348645,0.0,12.723954131033292,0.0,0.0,10.649873607088242
1,98.06003307622102,5.0,98.05986714243842,98.06022485810749,1.670647228093032,4.7774132916284655,0.0,13.461406971482857,0.0,0.0,11.59135126351697
2,149.05970286523117,3.0,149.05951089661272,149.0600442036968,1.987671434481744,2.103174512455576,0.0,9.150156444887713,0.0,0.0,0.0
3,164.10693647740072,15.0,164.10646950275333,164.1072784038526,1.698462778508905,100.0,90.22486298960429,108.26068260330196,100.03461612224079,94.16054101799153,107.84689556311584
4,227.1047679357196,3.0,227.10441424791952,227.10506065644415,1.5812783248393851,3.9149967580039724,0.0,15.61056975055753,0.0,0.0,0.0
5,249.11641461745864,4.0,249.11582876965844,249.11777523753437,5.354482010464277,10.60243257522761,0.0,44.05858429529391,0.0,0.0,5.70540405638782
6,249.15830461970967,6.0,249.1575075709539,249.16089399354405,6.677943920385424,7.931211112326583,0.0,20.90888644657922,0.0,0.0,10.32905853019636
