,median_mz(Da),N_spectra,min_mz,max_mz,IQR_mz(ppm),mean_Int,min_Int,max_Int,median_Int,Int_Q1,Int_Q3
0,84.04441552204123,10.0,84.04418232853128,84.04454999413498,2.005974219117558,49.81697916473841,43.985397304323726,56.05707001413545,50.60518135374535,45.89471469896674,53.86043632704004
1,94.06517275958328,7.0,94.06491124594015,94.06579485571633,3.574320143979026,6.463253104895743,0.0,10.986103342934328,7.994796256808188,1.8962667780510147,9.33791772985606
2,126.05474058979252,4.0,126.05455089851583,126.05537519378257,2.8737335685096568,2.38692907605397,0.0,6.859106748768215,0.0,0.0,4.492220806816804
3,150.09186507759517,4.0,150.0916191447898,150.09236073556872,3.236603412738647,4.555331473298334,0.0,13.601485078945846,0.0,0.0,8.954864705627713
4,159.09188492195196,8.0,159.09158718975726,159.09248697487837,2.9171083938945874,8.178902071492049,0.0,11.904102601954424,9.988393386352127,7.537739208656928,10.545622618709348
5,160.07571069379895,10.0,160.07550185348768,160.07595357651698,0.8587014764102452,100.0,96.10816814978118,103.5491426328727,100.40993106926287,97.83016368191785,102.18322954667117
6,161.07941775782675,4.0,161.07902451229418,161.0798423006505,4.088053546221842,2.6264654906572757,0.0,6.302910293783709,0.0,0.0,5.259262116442278
7,177.10286292047246,5.0,177.1015564122501,177.10324165823246,5.5764281709448955,4.998539813503067,0.0,11.224419129061026,3.4695879861546786,0.0,10.669321900531145
8,205.09715059325725,9.0,205.09636101809048,205.0981318433249,5.4818499428905625,11.220655002255832,8.822235360607266,14.368849545167862,12.333862409957199,10.461122188394071,14.11279420475525
