,median_mz(Da),N_spectra,min_mz,max_mz,IQR_mz(ppm),mean_Int,min_Int,max_Int,median_Int,Int_Q1,Int_Q3
0,84.9595893112209,4.0,84.95939913567648,84.95984606814707,4.41257420255301,100.0,78.06002104813284,120.37673946564212,101.95404935778134,92.86983390527851,109.08421545250283
1,185.89387769342508,3.0,185.8925700101577,185.8947978913937,6.658163319384152,26.454178923358395,9.032844753196965,38.145283531686886,33.61696587564957,22.58211188299241,37.489032916015546
2,188.91877526045624,3.0,188.9183988072475,188.91952640812642,3.315948517328681,26.179873436210645,6.025958611959489,42.98297585118208,30.368388947810306,15.06489652989872,41.48336585412224
3,215.92192117170788,4.0,215.92153701385888,215.92337350750637,4.819533791732298,31.796961979894057,24.573869704903323,43.38390076706966,26.34215383966298,25.307608114333988,32.83150770522305
4,216.91876697665725,3.0,216.91825676465544,216.9196229870268,3.4990629862255305,26.90844945151446,7.463927340010505,42.13941924138838,32.17538985355201,18.65981835002626,40.42402095504023
5,249.15743073370996,3.0,249.1567177443472,249.15798258478534,2.820261592204969,63.36396406775761,19.977335675352467,100.68113308875334,70.95078828201936,49.94333918838116,84.37141316139581
