,median_mz(Da),N_spectra,min_mz,max_mz,IQR_mz(ppm),mean_Int,min_Int,max_Int,median_Int,Int_Q1,Int_Q3
0,100.1120781452903,3.0,100.11174246196728,100.11212189326511,2.1055917465448606,100.0,84.61127264786336,114.42890423679312,102.3995577883588,91.28187957554915,109.91789931863028
1,111.04406418406664,3.0,111.0438989099359,111.0441892374715,1.452514157399475,55.70343161929135,36.698052495507625,82.18725303958364,37.00732587802002,36.81403001394977,65.24478035399727
2,245.18677280922157,3.0,245.1867197944961,245.1869121735584,0.43590139713275117,58.845229065864835,42.02978111136376,76.41582132366632,56.95736830761385,47.62762630995754,69.11890144264665
