,mz(Da),mz_std(Da),Int,Gauss_r2,N_signals,Confidence_interval(Da),Confidence_interval(ppm),mz_min(Da),mz_max(Da),RelativeIntensity(%)
0,111.04398449361119,0.0005,32558.4609375,0.0,1.0,0.0,0.0,111.04398449361119,111.04398449361119,100.0
1,101.05970078140291,0.0005,13194.2265625,0.0,1.0,0.0,0.0,101.05970078140291,101.05970078140291,40.52472439599634
2,129.0542631463964,0.0005,11014.2197265625,0.0,1.0,0.0,0.0,129.0542631463964,129.0542631463964,33.82905521150296
3,245.13714554568853,0.0005,6598.55908203125,0.0,1.0,0.0,0.0,245.13714554568853,245.13714554568853,20.26680282798994
4,187.09661587802344,0.0005,6059.802734375,0.0,1.0,0.0,0.0,187.09661587802344,187.09661587802344,18.61206752373075
5,194.35041637344335,0.0005,4803.2431640625,0.0,1.0,0.0,0.0,194.35041637344335,194.35041637344335,14.752672656373164
6,91.89692419950887,0.0005,4758.099609375,0.0,1.0,0.0,0.0,91.89692419950887,91.89692419950887,14.614018821432506
7,70.65080416459176,0.0005,4451.52197265625,0.0,1.0,0.0,0.0,70.65080416459176,70.65080416459176,13.672396804018156
8,107.83018341209814,0.0005,4256.89453125,0.0,1.0,0.0,0.0,107.83018341209814,107.83018341209814,13.074618420759004
