,mz(Da),mz_std(Da),Int,Gauss_r2,N_signals,Confidence_interval(Da),Confidence_interval(ppm),mz_min(Da),mz_max(Da),RelativeIntensity(%)
0,111.0438462556805,0.0005,38333.44921875,0.0,1.0,0.0,0.0,111.0438462556805,111.0438462556805,100.0
1,101.06004034754864,0.0005,11484.119140625,0.0,1.0,0.0,0.0,101.06004034754864,101.06004034754864,29.958481103776553
2,245.13733281759494,0.0005,11239.1103515625,0.0,1.0,0.0,0.0,245.13733281759494,245.13733281759494,29.319329673222118
3,129.05474770730183,0.0005,10822.732421875,0.0,1.0,0.0,0.0,129.05474770730183,129.05474770730183,28.233129662074052
4,187.09602732316756,0.0005,5906.0361328125,0.0,1.0,0.0,0.0,187.09602732316756,187.09602732316756,15.407004204369082
5,121.79949967963732,0.0005,5344.6962890625,0.0,1.0,0.0,0.0,121.79949967963732,121.79949967963732,13.942643821491165
6,63.34716103540522,0.0005,4506.16064453125,0.0,1.0,0.0,0.0,63.34716103540522,63.34716103540522,11.755166144368653
7,154.27489674944474,0.0005,4473.69384765625,0.0,1.0,0.0,0.0,154.27489674944474,154.27489674944474,11.670470408564322
8,60.34514980232548,0.0005,4138.6787109375,0.0,1.0,0.0,0.0,60.34514980232548,60.34514980232548,10.796520520029677
