,mz(Da),mz_std(Da),Int,Gauss_r2,N_signals,Confidence_interval(Da),Confidence_interval(ppm),mz_min(Da),mz_max(Da),RelativeIntensity(%)
0,111.04400126230348,0.0005,21955.41796875,0.0,1.0,0.0,0.0,111.04400126230348,111.04400126230348,100.0
1,101.05985485422889,0.0005,8079.9990234375,0.0,1.0,0.0,0.0,101.05985485422889,101.05985485422889,36.80184560794095
2,136.00145031338434,0.0005,4782.05810546875,0.0,1.0,0.0,0.0,136.00145031338434,136.00145031338434,21.7807655143493
3,190.96635457893302,0.0005,4544.75927734375,0.0,1.0,0.0,0.0,190.96635457893302,190.96635457893302,20.699944240699413
4,52.3807117637068,0.0005,4151.57958984375,0.0,1.0,0.0,0.0,52.3807117637068,52.3807117637068,18.90913484659165
