,mz(Da),mz_std(Da),Int,Gauss_r2,N_signals,Confidence_interval(Da),Confidence_interval(ppm),mz_min(Da),mz_max(Da),RelativeIntensity(%)
0,111.04411117720487,0.0005,39029.46875,0.0,1.0,0.0,0.0,111.04411117720487,111.04411117720487,100.0
1,101.059708946851,0.0005,13542.9736328125,0.0,1.0,0.0,0.0,101.059708946851,101.059708946851,34.69935427397407
2,129.05424811410137,0.0005,7179.37109375,0.0,1.0,0.0,0.0,129.05424811410137,129.05424811410137,18.394744596030403
3,245.1401865271385,0.0005,6251.4580078125,0.0,1.0,0.0,0.0,245.1401865271385,245.1401865271385,16.01727670918529
4,182.0272027003989,0.0005,4550.07177734375,0.0,1.0,0.0,0.0,182.0272027003989,182.0272027003989,11.658041790137741
5,88.57895264174235,0.0005,4070.31201171875,0.0,1.0,0.0,0.0,88.57895264174235,88.57895264174235,10.42881735795789
6,114.46809961767195,0.0005,3921.588623046875,0.0,1.0,0.0,0.0,114.46809961767195,114.46809961767195,10.047763263615714
