,mz(Da),mz_std(Da),Int,Gauss_r2,N_signals,Confidence_interval(Da),Confidence_interval(ppm),mz_min(Da),mz_max(Da),RelativeIntensity(%)
0,111.04449681785297,0.0005,25598.033203125,0.0,1.0,0.0,0.0,111.04449681785297,111.04449681785297,100.0
1,101.05967697541934,0.0005,9499.787109375,0.0,1.0,0.0,0.0,101.05967697541934,101.05967697541934,37.11139459032841
2,129.0540710906066,0.0005,5387.21875,0.0,1.0,0.0,0.0,129.0540710906066,129.0540710906066,21.045440121322798
3,66.66591731369981,0.0005,4767.673828125,0.0,1.0,0.0,0.0,66.66591731369981,66.66591731369981,18.625156824716377
4,112.55304604143214,0.0005,4660.76953125,0.0,1.0,0.0,0.0,112.55304604143214,112.55304604143214,18.207529829600404
5,123.35402437570409,0.0005,4465.83154296875,0.0,1.0,0.0,0.0,123.35402437570409,123.35402437570409,17.445994805661723
6,57.66929482732597,0.0005,4186.50439453125,0.0,1.0,0.0,0.0,57.66929482732597,57.66929482732597,16.354789296937717
