,mz(Da),mz_std(Da),Int,Gauss_r2,N_signals,Confidence_interval(Da),Confidence_interval(ppm),mz_min(Da),mz_max(Da),RelativeIntensity(%)
0,111.04380071624375,0.0005,44734.3359375,0.0,1.0,0.0,0.0,111.04380071624375,111.04380071624375,100.0
1,101.05969215474701,0.0005,19951.70703125,0.0,1.0,0.0,0.0,101.05969215474701,101.05969215474701,44.60043189000339
2,129.05530976183692,0.0005,10012.23046875,0.0,1.0,0.0,0.0,129.05530976183692,129.05530976183692,22.381533689777932
3,187.0967068747429,0.0005,6340.2138671875,0.0,1.0,0.0,0.0,187.0967068747429,187.0967068747429,14.173036738593032
4,138.05573139897302,0.0005,5721.1181640625,0.0,1.0,0.0,0.0,138.05573139897302,138.05573139897302,12.789098226596426
5,133.83390612017308,0.0005,5205.06982421875,0.0,1.0,0.0,0.0,133.83390612017308,133.83390612017308,11.635513784067223
6,116.42327985923336,0.0005,4942.09814453125,0.0,1.0,0.0,0.0,116.42327985923336,116.42327985923336,11.047661803756377
7,56.56475473386486,0.0005,4118.17578125,0.0,1.0,0.0,0.0,56.56475473386486,56.56475473386486,9.205849813001931
