,mz(Da),mz_std(Da),Int,Gauss_r2,N_signals,Confidence_interval(Da),Confidence_interval(ppm),mz_min(Da),mz_max(Da),RelativeIntensity(%)
0,111.04390543808553,0.0005,33806.05859375,0.0,1.0,0.0,0.0,111.04390543808553,111.04390543808553,100.0
1,101.05971689282279,0.0005,12322.42578125,0.0,1.0,0.0,0.0,101.05971689282279,101.05971689282279,36.45034734551441
2,148.3446936458488,0.0005,5262.4267578125,0.0,1.0,0.0,0.0,148.3446936458488,148.3446936458488,15.566519661612984
3,169.08453014037815,0.0005,5183.9912109375,0.0,1.0,0.0,0.0,169.08453014037815,169.08453014037815,15.334503419147202
4,230.37327605280922,0.0005,5001.47216796875,0.0,1.0,0.0,0.0,230.37327605280922,230.37327605280922,14.794603026847419
5,129.05514826458972,0.0005,5000.95703125,0.0,1.0,0.0,0.0,129.05514826458972,129.05514826458972,14.793079226853637
6,52.29189410322496,0.0005,4924.2822265625,0.0,1.0,0.0,0.0,52.29189410322496,52.29189410322496,14.566271347210208
7,207.76391971896385,0.0005,4638.56640625,0.0,1.0,0.0,0.0,207.76391971896385,207.76391971896385,13.721109763169995
8,122.7607331616471,0.0005,4195.57763671875,0.0,1.0,0.0,0.0,122.7607331616471,122.7607331616471,12.410726985767043
