,mz(Da),mz_std(Da),Int,Gauss_r2,N_signals,Confidence_interval(Da),Confidence_interval(ppm),mz_min(Da),mz_max(Da),RelativeIntensity(%)
0,111.0438948507272,0.0005,38487.796875,0.0,1.0,0.0,0.0,111.0438948507272,111.0438948507272,100.0
1,101.05977544159664,0.0005,17051.9609375,0.0,1.0,0.0,0.0,101.05977544159664,101.05977544159664,44.30485068522125
2,129.05451840325645,0.0005,12080.0732421875,0.0,1.0,0.0,0.0,129.05451840325645,129.05451840325645,31.386762098700927
3,50.720600082882626,0.0005,4710.630859375,0.0,1.0,0.0,0.0,50.720600082882626,50.720600082882626,12.239284245533995
4,186.98284746660755,0.0005,4327.91259765625,0.0,1.0,0.0,0.0,186.98284746660755,186.98284746660755,11.244895652802288
