,mz(Da),mz_std(Da),Int,Gauss_r2,N_signals,Confidence_interval(Da),Confidence_interval(ppm),mz_min(Da),mz_max(Da),RelativeIntensity(%)
0,111.04384400414561,0.0005,50317.08203125,0.0,1.0,0.0,0.0,111.04384400414561,111.04384400414561,100.0
1,101.05983822862538,0.0005,20472.390625,0.0,1.0,0.0,0.0,101.05983822862538,101.05983822862538,40.68676043711237
2,129.05477689166636,0.0005,12422.55078125,0.0,1.0,0.0,0.0,129.05477689166636,129.05477689166636,24.688535741271387
3,245.13923493920035,0.0005,6608.07177734375,0.0,1.0,0.0,0.0,245.13923493920035,245.13923493920035,13.132859678229615
4,83.04982869649572,0.0005,5992.818359375,0.0,1.0,0.0,0.0,83.04982869649572,83.04982869649572,11.910107099718326
5,187.09600676408718,0.0005,5992.4931640625,0.0,1.0,0.0,0.0,187.09600676408718,187.09600676408718,11.90946080764539
6,78.70335541167697,0.0005,4682.49755859375,0.0,1.0,0.0,0.0,78.70335541167697,78.70335541167697,9.305979936765075
7,212.32131542665434,0.0005,4444.87451171875,0.0,1.0,0.0,0.0,212.32131542665434,212.32131542665434,8.833728690702314
8,67.7919430643658,0.0005,4131.03955078125,0.0,1.0,0.0,0.0,67.7919430643658,67.7919430643658,8.210014142345576
