,mz(Da),mz_std(Da),Int,Gauss_r2,N_signals,Confidence_interval(Da),Confidence_interval(ppm),mz_min(Da),mz_max(Da),RelativeIntensity(%)
0,154.29573715462664,0.0005,5535.4892578125,0.0,1.0,0.0,0.0,154.29573715462664,154.29573715462664,100.0
1,183.69868373417165,0.0005,5350.52734375,0.0,1.0,0.0,0.0,183.69868373417165,183.69868373417165,96.65861669225616
2,256.39737898398783,0.0005,4608.39794921875,0.0,1.0,0.0,0.0,256.39737898398783,256.39737898398783,83.2518632876886
3,62.91755547796357,0.0005,4556.427734375,0.0,1.0,0.0,0.0,62.91755547796357,62.91755547796357,82.31300833877143
4,84.04464351951162,0.0005,4494.154296875,0.0,1.0,0.0,0.0,84.04464351951162,84.04464351951162,81.18802309176529
5,104.3460213452521,0.0005,4401.38623046875,0.0,1.0,0.0,0.0,104.3460213452521,104.3460213452521,79.51214473511739
6,103.71801795912415,0.0005,4125.54541015625,0.0,1.0,0.0,0.0,103.71801795912415,103.71801795912415,74.52901122215478
