,mz(Da),mz_std(Da),Int,Gauss_r2,N_signals,Confidence_interval(Da),Confidence_interval(ppm),mz_min(Da),mz_max(Da),RelativeIntensity(%)
0,249.15710283598108,0.0005,63048.515625,0.0,1.0,0.0,0.0,249.15710283598108,249.15710283598108,100.0
1,249.18730151021103,0.0005,6622.3603515625,0.0,1.0,0.0,0.0,249.18730151021103,249.18730151021103,10.503594392215321
2,172.21033731248565,0.0005,4868.08984375,0.0,1.0,0.0,0.0,172.21033731248565,172.21033731248565,7.72118073755206
3,250.15805645771843,0.0005,4706.30078125,0.0,1.0,0.0,0.0,250.15805645771843,250.15805645771843,7.464570314774956
4,151.85456541362748,0.0005,4653.16796875,0.0,1.0,0.0,0.0,151.85456541362748,151.85456541362748,7.380297414813246
5,50.057761898469096,0.0005,4606.3701171875,0.0,1.0,0.0,0.0,50.057761898469096,50.057761898469096,7.306072270733971
6,69.97551324905855,0.0005,4239.55615234375,0.0,1.0,0.0,0.0,69.97551324905855,69.97551324905855,6.724275917231398
