,mz(Da),mz_std(Da),Int,Gauss_r2,N_signals,Confidence_interval(Da),Confidence_interval(ppm),mz_min(Da),mz_max(Da),RelativeIntensity(%)
0,111.04383281291855,0.0005,31873.6796875,0.0,1.0,0.0,0.0,111.04383281291855,111.04383281291855,100.0
1,101.05981254138129,0.0005,9583.759765625,0.0,1.0,0.0,0.0,101.05981254138129,101.05981254138129,30.067942765276307
2,169.08614749258246,0.0005,7826.20751953125,0.0,1.0,0.0,0.0,169.08614749258246,169.08614749258246,24.55382496235751
3,129.05434184262577,0.0005,5599.34033203125,0.0,1.0,0.0,0.0,129.05434184262577,129.05434184262577,17.567285568936555
4,74.48618174507212,0.0005,4728.38818359375,0.0,1.0,0.0,0.0,74.48618174507212,74.48618174507212,14.834773486941003
5,106.08137522753165,0.0005,4548.83837890625,0.0,1.0,0.0,0.0,106.08137522753165,106.08137522753165,14.271456648571961
6,104.03367437889443,0.0005,4495.72216796875,0.0,1.0,0.0,0.0,104.03367437889443,104.03367437889443,14.104810652696154
7,159.95097334237323,0.0005,4020.96337890625,0.0,1.0,0.0,0.0,159.95097334237323,159.95097334237323,12.615309616991489
