,mz(Da),mz_std(Da),Int,Gauss_r2,N_signals,Confidence_interval(Da),Confidence_interval(ppm),mz_min(Da),mz_max(Da),RelativeIntensity(%)
0,111.04410481120233,0.0005,17733.603515625,0.0,1.0,0.0,0.0,111.04410481120233,111.04410481120233,100.0
1,129.05516679663762,0.0005,6809.19287109375,0.0,1.0,0.0,0.0,129.05516679663762,129.05516679663762,38.39711914780434
2,101.05940364249412,0.0005,6722.3271484375,0.0,1.0,0.0,0.0,101.05940364249412,101.05940364249412,37.907282310188606
3,59.79833579420321,0.0005,5412.84765625,0.0,1.0,0.0,0.0,59.79833579420321,59.79833579420321,30.523111963571104
4,123.36061592577181,0.0005,5328.33837890625,0.0,1.0,0.0,0.0,123.36061592577181,123.36061592577181,30.04656314894756
5,70.24574060797443,0.0005,5136.36474609375,0.0,1.0,0.0,0.0,70.24574060797443,70.24574060797443,28.96402156261203
6,245.13853559840243,0.0005,4906.89306640625,0.0,1.0,0.0,0.0,245.13853559840243,245.13853559840243,27.670028046374263
7,114.50631655929047,0.0005,4098.5068359375,0.0,1.0,0.0,0.0,114.50631655929047,114.50631655929047,23.111528530150814
8,107.57420500073948,0.0005,3785.651123046875,0.0,1.0,0.0,0.0,107.57420500073948,107.57420500073948,21.347331464309296
