,mz(Da),mz_std(Da),Int,Gauss_r2,N_signals,Confidence_interval(Da),Confidence_interval(ppm),mz_min(Da),mz_max(Da),RelativeIntensity(%)
0,111.04407611204665,0.0005,21927.505859375,0.0,1.0,0.0,0.0,111.04407611204665,111.04407611204665,100.0
1,54.71085570208141,0.0005,4768.8544921875,0.0,1.0,0.0,0.0,54.71085570208141,54.71085570208141,21.74827599076253
2,61.79710862944246,0.0005,4507.45361328125,0.0,1.0,0.0,0.0,61.79710862944246,61.79710862944246,20.556161937378345
3,138.91531980203754,0.0005,4492.82861328125,0.0,1.0,0.0,0.0,138.91531980203754,138.91531980203754,20.489464885311445
4,193.75326406842743,0.0005,4410.17431640625,0.0,1.0,0.0,0.0,193.75326406842743,193.75326406842743,20.112521436270423
5,54.71412635935741,0.0005,4315.2685546875,0.0,1.0,0.0,0.0,54.71412635935741,54.71412635935741,19.67970539997611
6,266.50120703295715,0.0005,3927.023193359375,0.0,1.0,0.0,0.0,266.50120703295715,266.50120703295715,17.909119343276313
