,mz(Da),mz_std(Da),Int,Gauss_r2,N_signals,Confidence_interval(Da),Confidence_interval(ppm),mz_min(Da),mz_max(Da),RelativeIntensity(%)
0,111.04392900382742,0.0005,25505.9375,0.0,1.0,0.0,0.0,111.04392900382742,111.04392900382742,100.0
1,245.13834696774822,0.0005,9674.728515625,0.0,1.0,0.0,0.0,245.13834696774822,245.13834696774822,37.93127978779451
2,101.05944894459026,0.0005,7558.474609375,0.0,1.0,0.0,0.0,101.05944894459026,101.05944894459026,29.634176784817264
3,129.05510312830623,0.0005,6616.31689453125,0.0,1.0,0.0,0.0,129.05510312830623,129.05510312830623,25.940300741861577
4,169.08559211702655,0.0005,4632.08642578125,0.0,1.0,0.0,0.0,169.08559211702655,169.08559211702655,18.160816185569537
5,200.11987430007616,0.0005,4625.91650390625,0.0,1.0,0.0,0.0,200.11987430007616,200.11987430007616,18.136626046018698
6,137.53576447451866,0.0005,3907.841796875,0.0,1.0,0.0,0.0,137.53576447451866,137.53576447451866,15.321302331564954
