,mz(Da),mz_std(Da),Int,Gauss_r2,N_signals,Confidence_interval(Da),Confidence_interval(ppm),mz_min(Da),mz_max(Da),RelativeIntensity(%)
0,111.04367895401116,0.0005,34472.7421875,0.0,1.0,0.0,0.0,111.04367895401116,111.04367895401116,100.0
1,101.05974122539774,0.0005,11476.87109375,0.0,1.0,0.0,0.0,101.05974122539774,101.05974122539774,33.29259689097659
2,90.35534210954457,0.0005,6116.00439453125,0.0,1.0,0.0,0.0,90.35534210954457,90.35534210954457,17.741566253319256
3,245.1379065725283,0.0005,5457.4931640625,0.0,1.0,0.0,0.0,245.1379065725283,245.1379065725283,15.83132880575255
4,201.03417043812613,0.0005,4948.748046875,0.0,1.0,0.0,0.0,201.03417043812613,201.03417043812613,14.355539283641447
5,129.05486735871003,0.0005,4853.6064453125,0.0,1.0,0.0,0.0,129.05486735871003,129.05486735871003,14.079548470247438
6,69.77044912717938,0.0005,4814.6904296875,0.0,1.0,0.0,0.0,69.77044912717938,69.77044912717938,13.966659233257436
7,129.56261414681802,0.0005,4648.8154296875,0.0,1.0,0.0,0.0,129.56261414681802,129.56261414681802,13.485481962537884
8,99.25915379322596,0.0005,4226.59619140625,0.0,1.0,0.0,0.0,99.25915379322596,99.25915379322596,12.260690398278893
