,mz(Da),mz_std(Da),Int,Gauss_r2,N_signals,Confidence_interval(Da),Confidence_interval(ppm),mz_min(Da),mz_max(Da),RelativeIntensity(%)
0,111.04413910296797,0.0005,30072.228515625,0.0,1.0,0.0,0.0,111.04413910296797,111.04413910296797,100.0
1,101.06013057534935,0.0005,12516.265625,0.0,1.0,0.0,0.0,101.06013057534935,101.06013057534935,41.620678755140375
2,129.05471064304203,0.0005,5864.6904296875,0.0,1.0,0.0,0.0,129.05471064304203,129.05471064304203,19.50201471314409
3,212.06620035183167,0.0005,5395.33544921875,0.0,1.0,0.0,0.0,212.06620035183167,212.06620035183167,17.94125582151462
4,175.12047878924483,0.0005,4696.53125,0.0,1.0,0.0,0.0,175.12047878924483,175.12047878924483,15.617503197542426
5,124.6286293738556,0.0005,4645.126953125,0.0,1.0,0.0,0.0,124.6286293738556,124.6286293738556,15.446567090002905
6,185.47196978693,0.0005,4336.75,0.0,1.0,0.0,0.0,185.47196978693,185.47196978693,14.421112814258846
7,93.63997628384975,0.0005,4287.64990234375,0.0,1.0,0.0,0.0,93.63997628384975,93.63997628384975,14.257838923097976
8,73.47205064851201,0.0005,4180.41748046875,0.0,1.0,0.0,0.0,73.47205064851201,73.47205064851201,13.901256031945483
