,mz(Da),mz_std(Da),Int,Gauss_r2,N_signals,Confidence_interval(Da),Confidence_interval(ppm),mz_min(Da),mz_max(Da),RelativeIntensity(%)
0,111.0435241699485,0.0005,22521.0546875,0.0,1.0,0.0,0.0,111.0435241699485,111.0435241699485,100.0
1,141.49836829625013,0.0005,4803.5322265625,0.0,1.0,0.0,0.0,141.49836829625013,141.49836829625013,21.32907314162615
2,73.7443808007726,0.0005,4600.44384765625,0.0,1.0,0.0,0.0,73.7443808007726,73.7443808007726,20.427301969164272
3,106.89152838799433,0.0005,4321.65087890625,0.0,1.0,0.0,0.0,106.89152838799433,106.89152838799433,19.18938051025169
4,160.33820263074406,0.0005,4222.2734375,0.0,1.0,0.0,0.0,160.33820263074406,160.33820263074406,18.748115912366725
5,101.55699315787396,0.0005,4156.970703125,0.0,1.0,0.0,0.0,101.55699315787396,101.55699315787396,18.458152874306855
6,113.58074757501174,0.0005,4138.982421875,0.0,1.0,0.0,0.0,113.58074757501174,113.58074757501174,18.378279700072326
