,mz(Da),mz_std(Da),Int,Gauss_r2,N_signals,Confidence_interval(Da),Confidence_interval(ppm),mz_min(Da),mz_max(Da),RelativeIntensity(%)
0,111.04399765351107,0.0005,49709.9140625,0.0,1.0,0.0,0.0,111.04399765351107,111.04399765351107,100.0
1,101.05970312320335,0.0005,19582.041015625,0.0,1.0,0.0,0.0,101.05970312320335,101.05970312320335,39.392626973775506
2,245.1379435861451,0.0005,12614.8095703125,0.0,1.0,0.0,0.0,245.1379435861451,245.1379435861451,25.376848478257212
3,129.05478284727994,0.0005,9204.384765625,0.0,1.0,0.0,0.0,129.05478284727994,129.05478284727994,18.516195288634734
4,187.0963310194827,0.0005,7162.91455078125,0.0,1.0,0.0,0.0,187.0963310194827,187.0963310194827,14.409428553377415
5,84.10892466925716,0.0005,5172.2685546875,0.0,1.0,0.0,0.0,84.10892466925716,84.10892466925716,10.404903432712507
6,55.05414565778149,0.0005,4944.67333984375,0.0,1.0,0.0,0.0,55.05414565778149,55.05414565778149,9.94705670508068
7,165.523911396735,0.0005,4499.33642578125,0.0,1.0,0.0,0.0,165.523911396735,165.523911396735,9.051185282928188
