,mz(Da),mz_std(Da),Int,Gauss_r2,N_signals,Confidence_interval(Da),Confidence_interval(ppm),mz_min(Da),mz_max(Da),RelativeIntensity(%)
0,111.04399657237995,0.0005,23177.556640625,0.0,1.0,0.0,0.0,111.04399657237995,111.04399657237995,100.0
1,101.0598371034433,0.0005,8767.224609375,0.0,1.0,0.0,0.0,101.0598371034433,101.0598371034433,37.82635393934511
2,245.1399273120864,0.0005,5841.97998046875,0.0,1.0,0.0,0.0,245.1399273120864,245.1399273120864,25.205331481011612
3,63.666628177218406,0.0005,4939.99609375,0.0,1.0,0.0,0.0,63.666628177218406,63.666628177218406,21.313705194840544
4,138.34496139060266,0.0005,4558.896484375,0.0,1.0,0.0,0.0,138.34496139060266,138.34496139060266,19.66944382905439
5,169.0859765662667,0.0005,4533.76806640625,0.0,1.0,0.0,0.0,169.0859765662667,169.0859765662667,19.56102680150324
6,173.067984237066,0.0005,4512.7353515625,0.0,1.0,0.0,0.0,173.067984237066,173.067984237066,19.470280761401305
7,66.02941782927574,0.0005,4387.51220703125,0.0,1.0,0.0,0.0,66.02941782927574,66.02941782927574,18.93000317100266
