,mz(Da),mz_std(Da),Int,Gauss_r2,N_signals,Confidence_interval(Da),Confidence_interval(ppm),mz_min(Da),mz_max(Da),RelativeIntensity(%)
0,111.04382753079652,0.0005,44286.51171875,0.0,1.0,0.0,0.0,111.04382753079652,111.04382753079652,100.0
1,101.05977527585719,0.0005,14734.8427734375,0.0,1.0,0.0,0.0,101.05977527585719,101.05977527585719,33.271626510152686
2,245.13791508235113,0.0005,12388.6435546875,0.0,1.0,0.0,0.0,245.13791508235113,245.13791508235113,27.97385270116545
3,129.05456546863337,0.0005,8114.61328125,0.0,1.0,0.0,0.0,129.05456546863337,129.05456546863337,18.32299037861327
4,185.11298559689135,0.0005,5163.9638671875,0.0,1.0,0.0,0.0,185.11298559689135,185.11298559689135,11.660353608300072
5,169.08603647988565,0.0005,5139.25732421875,0.0,1.0,0.0,0.0,169.08603647988565,169.08603647988565,11.604565644855008
6,95.08507030727311,0.0005,4879.5458984375,0.0,1.0,0.0,0.0,95.08507030727311,95.08507030727311,11.018131049530371
