,mz(Da),mz_std(Da),Int,Gauss_r2,N_signals,Confidence_interval(Da),Confidence_interval(ppm),mz_min(Da),mz_max(Da),RelativeIntensity(%)
0,111.04396943286677,0.0005,40177.20703125,0.0,1.0,0.0,0.0,111.04396943286677,111.04396943286677,100.0
1,101.05984410021006,0.0005,14290.8349609375,0.0,1.0,0.0,0.0,101.05984410021006,101.05984410021006,35.56950822843915
2,245.14040217201068,0.0005,8908.626953125,0.0,1.0,0.0,0.0,245.14040217201068,245.14040217201068,22.17333560841059
3,129.05468976240155,0.0005,7330.3310546875,0.0,1.0,0.0,0.0,129.05468976240155,129.05468976240155,18.24499908364944
4,187.09750928172218,0.0005,6324.46142578125,0.0,1.0,0.0,0.0,187.09750928172218,187.09750928172218,15.741416323095972
5,135.47567910073366,0.0005,4929.2998046875,0.0,1.0,0.0,0.0,135.47567910073366,135.47567910073366,12.268896145153818
6,58.079493509393345,0.0005,4287.9169921875,0.0,1.0,0.0,0.0,58.079493509393345,58.079493509393345,10.672511379032246
7,75.89673827532219,0.0005,4245.30517578125,0.0,1.0,0.0,0.0,75.89673827532219,75.89673827532219,10.56645170103346
8,76.63245476878342,0.0005,4173.7060546875,0.0,1.0,0.0,0.0,76.63245476878342,76.63245476878342,10.388243392431868
