,mz(Da),mz_std(Da),Int,Gauss_r2,N_signals,Confidence_interval(Da),Confidence_interval(ppm),mz_min(Da),mz_max(Da),RelativeIntensity(%)
0,111.04406498693729,0.0005,16100.3271484375,0.0,1.0,0.0,0.0,111.04406498693729,111.04406498693729,100.0
1,101.05972007586254,0.0005,7440.6416015625,0.0,1.0,0.0,0.0,101.05972007586254,101.05972007586254,46.21422616424659
2,129.0547117090954,0.0005,6393.0009765625,0.0,1.0,0.0,0.0,129.0547117090954,129.0547117090954,39.7072737567505
3,65.05711963589361,0.0005,4700.49169921875,0.0,1.0,0.0,0.0,65.05711963589361,65.05711963589361,29.195007380175635
4,111.90561099180607,0.0005,4569.6748046875,0.0,1.0,0.0,0.0,111.90561099180607,111.90561099180607,28.382496594989853
5,62.004503022962865,0.0005,4475.068359375,0.0,1.0,0.0,0.0,62.004503022962865,62.004503022962865,27.79489086225987
6,95.86240206627268,0.0005,4450.9833984375,0.0,1.0,0.0,0.0,95.86240206627268,95.86240206627268,27.645297871288644
7,137.1695167071806,0.0005,4086.520751953125,0.0,1.0,0.0,0.0,137.1695167071806,137.1695167071806,25.381600723248116
