,mz(Da),mz_std(Da),Int,Gauss_r2,N_signals,Confidence_interval(Da),Confidence_interval(ppm),mz_min(Da),mz_max(Da),RelativeIntensity(%)
0,164.10720708262082,0.0005,33453.3203125,0.0,1.0,0.0,0.0,164.10720708262082,164.10720708262082,100.0
1,249.15763263548962,0.0005,18359.498046875,0.0,1.0,0.0,0.0,249.15763263548962,249.15763263548962,54.88094417944781
2,182.40983725781734,0.0005,4404.0703125,0.0,1.0,0.0,0.0,182.40983725781734,182.40983725781734,13.16482271822327
3,113.05141692493697,0.0005,4033.485595703125,0.0,1.0,0.0,0.0,113.05141692493697,113.05141692493697,12.057056094955074
4,55.93224748246967,0.0005,4012.616455078125,0.0,1.0,0.0,0.0,55.93224748246967,55.93224748246967,11.994673227036273
