,mz(Da),mz_std(Da),Int,Gauss_r2,N_signals,Confidence_interval(Da),Confidence_interval(ppm),mz_min(Da),mz_max(Da),RelativeIntensity(%)
0,111.04402495894615,0.0005,10756.6494140625,0.0,1.0,0.0,0.0,111.04402495894615,111.04402495894615,100.0
1,262.8034681802166,0.0005,4664.1474609375,0.0,1.0,0.0,0.0,262.8034681802166,262.8034681802166,43.36059753736991
2,188.98130160249858,0.0005,4467.35107421875,0.0,1.0,0.0,0.0,188.98130160249858,188.98130160249858,41.531065132404926
3,64.00448923260241,0.0005,4158.81298828125,0.0,1.0,0.0,0.0,64.00448923260241,64.00448923260241,38.66271761952477
