,mz(Da),mz_std(Da),Int,Gauss_r2,N_signals,Confidence_interval(Da),Confidence_interval(ppm),mz_min(Da),mz_max(Da),RelativeIntensity(%)
0,111.04401061686175,0.0005,15323.728515625,0.0,1.0,0.0,0.0,111.04401061686175,111.04401061686175,100.0
1,148.7444066979893,0.0005,5481.9072265625,0.0,1.0,0.0,0.0,148.7444066979893,148.7444066979893,35.773977729850905
2,91.0346814163988,0.0005,4864.42919921875,0.0,1.0,0.0,0.0,91.0346814163988,91.0346814163988,31.744422999002392
3,129.05497221734973,0.0005,4565.10400390625,0.0,1.0,0.0,0.0,129.05497221734973,129.05497221734973,29.79107858280962
4,98.01777287361777,0.0005,4544.8369140625,0.0,1.0,0.0,0.0,98.01777287361777,98.01777287361777,29.658819062399267
5,196.5568798174092,0.0005,4371.04833984375,0.0,1.0,0.0,0.0,196.5568798174092,196.5568798174092,28.52470490707771
6,62.18128096143681,0.0005,4199.6845703125,0.0,1.0,0.0,0.0,62.18128096143681,62.18128096143681,27.406414607451758
