,mz(Da),mz_std(Da),Int,Gauss_r2,N_signals,Confidence_interval(Da),Confidence_interval(ppm),mz_min(Da),mz_max(Da),RelativeIntensity(%)
0,245.13753227794405,0.0005,5836.36669921875,0.0,1.0,0.0,0.0,245.13753227794405,245.13753227794405,100.0
1,58.633324564498366,0.0005,5073.65283203125,0.0,1.0,0.0,0.0,58.633324564498366,58.633324564498366,86.93170072247865
2,111.04437620641053,0.0005,4892.96044921875,0.0,1.0,0.0,0.0,111.04437620641053,111.04437620641053,83.83572694076464
3,54.97534352624098,0.0005,4600.228515625,0.0,1.0,0.0,0.0,54.97534352624098,54.97534352624098,78.82007338985026
4,55.452657025362406,0.0005,4431.33154296875,0.0,1.0,0.0,0.0,55.452657025362406,55.452657025362406,75.92620154525115
5,237.34089084284602,0.0005,4081.860107421875,0.0,1.0,0.0,0.0,237.34089084284602,237.34089084284602,69.9383763526762
