,mz(Da),mz_std(Da),Int,Gauss_r2,N_signals,Confidence_interval(Da),Confidence_interval(ppm),mz_min(Da),mz_max(Da),RelativeIntensity(%)
0,111.04413842288903,0.0005,9081.86328125,0.0,1.0,0.0,0.0,111.04413842288903,111.04413842288903,100.0
1,56.731217441832925,0.0005,4359.3818359375,0.0,1.0,0.0,0.0,56.731217441832925,56.731217441832925,48.00096302856354
2,55.48400994293236,0.0005,4282.458984375,0.0,1.0,0.0,0.0,55.48400994293236,55.48400994293236,47.15396886910167
