,mz(Da),mz_std(Da),Int,Gauss_r2,N_signals,Confidence_interval(Da),Confidence_interval(ppm),mz_min(Da),mz_max(Da),RelativeIntensity(%)
0,111.04381254425775,0.0005,24973.275390625,0.0,1.0,0.0,0.0,111.04381254425775,111.04381254425775,100.0
1,129.0552709927122,0.0005,9988.279296875,0.0,1.0,0.0,0.0,129.0552709927122,129.0552709927122,39.99587214989273
2,101.05984132132494,0.0005,9740.3349609375,0.0,1.0,0.0,0.0,101.05984132132494,101.05984132132494,39.003033477114634
3,99.23551301673618,0.0005,5214.35595703125,0.0,1.0,0.0,0.0,99.23551301673618,99.23551301673618,20.879743948159586
4,195.13275284165383,0.0005,4653.91845703125,0.0,1.0,0.0,0.0,195.13275284165383,195.13275284165383,18.635594987985986
5,54.338722092504966,0.0005,4339.71533203125,0.0,1.0,0.0,0.0,54.338722092504966,54.338722092504966,17.377437537329946
