,mz(Da),mz_std(Da),Int,Gauss_r2,N_signals,Confidence_interval(Da),Confidence_interval(ppm),mz_min(Da),mz_max(Da),RelativeIntensity(%)
0,111.04486226294699,0.0005,6062.03173828125,0.0,1.0,0.0,0.0,111.04486226294699,111.04486226294699,100.0
1,68.30242837609548,0.0005,5088.33349609375,0.0,1.0,0.0,0.0,68.30242837609548,68.30242837609548,83.93775743471166
2,51.03128105907851,0.0005,4478.263671875,0.0,1.0,0.0,0.0,51.03128105907851,51.03128105907851,73.87397270778244
3,109.01171071884902,0.0005,4217.1904296875,0.0,1.0,0.0,0.0,109.01171071884902,109.01171071884902,69.56727730500447
4,79.59934331077115,0.0005,4215.00439453125,0.0,1.0,0.0,0.0,79.59934331077115,79.59934331077115,69.53121620782404
5,127.06769949446738,0.0005,4172.064453125,0.0,1.0,0.0,0.0,127.06769949446738,127.06769949446738,68.8228738028332
6,51.23906425059447,0.0005,4128.72265625,0.0,1.0,0.0,0.0,51.23906425059447,51.23906425059447,68.10790234200596
