,mz(Da),mz_std(Da),Int,Gauss_r2,N_signals,Confidence_interval(Da),Confidence_interval(ppm),mz_min(Da),mz_max(Da),RelativeIntensity(%)
0,92.21214051508866,0.0005,5895.08935546875,0.0,1.0,0.0,0.0,92.21214051508866,92.21214051508866,100.0
1,110.79085191607493,0.0005,4296.3662109375,0.0,1.0,0.0,0.0,110.79085191607493,110.79085191607493,72.88042558594725
2,84.50679400374611,0.0005,4294.4326171875,0.0,1.0,0.0,0.0,84.50679400374611,84.50679400374611,72.84762551060648
3,204.49645697832597,0.0005,4150.61669921875,0.0,1.0,0.0,0.0,204.49645697832597,204.49645697832597,70.40803707866294
