,mz(Da),mz_std(Da),Int,Gauss_r2,N_signals,Confidence_interval(Da),Confidence_interval(ppm),mz_min(Da),mz_max(Da),RelativeIntensity(%)
0,111.04427050040448,0.0005,13238.88671875,0.0,1.0,0.0,0.0,111.04427050040448,111.04427050040448,100.0
1,101.05954673750006,0.0005,8674.7080078125,0.0,1.0,0.0,0.0,101.05954673750006,101.05954673750006,65.52445226022415
2,245.13917962856993,0.0005,8256.9345703125,0.0,1.0,0.0,0.0,245.13917962856993,245.13917962856993,62.3687984173046
3,63.25777298357656,0.0005,6041.11669921875,0.0,1.0,0.0,0.0,63.25777298357656,63.25777298357656,45.631606550895434
4,58.23534478571804,0.0005,4666.5791015625,0.0,1.0,0.0,0.0,58.23534478571804,58.23534478571804,35.2490296253786
5,53.228043710604396,0.0005,4633.6591796875,0.0,1.0,0.0,0.0,53.228043710604396,53.228043710604396,35.000368823497304
6,162.347706353695,0.0005,4522.1943359375,0.0,1.0,0.0,0.0,162.347706353695,162.347706353695,34.158418543855326
7,156.90001628346556,0.0005,4139.591796875,0.0,1.0,0.0,0.0,156.90001628346556,156.90001628346556,31.268428266042715
8,126.82375668283255,0.0005,3978.22900390625,0.0,1.0,0.0,0.0,126.82375668283255,126.82375668283255,30.049573566272418
