,mz(Da),mz_std(Da),Int,Gauss_r2,N_signals,Confidence_interval(Da),Confidence_interval(ppm),mz_min(Da),mz_max(Da),RelativeIntensity(%)
0,111.04409901476228,0.0005,6595.7021484375,0.0,1.0,0.0,0.0,111.04409901476228,111.04409901476228,100.0
1,140.79161066630462,0.0005,4949.8388671875,0.0,1.0,0.0,0.0,140.79161066630462,140.79161066630462,75.04642804951555
2,52.66750140781816,0.0005,4590.6005859375,0.0,1.0,0.0,0.0,52.66750140781816,52.66750140781816,69.59987705061846
3,171.0987577560769,0.0005,4256.81640625,0.0,1.0,0.0,0.0,171.0987577560769,171.0987577560769,64.53924556399846
4,133.42667243689885,0.0005,4182.220703125,0.0,1.0,0.0,0.0,133.42667243689885,133.42667243689885,63.40827115905703
5,88.39865182991927,0.0005,4120.64599609375,0.0,1.0,0.0,0.0,88.39865182991927,88.39865182991927,62.474713129214265
6,143.08781591754993,0.0005,3959.563720703125,0.0,1.0,0.0,0.0,143.08781591754993,143.08781591754993,60.032482237560295
