,mz(Da),mz_std(Da),Int,Gauss_r2,N_signals,Confidence_interval(Da),Confidence_interval(ppm),mz_min(Da),mz_max(Da),RelativeIntensity(%)
0,111.0444314169035,0.0005,10336.5068359375,0.0,1.0,0.0,0.0,111.0444314169035,111.0444314169035,100.0
1,252.70641923569292,0.0005,5159.24169921875,0.0,1.0,0.0,0.0,252.70641923569292,252.70641923569292,49.91281659371937
2,88.83513867462023,0.0005,4458.55859375,0.0,1.0,0.0,0.0,88.83513867462023,88.83513867462023,43.13409418207595
3,180.56313195867432,0.0005,4245.33642578125,0.0,1.0,0.0,0.0,180.56313195867432,180.56313195867432,41.07128736200566
4,81.778295406582,0.0005,4195.06689453125,0.0,1.0,0.0,0.0,81.778295406582,81.778295406582,40.58495738566177
