,mz(Da),mz_std(Da),Int,Gauss_r2,N_signals,Confidence_interval(Da),Confidence_interval(ppm),mz_min(Da),mz_max(Da),RelativeIntensity(%)
0,111.04416180830847,0.0005,9206.8056640625,0.0,1.0,0.0,0.0,111.04416180830847,111.04416180830847,100.0
1,73.74621818746755,0.0005,4516.5458984375,0.0,1.0,0.0,0.0,73.74621818746755,73.74621818746755,49.05660077161416
2,175.75797202219206,0.0005,4211.2294921875,0.0,1.0,0.0,0.0,175.75797202219206,175.75797202219206,45.7403973304819
