,mz(Da),mz_std(Da),Int,Gauss_r2,N_signals,Confidence_interval(Da),Confidence_interval(ppm),mz_min(Da),mz_max(Da),RelativeIntensity(%)
0,150.8042509339881,0.0005,4660.978515625,0.0,1.0,0.0,0.0,150.8042509339881,150.8042509339881,100.0
1,200.76960935950473,0.0005,4354.45947265625,0.0,1.0,0.0,0.0,200.76960935950473,200.76960935950473,93.42371903364914
2,63.38963279643761,0.0005,4352.15380859375,0.0,1.0,0.0,0.0,63.38963279643761,63.38963279643761,93.37425165132221
3,158.99262853787465,0.0005,4352.1220703125,0.0,1.0,0.0,0.0,158.99262853787465,158.99262853787465,93.37357071530967
4,118.96024432509884,0.0005,4112.73583984375,0.0,1.0,0.0,0.0,118.96024432509884,118.96024432509884,88.2376056026996
