,mz(Da),mz_std(Da),Int,Gauss_r2,N_signals,Confidence_interval(Da),Confidence_interval(ppm),mz_min(Da),mz_max(Da),RelativeIntensity(%)
0,111.04448775636607,0.0005,17024.173828125,0.0,1.0,0.0,0.0,111.04448775636607,111.04448775636607,100.0
1,129.0541791137132,0.0005,6520.39990234375,0.0,1.0,0.0,0.0,129.0541791137132,129.0541791137132,38.300830149957946
2,57.13613338251298,0.0005,4785.57958984375,0.0,1.0,0.0,0.0,57.13613338251298,57.13613338251298,28.110495335389924
3,101.05949853552843,0.0005,4655.87890625,0.0,1.0,0.0,0.0,101.05949853552843,101.05949853552843,27.348633497610304
4,51.90972277501716,0.0005,4538.79248046875,0.0,1.0,0.0,0.0,51.90972277501716,51.90972277501716,26.66086781239499
5,99.82760575956931,0.0005,4233.837890625,0.0,1.0,0.0,0.0,99.82760575956931,99.82760575956931,24.869564499103237
