,mz(Da),mz_std(Da),Int,Gauss_r2,N_signals,Confidence_interval(Da),Confidence_interval(ppm),mz_min(Da),mz_max(Da),RelativeIntensity(%)
0,51.02724505826852,0.0005,5115.02587890625,0.0,1.0,0.0,0.0,51.02724505826852,51.02724505826852,100.0
1,144.63906724834587,0.0005,4766.72265625,0.0,1.0,0.0,0.0,144.63906724834587,144.63906724834587,93.19058728338774
2,130.75449773103531,0.0005,4707.419921875,0.0,1.0,0.0,0.0,130.75449773103531,130.75449773103531,92.03120440285224
