,mz(Da),mz_std(Da),Int,Gauss_r2,N_signals,Confidence_interval(Da),Confidence_interval(ppm),mz_min(Da),mz_max(Da),RelativeIntensity(%)
0,245.12632247675057,0.0005,68654.828125,0.0,1.0,0.0,0.0,245.12632247675057,245.12632247675057,100.0
1,111.04449464568316,0.0005,16413.78125,0.0,1.0,0.0,0.0,111.04449464568316,111.04449464568316,23.907686754550447
2,129.05514207804387,0.0005,8254.5068359375,0.0,1.0,0.0,0.0,129.05514207804387,129.05514207804387,12.023199331165028
3,101.05940912682286,0.0005,5929.98974609375,0.0,1.0,0.0,0.0,101.05940912682286,101.05940912682286,8.637396535749831
4,135.7725962014472,0.0005,4930.0390625,0.0,1.0,0.0,0.0,135.7725962014472,135.7725962014472,7.180906568615781
5,77.28811992311071,0.0005,4710.7890625,0.0,1.0,0.0,0.0,77.28811992311071,77.28811992311071,6.861555394069381
6,104.8775937505768,0.0005,4607.3291015625,0.0,1.0,0.0,0.0,104.8775937505768,104.8775937505768,6.710859567187214
7,70.52205793858506,0.0005,4539.17529296875,0.0,1.0,0.0,0.0,70.52205793858506,70.52205793858506,6.61158933309725
