,mz(Da),mz_std(Da),Int,Gauss_r2,N_signals,Confidence_interval(Da),Confidence_interval(ppm),mz_min(Da),mz_max(Da),RelativeIntensity(%)
0,111.04423666352605,0.0005,10302.3076171875,0.0,1.0,0.0,0.0,111.04423666352605,111.04423666352605,100.0
1,141.01275059647327,0.0005,4694.50390625,0.0,1.0,0.0,0.0,141.01275059647327,141.01275059647327,45.567498862275144
2,134.19794212158217,0.0005,4054.287353515625,0.0,1.0,0.0,0.0,134.19794212158217,134.19794212158217,39.35319643098013
