,mz(Da),mz_std(Da),Int,Gauss_r2,N_signals,Confidence_interval(Da),Confidence_interval(ppm),mz_min(Da),mz_max(Da),RelativeIntensity(%)
0,111.04416918951785,0.0005,11006.466796875,0.0,1.0,0.0,0.0,111.04416918951785,111.04416918951785,100.0
1,50.0868817166388,0.0005,4854.55712890625,0.0,1.0,0.0,0.0,50.0868817166388,50.0868817166388,44.106407791868094
2,163.45403029424378,0.0005,4482.57568359375,0.0,1.0,0.0,0.0,163.45403029424378,163.45403029424378,40.726745161003535
3,185.94261750293683,0.0005,4467.30615234375,0.0,1.0,0.0,0.0,185.94261750293683,185.94261750293683,40.58801280000341
4,77.40234298464736,0.0005,4390.80078125,0.0,1.0,0.0,0.0,77.40234298464736,77.40234298464736,39.89291806610141
5,188.91220969407473,0.0005,4336.60791015625,0.0,1.0,0.0,0.0,188.91220969407473,188.91220969407473,39.400545063085254
6,200.63678920119904,0.0005,4307.87890625,0.0,1.0,0.0,0.0,200.63678920119904,200.63678920119904,39.13952575110761
7,107.74925849993824,0.0005,4132.5712890625,0.0,1.0,0.0,0.0,107.74925849993824,107.74925849993824,37.5467565144142
