,mz(Da),mz_std(Da),Int,Gauss_r2,N_signals,Confidence_interval(Da),Confidence_interval(ppm),mz_min(Da),mz_max(Da),RelativeIntensity(%)
0,122.51093448402403,0.0005,5384.609375,0.0,1.0,0.0,0.0,122.51093448402403,122.51093448402403,100.0
1,241.01953989035172,0.0005,4589.5302734375,0.0,1.0,0.0,0.0,241.01953989035172,241.01953989035172,85.23422877704104
2,51.70061045794637,0.0005,4165.515625,0.0,1.0,0.0,0.0,51.70061045794637,51.70061045794637,77.35966223176588
