,mz(Da),mz_std(Da),Int,Gauss_r2,N_signals,Confidence_interval(Da),Confidence_interval(ppm),mz_min(Da),mz_max(Da),RelativeIntensity(%)
0,111.0437426786785,0.0005,28402.83203125,0.0,1.0,0.0,0.0,111.0437426786785,111.0437426786785,100.0
1,101.05992255045761,0.0005,12389.7265625,0.0,1.0,0.0,0.0,101.05992255045761,101.05992255045761,43.62144785022951
2,245.13656052965717,0.0005,6969.091796875,0.0,1.0,0.0,0.0,245.13656052965717,245.13656052965717,24.536608846636522
3,129.05470222089335,0.0005,5743.74609375,0.0,1.0,0.0,0.0,129.05470222089335,129.05470222089335,20.222441506644433
4,79.31553899152212,0.0005,5300.9736328125,0.0,1.0,0.0,0.0,79.31553899152212,79.31553899152212,18.66353899843559
5,108.45548671193998,0.0005,4948.40576171875,0.0,1.0,0.0,0.0,108.45548671193998,108.45548671193998,17.42222661555124
6,226.95055516279598,0.0005,4539.82568359375,0.0,1.0,0.0,0.0,226.95055516279598,226.95055516279598,15.983707816878406
7,69.38910578701365,0.0005,4521.44189453125,0.0,1.0,0.0,0.0,69.38910578701365,69.38910578701365,15.918982619608382
8,213.38589318158924,0.0005,4216.14404296875,0.0,1.0,0.0,0.0,213.38589318158924,213.38589318158924,14.844097371452147
