,mz(Da),mz_std(Da),Int,Gauss_r2,N_signals,Confidence_interval(Da),Confidence_interval(ppm),mz_min(Da),mz_max(Da),RelativeIntensity(%)
0,245.1259046566308,0.0005,30949.296875,0.0,1.0,0.0,0.0,245.1259046566308,245.1259046566308,100.0
1,111.0443994553996,0.0005,19147.376953125,0.0,1.0,0.0,0.0,111.0443994553996,111.0443994553996,61.86692069438169
2,101.0595987051577,0.0005,11246.4736328125,0.0,1.0,0.0,0.0,101.0595987051577,101.0595987051577,36.33838170293651
3,145.59242142636944,0.0005,4935.13671875,0.0,1.0,0.0,0.0,145.59242142636944,145.59242142636944,15.945876698531618
4,233.32685736783802,0.0005,4890.158203125,0.0,1.0,0.0,0.0,233.32685736783802,233.32685736783802,15.800547013638738
5,102.29130185161563,0.0005,4451.71240234375,0.0,1.0,0.0,0.0,102.29130185161563,102.29130185161563,14.383888656093259
6,122.25386055034005,0.0005,4405.77978515625,0.0,1.0,0.0,0.0,122.25386055034005,122.25386055034005,14.235476182061891
7,95.70690186151451,0.0005,4368.64404296875,0.0,1.0,0.0,0.0,95.70690186151451,95.70690186151451,14.115487213209105
8,85.31323717723012,0.0005,4285.54345703125,0.0,1.0,0.0,0.0,85.31323717723012,85.31323717723012,13.846981643363263
