,mz(Da),mz_std(Da),Int,Gauss_r2,N_signals,Confidence_interval(Da),Confidence_interval(ppm),mz_min(Da),mz_max(Da),RelativeIntensity(%)
0,111.04399570312594,0.0005,8113.52880859375,0.0,1.0,0.0,0.0,111.04399570312594,111.04399570312594,100.0
1,195.348142920131,0.0005,5110.7880859375,0.0,1.0,0.0,0.0,195.348142920131,195.348142920131,62.99094027402992
2,231.37477065470216,0.0005,4695.49951171875,0.0,1.0,0.0,0.0,231.37477065470216,231.37477065470216,57.872469827744176
3,208.93966185472334,0.0005,4622.3984375,0.0,1.0,0.0,0.0,208.93966185472334,208.93966185472334,56.971492263686955
4,82.78823483159545,0.0005,4299.61474609375,0.0,1.0,0.0,0.0,82.78823483159545,82.78823483159545,52.99315313380845
5,56.92411890110506,0.0005,4134.40087890625,0.0,1.0,0.0,0.0,56.92411890110506,56.92411890110506,50.95687679727153
6,65.50208806170973,0.0005,4006.423095703125,0.0,1.0,0.0,0.0,65.50208806170973,65.50208806170973,49.379538671996464
