,mz(Da),mz_std(Da),Int,Gauss_r2,N_signals,Confidence_interval(Da),Confidence_interval(ppm),mz_min(Da),mz_max(Da),RelativeIntensity(%)
0,111.04504501026541,0.0005,6756.6181640625,0.0,1.0,0.0,0.0,111.04504501026541,111.04504501026541,100.0
1,66.62250859185595,0.0005,5486.85302734375,0.0,1.0,0.0,0.0,66.62250859185595,66.62250859185595,81.20709050168837
2,143.22200512111175,0.0005,4735.82568359375,0.0,1.0,0.0,0.0,143.22200512111175,143.22200512111175,70.09165781755937
3,149.9735273027956,0.0005,4734.65771484375,0.0,1.0,0.0,0.0,149.9735273027956,149.9735273027956,70.0743715254878
4,50.87014685348369,0.0005,4538.822265625,0.0,1.0,0.0,0.0,50.87014685348369,50.87014685348369,67.17594742539036
5,67.94921927688507,0.0005,4520.998046875,0.0,1.0,0.0,0.0,67.94921927688507,67.94921927688507,66.91214357682
6,79.57124271488182,0.0005,4353.3291015625,0.0,1.0,0.0,0.0,79.57124271488182,79.57124271488182,64.43059228531285
7,76.69267095515788,0.0005,4303.544921875,0.0,1.0,0.0,0.0,76.69267095515788,76.69267095515788,63.69377131247329
8,157.5912311931788,0.0005,4084.836181640625,0.0,1.0,0.0,0.0,157.5912311931788,157.5912311931788,60.45681556147857
