,mz(Da),mz_std(Da),Int,Gauss_r2,N_signals,Confidence_interval(Da),Confidence_interval(ppm),mz_min(Da),mz_max(Da),RelativeIntensity(%)
0,111.04431451313616,0.0005,14378.220703125,0.0,1.0,0.0,0.0,111.04431451313616,111.04431451313616,100.0
1,132.44911023548815,0.0005,5872.7353515625,0.0,1.0,0.0,0.0,132.44911023548815,132.44911023548815,40.84465993964124
2,161.40571665186383,0.0005,4671.70751953125,0.0,1.0,0.0,0.0,161.40571665186383,161.40571665186383,32.49155522084794
