,mz(Da),mz_std(Da),Int,Gauss_r2,N_signals,Confidence_interval(Da),Confidence_interval(ppm),mz_min(Da),mz_max(Da),RelativeIntensity(%)
0,111.04424738140096,0.0005,13782.3935546875,0.0,1.0,0.0,0.0,111.04424738140096,111.04424738140096,100.0
1,101.0596037152674,0.0005,9283.4853515625,0.0,1.0,0.0,0.0,101.0596037152674,101.0596037152674,67.35756974814518
2,83.38062377709726,0.0005,4888.5537109375,0.0,1.0,0.0,0.0,83.38062377709726,83.38062377709726,35.46955535364802
3,54.76343597539925,0.0005,4797.85546875,0.0,1.0,0.0,0.0,54.76343597539925,54.76343597539925,34.81148212545572
4,73.90690189179563,0.0005,4245.3525390625,0.0,1.0,0.0,0.0,73.90690189179563,73.90690189179563,30.802723215073353
