,mz(Da),mz_std(Da),Int,Gauss_r2,N_signals,Confidence_interval(Da),Confidence_interval(ppm),mz_min(Da),mz_max(Da),RelativeIntensity(%)
0,111.04452507772817,0.0005,19446.708984375,0.0,1.0,0.0,0.0,111.04452507772817,111.04452507772817,100.0
1,245.1374080546657,0.0005,8168.947265625,0.0,1.0,0.0,0.0,245.1374080546657,245.1374080546657,42.00683659218929
2,101.06001337556236,0.0005,8031.564453125,0.0,1.0,0.0,0.0,101.06001337556236,101.06001337556236,41.30037868915601
3,67.39418032008317,0.0005,4884.53271484375,0.0,1.0,0.0,0.0,67.39418032008317,67.39418032008317,25.117528723077843
4,127.14520384532864,0.0005,4431.7578125,0.0,1.0,0.0,0.0,127.14520384532864,127.14520384532864,22.789243239361575
5,59.44375158124635,0.0005,4349.5888671875,0.0,1.0,0.0,0.0,59.44375158124635,59.44375158124635,22.36670930121029
6,129.01644596279635,0.0005,4291.82568359375,0.0,1.0,0.0,0.0,129.01644596279635,129.01644596279635,22.06967609296841
7,102.13922691553469,0.0005,4289.79150390625,0.0,1.0,0.0,0.0,102.13922691553469,102.13922691553469,22.059215815658074
