,mz(Da),mz_std(Da),Int,Gauss_r2,N_signals,Confidence_interval(Da),Confidence_interval(ppm),mz_min(Da),mz_max(Da),RelativeIntensity(%)
0,111.04411383508231,0.0005,12250.154296875,0.0,1.0,0.0,0.0,111.04411383508231,111.04411383508231,100.0
1,180.01714943220577,0.0005,4894.6875,0.0,1.0,0.0,0.0,180.01714943220577,180.01714943220577,39.95612937911018
2,102.06976013341509,0.0005,4838.93701171875,0.0,1.0,0.0,0.0,102.06976013341509,102.06976013341509,39.50102908461452
3,228.04352128816248,0.0005,4349.763671875,0.0,1.0,0.0,0.0,228.04352128816248,228.04352128816248,35.507827627808894
4,123.53283675473318,0.0005,4349.35546875,0.0,1.0,0.0,0.0,123.53283675473318,123.53283675473318,35.50449539937236
5,56.02433488459121,0.0005,4291.232421875,0.0,1.0,0.0,0.0,56.02433488459121,56.02433488459121,35.03002752356914
6,56.434536351557306,0.0005,4243.3798828125,0.0,1.0,0.0,0.0,56.434536351557306,56.434536351557306,34.639399471849764
7,210.69834330768617,0.0005,4099.91162109375,0.0,1.0,0.0,0.0,210.69834330768617,210.69834330768617,33.46824473990203
