,mz(Da),mz_std(Da),Int,Gauss_r2,N_signals,Confidence_interval(Da),Confidence_interval(ppm),mz_min(Da),mz_max(Da),RelativeIntensity(%)
0,111.04433824036872,0.0005,24725.607421875,0.0,1.0,0.0,0.0,111.04433824036872,111.04433824036872,100.0
1,101.05983742724007,0.0005,10186.8271484375,0.0,1.0,0.0,0.0,101.05983742724007,101.05983742724007,41.19950209767186
2,129.05486254305208,0.0005,6392.8427734375,0.0,1.0,0.0,0.0,129.05486254305208,129.05486254305208,25.855149539346346
3,228.39172017066295,0.0005,5248.26171875,0.0,1.0,0.0,0.0,228.39172017066295,228.39172017066295,21.226017339848276
4,240.39526943730198,0.0005,5227.63427734375,0.0,1.0,0.0,0.0,240.39526943730198,240.39526943730198,21.1425919215995
5,235.00553084770522,0.0005,4779.8603515625,0.0,1.0,0.0,0.0,235.00553084770522,235.00553084770522,19.331619523060567
6,149.43838770821597,0.0005,4581.55224609375,0.0,1.0,0.0,0.0,149.43838770821597,149.43838770821597,18.529584199579272
7,93.00200416321996,0.0005,4396.1240234375,0.0,1.0,0.0,0.0,93.00200416321996,93.00200416321996,17.779640145658075
8,187.6745790143182,0.0005,4061.794189453125,0.0,1.0,0.0,0.0,187.6745790143182,187.6745790143182,16.42747990028999
