,mz(Da),mz_std(Da),Int,Gauss_r2,N_signals,Confidence_interval(Da),Confidence_interval(ppm),mz_min(Da),mz_max(Da),RelativeIntensity(%)
0,111.04443895253368,0.0005,7807.47314453125,0.0,1.0,0.0,0.0,111.04443895253368,111.04443895253368,100.0
1,91.5416343624602,0.0005,5021.6865234375,0.0,1.0,0.0,0.0,91.5416343624602,91.5416343624602,64.31897273902176
2,185.84779792921813,0.0005,4885.857421875,0.0,1.0,0.0,0.0,185.84779792921813,185.84779792921813,62.57924083027173
3,128.4358547833544,0.0005,4876.96923828125,0.0,1.0,0.0,0.0,128.4358547833544,128.4358547833544,62.46539883005971
4,76.01488161280876,0.0005,4470.74365234375,0.0,1.0,0.0,0.0,76.01488161280876,76.01488161280876,57.26236350201582
5,152.09122270723054,0.0005,4462.17724609375,0.0,1.0,0.0,0.0,152.09122270723054,152.09122270723054,57.15264290366833
6,109.73037993069651,0.0005,4361.61376953125,0.0,1.0,0.0,0.0,109.73037993069651,109.73037993069651,55.86460162961105
7,57.647955412105354,0.0005,4302.64208984375,0.0,1.0,0.0,0.0,57.647955412105354,57.647955412105354,55.10927812614429
8,146.62778870941486,0.0005,4195.21826171875,0.0,1.0,0.0,0.0,146.62778870941486,146.62778870941486,53.73336781385273
