,mz(Da),mz_std(Da),Int,Gauss_r2,N_signals,Confidence_interval(Da),Confidence_interval(ppm),mz_min(Da),mz_max(Da),RelativeIntensity(%)
0,111.04420328875321,0.0005,8755.5078125,0.0,1.0,0.0,0.0,111.04420328875321,111.04420328875321,100.0
1,234.96215130018712,0.0005,4831.2998046875,0.0,1.0,0.0,0.0,234.96215130018712,234.96215130018712,55.18012099526637
2,107.56542233142278,0.0005,4607.896484375,0.0,1.0,0.0,0.0,107.56542233142278,107.56542233142278,52.628546316827354
3,246.90110521858222,0.0005,4369.05712890625,0.0,1.0,0.0,0.0,246.90110521858222,246.90110521858222,49.900670783123125
4,86.66012916054973,0.0005,4157.57861328125,0.0,1.0,0.0,0.0,86.66012916054973,86.66012916054973,47.48529385520721
