,mz(Da),mz_std(Da),Int,Gauss_r2,N_signals,Confidence_interval(Da),Confidence_interval(ppm),mz_min(Da),mz_max(Da),RelativeIntensity(%)
0,111.04417377400671,0.0005,9817.671875,0.0,1.0,0.0,0.0,111.04417377400671,111.04417377400671,100.0
1,204.84229706844428,0.0005,5004.79833984375,0.0,1.0,0.0,0.0,204.84229706844428,204.84229706844428,50.977445605898794
2,83.9984687149857,0.0005,4746.7333984375,0.0,1.0,0.0,0.0,83.9984687149857,83.9984687149857,48.348869863177214
3,132.77221139991784,0.0005,4649.04248046875,0.0,1.0,0.0,0.0,132.77221139991784,132.77221139991784,47.353818091101665
4,66.02009424864355,0.0005,4607.61669921875,0.0,1.0,0.0,0.0,66.02009424864355,66.02009424864355,46.93186692205223
5,51.03870155518747,0.0005,4584.53173828125,0.0,1.0,0.0,0.0,51.03870155518747,51.03870155518747,46.69673010722056
6,189.0060469625831,0.0005,4398.70263671875,0.0,1.0,0.0,0.0,189.0060469625831,189.0060469625831,44.80392798540896
7,160.65464398122288,0.0005,4115.3310546875,0.0,1.0,0.0,0.0,160.65464398122288,160.65464398122288,41.917586033475985
