,mz(Da),mz_std(Da),Int,Gauss_r2,N_signals,Confidence_interval(Da),Confidence_interval(ppm),mz_min(Da),mz_max(Da),RelativeIntensity(%)
0,111.04415778701997,0.0005,8270.0966796875,0.0,1.0,0.0,0.0,111.04415778701997,111.04415778701997,100.0
1,87.68784639236381,0.0005,5411.5478515625,0.0,1.0,0.0,0.0,87.68784639236381,87.68784639236381,65.43512199626407
2,69.75909208280764,0.0005,4620.23583984375,0.0,1.0,0.0,0.0,69.75909208280764,69.75909208280764,55.86676938362386
3,65.99970848092266,0.0005,4539.61474609375,0.0,1.0,0.0,0.0,65.99970848092266,65.99970848092266,54.891918703244066
4,57.66739871783963,0.0005,4530.64501953125,0.0,1.0,0.0,0.0,57.66739871783963,57.66739871783963,54.78345894866187
5,96.98902297034874,0.0005,4502.80517578125,0.0,1.0,0.0,0.0,96.98902297034874,96.98902297034874,54.4468263211573
6,83.40509367341531,0.0005,4482.150390625,0.0,1.0,0.0,0.0,83.40509367341531,83.40509367341531,54.197073676705386
7,172.25807588070285,0.0005,3960.23876953125,0.0,1.0,0.0,0.0,172.25807588070285,172.25807588070285,47.886245142189736
8,83.67827203733145,0.0005,3953.68212890625,0.0,1.0,0.0,0.0,83.67827203733145,83.67827203733145,47.806963836553926
