,mz(Da),mz_std(Da),Int,Gauss_r2,N_signals,Confidence_interval(Da),Confidence_interval(ppm),mz_min(Da),mz_max(Da),RelativeIntensity(%)
0,111.04413953470788,0.0005,5758.46728515625,0.0,1.0,0.0,0.0,111.04413953470788,111.04413953470788,100.0
1,113.74617133182988,0.0005,5010.724609375,0.0,1.0,0.0,0.0,113.74617133182988,113.74617133182988,87.01490103610165
2,121.12406322196793,0.0005,4877.78271484375,0.0,1.0,0.0,0.0,121.12406322196793,121.12406322196793,84.70626771497577
3,76.24045491154273,0.0005,4550.05224609375,0.0,1.0,0.0,0.0,76.24045491154273,76.24045491154273,79.01498820393644
4,81.53796016426682,0.0005,4499.9736328125,0.0,1.0,0.0,0.0,81.53796016426682,81.53796016426682,78.14533642332567
5,131.43938906341725,0.0005,4496.177734375,0.0,1.0,0.0,0.0,131.43938906341725,131.43938906341725,78.07941786810031
6,77.9627424589208,0.0005,4220.62255859375,0.0,1.0,0.0,0.0,77.9627424589208,77.9627424589208,73.29420051535863
7,89.65247307617767,0.0005,4147.8837890625,0.0,1.0,0.0,0.0,89.65247307617767,89.65247307617767,72.03103853267704
8,80.53352058715167,0.0005,3962.005615234375,0.0,1.0,0.0,0.0,80.53352058715167,80.53352058715167,68.80312796857142
