,mz(Da),mz_std(Da),Int,Gauss_r2,N_signals,Confidence_interval(Da),Confidence_interval(ppm),mz_min(Da),mz_max(Da),RelativeIntensity(%)
0,111.04420900215587,0.0005,6754.22998046875,0.0,1.0,0.0,0.0,111.04420900215587,111.04420900215587,100.0
1,89.36744018259947,0.0005,4848.32373046875,0.0,1.0,0.0,0.0,89.36744018259947,89.36744018259947,71.78203502825161
2,98.88363204028897,0.0005,4695.95703125,0.0,1.0,0.0,0.0,98.88363204028897,98.88363204028897,69.52616426786368
3,67.12625580427871,0.0005,4420.3037109375,0.0,1.0,0.0,0.0,67.12625580427871,67.12625580427871,65.44496891162606
4,199.34648000682233,0.0005,4366.53759765625,0.0,1.0,0.0,0.0,199.34648000682233,199.34648000682233,64.64893274707842
5,59.47313587473555,0.0005,4292.0869140625,0.0,1.0,0.0,0.0,59.47313587473555,59.47313587473555,63.54665041720455
