,mz(Da),mz_std(Da),Int,Gauss_r2,N_signals,Confidence_interval(Da),Confidence_interval(ppm),mz_min(Da),mz_max(Da),RelativeIntensity(%)
0,111.0441166570734,0.0005,6275.9150390625,0.0,1.0,0.0,0.0,111.0441166570734,111.0441166570734,100.0
1,241.69369038157404,0.0005,4540.42333984375,0.0,1.0,0.0,0.0,241.69369038157404,241.69369038157404,72.34679423770531
2,201.07429015270893,0.0005,4474.26416015625,0.0,1.0,0.0,0.0,201.07429015270893,201.07429015270893,71.2926184039709
3,227.8941260484952,0.0005,4417.10888671875,0.0,1.0,0.0,0.0,227.8941260484952,227.8941260484952,70.38191019517977
4,128.29230480847121,0.0005,4394.63037109375,0.0,1.0,0.0,0.0,128.29230480847121,128.29230480847121,70.02373906817934
5,102.49932929653221,0.0005,4167.4267578125,0.0,1.0,0.0,0.0,102.49932929653221,102.49932929653221,66.40349226963137
