,mz(Da),mz_std(Da),Int,Gauss_r2,N_signals,Confidence_interval(Da),Confidence_interval(ppm),mz_min(Da),mz_max(Da),RelativeIntensity(%)
0,111.04310791569873,0.0005,5500.32958984375,0.0,1.0,0.0,0.0,111.04310791569873,111.04310791569873,100.0
1,224.47183994059344,0.0005,4822.8583984375,0.0,1.0,0.0,0.0,224.47183994059344,224.47183994059344,87.68308007110724
2,112.34906243730435,0.0005,4605.1064453125,0.0,1.0,0.0,0.0,112.34906243730435,112.34906243730435,83.72419088877398
3,86.48617069947865,0.0005,4496.85986328125,0.0,1.0,0.0,0.0,86.48617069947865,86.48617069947865,81.75618914882142
4,66.7973584806804,0.0005,4191.302734375,0.0,1.0,0.0,0.0,66.7973584806804,66.7973584806804,76.20093788768872
