,mz(Da),mz_std(Da),Int,Gauss_r2,N_signals,Confidence_interval(Da),Confidence_interval(ppm),mz_min(Da),mz_max(Da),RelativeIntensity(%)
0,111.04397325749687,0.0005,7776.65478515625,0.0,1.0,0.0,0.0,111.04397325749687,111.04397325749687,100.0
1,60.23378236661017,0.0005,4809.5380859375,0.0,1.0,0.0,0.0,60.23378236661017,60.23378236661017,61.84584784601398
2,129.06906743325132,0.0005,4435.59130859375,0.0,1.0,0.0,0.0,129.06906743325132,129.06906743325132,57.03726642283542
3,156.86709118621076,0.0005,4366.23095703125,0.0,1.0,0.0,0.0,156.86709118621076,156.86709118621076,56.14536169671987
4,64.38617630371739,0.0005,4359.66259765625,0.0,1.0,0.0,0.0,64.38617630371739,64.38617630371739,56.06089916679585
5,189.69724173422193,0.0005,4334.85205078125,0.0,1.0,0.0,0.0,189.69724173422193,189.69724173422193,55.74186035691635
