,mz(Da),mz_std(Da),Int,Gauss_r2,N_signals,Confidence_interval(Da),Confidence_interval(ppm),mz_min(Da),mz_max(Da),RelativeIntensity(%)
0,111.04370898564288,0.0005,6776.7763671875,0.0,1.0,0.0,0.0,111.04370898564288,111.04370898564288,100.0
1,90.13349963553677,0.0005,4961.33935546875,0.0,1.0,0.0,0.0,90.13349963553677,90.13349963553677,73.21090569686022
2,93.90443147492678,0.0005,4578.0087890625,0.0,1.0,0.0,0.0,93.90443147492678,93.90443147492678,67.55437306783176
3,102.94962809671807,0.0005,4557.4248046875,0.0,1.0,0.0,0.0,102.94962809671807,102.94962809671807,67.2506300599517
4,65.8460864063816,0.0005,4529.87939453125,0.0,1.0,0.0,0.0,65.8460864063816,65.8460864063816,66.84416231387671
5,64.03386522865796,0.0005,4182.66650390625,0.0,1.0,0.0,0.0,64.03386522865796,64.03386522865796,61.720592170612555
