,mz(Da),mz_std(Da),Int,Gauss_r2,N_signals,Confidence_interval(Da),Confidence_interval(ppm),mz_min(Da),mz_max(Da),RelativeIntensity(%)
0,111.04365756115689,0.0005,7793.2578125,0.0,1.0,0.0,0.0,111.04365756115689,111.04365756115689,100.0
1,87.37481309649716,0.0005,5749.84423828125,0.0,1.0,0.0,0.0,87.37481309649716,87.37481309649716,73.77972571443465
2,129.054819300699,0.0005,5141.34521484375,0.0,1.0,0.0,0.0,129.054819300699,129.054819300699,65.97170706449987
3,88.04895490178959,0.0005,4666.45458984375,0.0,1.0,0.0,0.0,88.04895490178959,88.04895490178959,59.87809850662181
4,101.05935661021003,0.0005,4409.1796875,0.0,1.0,0.0,0.0,101.05935661021003,101.05935661021003,56.576848778541546
