,mz(Da),mz_std(Da),Int,Gauss_r2,N_signals,Confidence_interval(Da),Confidence_interval(ppm),mz_min(Da),mz_max(Da),RelativeIntensity(%)
0,111.04413199752537,0.0005,6730.8623046875,0.0,1.0,0.0,0.0,111.04413199752537,111.04413199752537,100.0
1,178.4456976366774,0.0005,5122.39892578125,0.0,1.0,0.0,0.0,178.4456976366774,178.4456976366774,76.10316024759435
2,77.20635217366383,0.0005,4743.06689453125,0.0,1.0,0.0,0.0,77.20635217366383,77.20635217366383,70.46744800035634
3,74.3193287718935,0.0005,4590.38525390625,0.0,1.0,0.0,0.0,74.3193287718935,74.3193287718935,68.19906642139179
4,57.70517509736217,0.0005,4549.7470703125,0.0,1.0,0.0,0.0,57.70517509736217,57.70517509736217,67.59530747113888
5,75.94399781391857,0.0005,4394.220703125,0.0,1.0,0.0,0.0,75.94399781391857,75.94399781391857,65.28466196767658
6,61.33509579589399,0.0005,4238.94580078125,0.0,1.0,0.0,0.0,61.33509579589399,61.33509579589399,62.9777524616596
