,mz(Da),mz_std(Da),Int,Gauss_r2,N_signals,Confidence_interval(Da),Confidence_interval(ppm),mz_min(Da),mz_max(Da),RelativeIntensity(%)
0,111.04401244141482,0.0005,9744.353515625,0.0,1.0,0.0,0.0,111.04401244141482,111.04401244141482,100.0
1,67.56606215525338,0.0005,4703.87353515625,0.0,1.0,0.0,0.0,67.56606215525338,67.56606215525338,48.272812840930115
2,50.5363829671831,0.0005,4631.62255859375,0.0,1.0,0.0,0.0,50.5363829671831,50.5363829671831,47.531347781738184
3,81.41220290813311,0.0005,4499.50830078125,0.0,1.0,0.0,0.0,81.41220290813311,81.41220290813311,46.17554457118496
4,60.45964982847528,0.0005,4281.51123046875,0.0,1.0,0.0,0.0,60.45964982847528,60.45964982847528,43.938381582763576
5,53.41367859303158,0.0005,4047.539794921875,0.0,1.0,0.0,0.0,53.41367859303158,53.41367859303158,41.537284012035016
