,mz(Da),mz_std(Da),Int,Gauss_r2,N_signals,Confidence_interval(Da),Confidence_interval(ppm),mz_min(Da),mz_max(Da),RelativeIntensity(%)
0,111.04393967942309,0.0005,4549.43505859375,0.0,1.0,0.0,0.0,111.04393967942309,111.04393967942309,100.0
1,129.05496711939944,0.0005,2073.649658203125,0.0,1.0,0.0,0.0,129.05496711939944,129.05496711939944,45.58037715663314
2,101.0592977703242,0.0005,2035.7122802734375,0.0,1.0,0.0,0.0,101.0592977703242,101.0592977703242,44.74648509221022
3,91.05764905663213,0.0005,1824.564208984375,0.0,1.0,0.0,0.0,91.05764905663213,91.05764905663213,40.10529187657765
4,187.0960473047503,0.0005,1212.1614990234375,0.0,1.0,0.0,0.0,187.0960473047503,187.0960473047503,26.644220291345842
5,77.04169361665978,0.0005,1041.561767578125,0.0,1.0,0.0,0.0,77.04169361665978,77.04169361665978,22.894310044291
6,255.11341331781094,0.0005,832.1741333007812,0.0,1.0,0.0,0.0,255.11341331781094,255.11341331781094,18.291812556568505
