,mz(Da),mz_std(Da),Int,Gauss_r2,N_signals,Confidence_interval(Da),Confidence_interval(ppm),mz_min(Da),mz_max(Da),RelativeIntensity(%)
0,111.0440538339119,0.0005,6399.0615234375,0.0,1.0,0.0,0.0,111.0440538339119,111.0440538339119,100.0
1,131.32822287504965,0.0005,5524.23046875,0.0,1.0,0.0,0.0,131.32822287504965,131.32822287504965,86.32876006140427
2,53.9059066315243,0.0005,4996.35107421875,0.0,1.0,0.0,0.0,53.9059066315243,53.9059066315243,78.07943486586092
3,175.05288497458946,0.0005,4913.69482421875,0.0,1.0,0.0,0.0,175.05288497458946,175.05288497458946,76.78774154962603
4,192.64008335989428,0.0005,4609.89599609375,0.0,1.0,0.0,0.0,192.64008335989428,192.64008335989428,72.04018869344092
5,63.292832182494315,0.0005,4131.2490234375,0.0,1.0,0.0,0.0,63.292832182494315,63.292832182494315,64.56023290768803
6,252.3381041361064,0.0005,4032.14208984375,0.0,1.0,0.0,0.0,252.3381041361064,252.3381041361064,63.01145996292487
