,mz(Da),mz_std(Da),Int,Gauss_r2,N_signals,Confidence_interval(Da),Confidence_interval(ppm),mz_min(Da),mz_max(Da),RelativeIntensity(%)
0,111.0443633416481,0.0005,5545.2060546875,0.0,1.0,0.0,0.0,111.0443633416481,111.0443633416481,100.0
1,108.22878486809032,0.0005,4736.01171875,0.0,1.0,0.0,0.0,108.22878486809032,108.22878486809032,85.40731709593608
2,150.1504916522147,0.0005,4471.90673828125,0.0,1.0,0.0,0.0,150.1504916522147,150.1504916522147,80.6445548493376
3,53.64227939035486,0.0005,4323.18994140625,0.0,1.0,0.0,0.0,53.64227939035486,53.64227939035486,77.96265636967179
