,mz(Da),mz_std(Da),Int,Gauss_r2,N_signals,Confidence_interval(Da),Confidence_interval(ppm),mz_min(Da),mz_max(Da),RelativeIntensity(%)
0,111.0440839181254,0.0005,6528.9482421875,0.0,1.0,0.0,0.0,111.0440839181254,111.0440839181254,100.0
1,112.2356464694019,0.0005,4929.5732421875,0.0,1.0,0.0,0.0,112.2356464694019,112.2356464694019,75.50332855044758
2,204.2360755549116,0.0005,4717.33642578125,0.0,1.0,0.0,0.0,204.2360755549116,204.2360755549116,72.25262401836294
3,102.68026672301625,0.0005,4291.11669921875,0.0,1.0,0.0,0.0,102.68026672301625,102.68026672301625,65.72447107929634
