,mz(Da),mz_std(Da),Int,Gauss_r2,N_signals,Confidence_interval(Da),Confidence_interval(ppm),mz_min(Da),mz_max(Da),RelativeIntensity(%)
0,111.04454205442872,0.0005,8547.994140625,0.0,1.0,0.0,0.0,111.04454205442872,111.04454205442872,100.0
1,202.6831707180503,0.0005,5252.0107421875,0.0,1.0,0.0,0.0,202.6831707180503,202.6831707180503,61.44144059747204
2,101.05954216426989,0.0005,5012.3037109375,0.0,1.0,0.0,0.0,101.05954216426989,101.05954216426989,58.63719170227482
3,57.598616910222276,0.0005,4730.365234375,0.0,1.0,0.0,0.0,57.598616910222276,57.598616910222276,55.338891868135185
4,61.91472851452201,0.0005,4359.34521484375,0.0,1.0,0.0,0.0,61.91472851452201,61.91472851452201,50.99845815435958
5,251.39145896059904,0.0005,4335.91162109375,0.0,1.0,0.0,0.0,251.39145896059904,251.39145896059904,50.724316719954174
6,116.82092974361223,0.0005,4307.02978515625,0.0,1.0,0.0,0.0,116.82092974361223,116.82092974361223,50.386438201761976
7,137.9697573518101,0.0005,4248.4716796875,0.0,1.0,0.0,0.0,137.9697573518101,137.9697573518101,49.701387364040315
8,52.03309378508414,0.0005,4220.42578125,0.0,1.0,0.0,0.0,52.03309378508414,52.03309378508414,49.37328818689875
