,mz(Da),mz_std(Da),Int,Gauss_r2,N_signals,Confidence_interval(Da),Confidence_interval(ppm),mz_min(Da),mz_max(Da),RelativeIntensity(%)
0,111.04410651511526,0.0005,9407.6025390625,0.0,1.0,0.0,0.0,111.04410651511526,111.04410651511526,100.0
1,177.1729594227667,0.0005,4897.8564453125,0.0,1.0,0.0,0.0,177.1729594227667,177.1729594227667,52.0627484523872
2,109.74653232324104,0.0005,4757.49267578125,0.0,1.0,0.0,0.0,109.74653232324104,109.74653232324104,50.57072358262439
3,168.54292264476192,0.0005,4602.9677734375,0.0,1.0,0.0,0.0,168.54292264476192,168.54292264476192,48.928170108430216
4,102.11668882528099,0.0005,4466.08544921875,0.0,1.0,0.0,0.0,102.11668882528099,102.11668882528099,47.47315196060367
5,91.7511865657194,0.0005,4418.0849609375,0.0,1.0,0.0,0.0,91.7511865657194,91.7511865657194,46.96292113312195
6,98.78424125877086,0.0005,3995.213623046875,0.0,1.0,0.0,0.0,98.78424125877086,98.78424125877086,42.46792534503708
