,mz(Da),mz_std(Da),Int,Gauss_r2,N_signals,Confidence_interval(Da),Confidence_interval(ppm),mz_min(Da),mz_max(Da),RelativeIntensity(%)
0,111.04396845831955,0.0005,12287.9150390625,0.0,1.0,0.0,0.0,111.04396845831955,111.04396845831955,100.0
1,264.5732952112885,0.0005,5537.59521484375,0.0,1.0,0.0,0.0,264.5732952112885,264.5732952112885,45.0653768132355
2,157.9917035382669,0.0005,4860.77099609375,0.0,1.0,0.0,0.0,157.9917035382669,157.9917035382669,39.55732913713732
3,79.80837963615095,0.0005,4766.37109375,0.0,1.0,0.0,0.0,79.80837963615095,79.80837963615095,38.78909545352494
4,66.76726527089883,0.0005,4474.5888671875,0.0,1.0,0.0,0.0,66.76726527089883,66.76726527089883,36.41454919702054
5,69.81507756794966,0.0005,4387.93798828125,0.0,1.0,0.0,0.0,69.81507756794966,69.81507756794966,35.709377663600975
6,233.56681126665413,0.0005,4326.3330078125,0.0,1.0,0.0,0.0,233.56681126665413,233.56681126665413,35.208031582732815
7,93.56560977961901,0.0005,4079.173828125,0.0,1.0,0.0,0.0,93.56560977961901,93.56560977961901,33.19663112218441
