,mz(Da),mz_std(Da),Int,Gauss_r2,N_signals,Confidence_interval(Da),Confidence_interval(ppm),mz_min(Da),mz_max(Da),RelativeIntensity(%)
0,79.91601377845143,0.0005,4690.4013671875,0.0,1.0,0.0,0.0,79.91601377845143,79.91601377845143,100.0
1,55.4740873620205,0.0005,4664.91845703125,0.0,1.0,0.0,0.0,55.4740873620205,55.4740873620205,99.45670086286175
2,84.25851575566557,0.0005,4530.91943359375,0.0,1.0,0.0,0.0,84.25851575566557,84.25851575566557,96.59982331769233
