,mz(Da),mz_std(Da),Int,Gauss_r2,N_signals,Confidence_interval(Da),Confidence_interval(ppm),mz_min(Da),mz_max(Da),RelativeIntensity(%)
0,101.05960704124176,0.0005,6147.9609375,0.0,1.0,0.0,0.0,101.05960704124176,101.05960704124176,100.0
1,111.0443594061305,0.0005,5702.94287109375,0.0,1.0,0.0,0.0,111.0443594061305,111.0443594061305,92.76153393083834
2,261.7170106940564,0.0005,4975.82373046875,0.0,1.0,0.0,0.0,261.7170106940564,261.7170106940564,80.93453717505423
3,62.115608677231094,0.0005,4945.8818359375,0.0,1.0,0.0,0.0,62.115608677231094,62.115608677231094,80.4475156270054
4,253.62790693626994,0.0005,4850.5361328125,0.0,1.0,0.0,0.0,253.62790693626994,253.62790693626994,78.89666479866926
5,50.80755285847395,0.0005,4701.05078125,0.0,1.0,0.0,0.0,50.80755285847395,50.80755285847395,76.46520251252002
6,235.57593761698877,0.0005,4504.61474609375,0.0,1.0,0.0,0.0,235.57593761698877,235.57593761698877,73.27006127539745
7,64.42155308016214,0.0005,4277.86962890625,0.0,1.0,0.0,0.0,64.42155308016214,64.42155308016214,69.58192598155638
8,53.05180863582901,0.0005,4124.5126953125,0.0,1.0,0.0,0.0,53.05180863582901,53.05180863582901,67.08749026290475
