,mz(Da),mz_std(Da),Int,Gauss_r2,N_signals,Confidence_interval(Da),Confidence_interval(ppm),mz_min(Da),mz_max(Da),RelativeIntensity(%)
0,52.38069551749114,0.0005,5128.66455078125,0.0,1.0,0.0,0.0,52.38069551749114,52.38069551749114,100.0
1,81.6177776683322,0.0005,4735.12451171875,0.0,1.0,0.0,0.0,81.6177776683322,81.6177776683322,92.32665667317718
2,61.272814057599504,0.0005,4525.71923828125,0.0,1.0,0.0,0.0,61.272814057599504,61.272814057599504,88.24361962982833
3,99.88011553966965,0.0005,4254.7275390625,0.0,1.0,0.0,0.0,99.88011553966965,99.88011553966965,82.95975486278152
4,92.2037711346711,0.0005,3967.54443359375,0.0,1.0,0.0,0.0,92.2037711346711,92.2037711346711,77.36018595697341
