,mz(Da),mz_std(Da),Int,Gauss_r2,N_signals,Confidence_interval(Da),Confidence_interval(ppm),mz_min(Da),mz_max(Da),RelativeIntensity(%)
0,111.04364423351205,0.0005,9139.40625,0.0,1.0,0.0,0.0,111.04364423351205,111.04364423351205,100.0
1,111.44784682059864,0.0005,4739.52734375,0.0,1.0,0.0,0.0,111.44784682059864,111.44784682059864,51.85815373673754
2,65.63229786040736,0.0005,4727.52099609375,0.0,1.0,0.0,0.0,65.63229786040736,65.63229786040736,51.726784725142835
3,65.4173350910398,0.0005,4574.06396484375,0.0,1.0,0.0,0.0,65.4173350910398,65.4173350910398,50.04771469529271
4,74.97429609174519,0.0005,4477.7998046875,0.0,1.0,0.0,0.0,74.97429609174519,74.97429609174519,48.99442788953057
