,mz(Da),mz_std(Da),Int,Gauss_r2,N_signals,Confidence_interval(Da),Confidence_interval(ppm),mz_min(Da),mz_max(Da),RelativeIntensity(%)
0,246.24234549560782,0.0005,224482.859375,0.0,1.0,0.0,0.0,246.24234549560782,246.24234549560782,100.0
1,247.24736249432894,0.0005,21216.166015625,0.0,1.0,0.0,0.0,247.24736249432894,247.24736249432894,9.451129620628747
2,88.0754397780463,0.0005,12520.76953125,0.0,1.0,0.0,0.0,88.0754397780463,88.0754397780463,5.5776060435571955
3,228.23215768180057,0.0005,7868.009765625,0.0,1.0,0.0,0.0,228.23215768180057,228.23215768180057,3.504949013715761
4,106.08654123663952,0.0005,7749.7607421875,0.0,1.0,0.0,0.0,106.08654123663952,106.08654123663952,3.452272821080507
5,58.89822811655567,0.0005,4541.60205078125,0.0,1.0,0.0,0.0,58.89822811655567,58.89822811655567,2.023139790461452
6,60.10062962631021,0.0005,4096.54345703125,0.0,1.0,0.0,0.0,60.10062962631021,60.10062962631021,1.8248802908323387
