,mz(Da),mz_std(Da),Int,Gauss_r2,N_signals,Confidence_interval(Da),Confidence_interval(ppm),mz_min(Da),mz_max(Da),RelativeIntensity(%)
0,66.85983338033643,0.0005,4614.369140625,0.0,1.0,0.0,0.0,66.85983338033643,66.85983338033643,100.0
1,137.57797149850342,0.0005,4395.8154296875,0.0,1.0,0.0,0.0,137.57797149850342,137.57797149850342,95.2636275018973
2,66.59653537243628,0.0005,3954.311767578125,0.0,1.0,0.0,0.0,66.59653537243628,66.59653537243628,85.69560967206293
