,mz(Da),mz_std(Da),Int,Gauss_r2,N_signals,Confidence_interval(Da),Confidence_interval(ppm),mz_min(Da),mz_max(Da),RelativeIntensity(%)
0,249.11012276326733,0.0005,20062.072265625,0.0,1.0,0.0,0.0,249.11012276326733,249.11012276326733,100.0
1,249.1846442081797,0.0005,3923.299560546875,0.0,1.0,0.0,0.0,249.1846442081797,249.1846442081797,19.555804149251234
2,192.27182112421494,0.0005,2570.8505859375,0.0,1.0,0.0,0.0,192.27182112421494,192.27182112421494,12.814481733985566
3,250.17880117739202,0.0005,2358.576171875,0.0,1.0,0.0,0.0,250.17880117739202,250.17880117739202,11.756393560182017
4,85.62361697846455,0.0005,2321.902099609375,0.0,1.0,0.0,0.0,85.62361697846455,85.62361697846455,11.573590548708156
5,133.8365163718994,0.0005,2150.6796875,0.0,1.0,0.0,0.0,133.8365163718994,133.8365163718994,10.720127308010168
6,122.23425509848038,0.0005,2146.590087890625,0.0,1.0,0.0,0.0,122.23425509848038,122.23425509848038,10.699742576287404
7,55.7104907111802,0.0005,2035.1796875,0.0,1.0,0.0,0.0,55.7104907111802,55.7104907111802,10.144414099171312
8,52.12729730501576,0.0005,1965.364501953125,0.0,1.0,0.0,0.0,52.12729730501576,52.12729730501576,9.796418216081515
