,mz(Da),mz_std(Da),Int,Gauss_r2,N_signals,Confidence_interval(Da),Confidence_interval(ppm),mz_min(Da),mz_max(Da),RelativeIntensity(%)
0,249.11051497319397,0.0005,8649.1865234375,0.0,1.0,0.0,0.0,249.11051497319397,249.11051497319397,100.0
1,244.14121040183204,0.0005,5256.35400390625,0.0,1.0,0.0,0.0,244.14121040183204,244.14121040183204,60.77281360117072
