,mz(Da),mz_std(Da),Int,Gauss_r2,N_signals,Confidence_interval(Da),Confidence_interval(ppm),mz_min(Da),mz_max(Da),RelativeIntensity(%)
0,249.15651586263826,0.0005,6252.19921875,0.0,1.0,0.0,0.0,249.15651586263826,249.15651586263826,100.0
1,249.1061955091019,0.0005,2519.723876953125,0.0,1.0,0.0,0.0,249.1061955091019,249.1061955091019,40.30140097578165
2,231.17519115120723,0.0005,2372.802490234375,0.0,1.0,0.0,0.0,231.17519115120723,231.17519115120723,37.95148566473172
3,249.18646759069225,0.0005,2048.469482421875,0.0,1.0,0.0,0.0,249.18646759069225,249.18646759069225,32.76398289226978
4,202.08638535346293,0.0005,1634.80908203125,0.0,1.0,0.0,0.0,202.08638535346293,202.08638535346293,26.147744574877713
5,250.17877531900257,0.0005,1127.7191162109375,0.0,1.0,0.0,0.0,250.17877531900257,250.17877531900257,18.0371590340399
6,270.21068238781885,0.0005,917.8180541992188,0.0,1.0,0.0,0.0,270.21068238781885,270.21068238781885,14.679923369151979
7,71.07166478224659,0.0005,816.0426025390625,0.0,1.0,0.0,0.0,71.07166478224659,71.07166478224659,13.052088936830353
