,mz(Da),mz_std(Da),Int,Gauss_r2,N_signals,Confidence_interval(Da),Confidence_interval(ppm),mz_min(Da),mz_max(Da),RelativeIntensity(%)
0,249.15669999893805,0.0005,47777.4140625,0.0,1.0,0.0,0.0,249.15669999893805,249.15669999893805,100.0
1,115.95365708825415,0.0005,4698.30029296875,0.0,1.0,0.0,0.0,115.95365708825415,115.95365708825415,9.833726636654447
2,150.4664647800688,0.0005,4610.00146484375,0.0,1.0,0.0,0.0,150.4664647800688,150.4664647800688,9.648913729012582
3,96.22964698518574,0.0005,4538.10791015625,0.0,1.0,0.0,0.0,96.22964698518574,96.22964698518574,9.49843770158788
4,60.108473123281044,0.0005,4273.26220703125,0.0,1.0,0.0,0.0,60.108473123281044,60.108473123281044,8.944105265808618
5,93.645059718068,0.0005,4148.69873046875,0.0,1.0,0.0,0.0,93.645059718068,93.645059718068,8.683389027798013
