,mz(Da),mz_std(Da),Int,Gauss_r2,N_signals,Confidence_interval(Da),Confidence_interval(ppm),mz_min(Da),mz_max(Da),RelativeIntensity(%)
0,249.1574841487743,0.0005,204992.625,0.0,1.0,0.0,0.0,249.1574841487743,249.1574841487743,100.0
1,250.1607376410214,0.0005,14802.4169921875,0.0,1.0,0.0,0.0,250.1607376410214,250.1607376410214,7.220950993816241
2,112.20714842567058,0.0005,5108.67919921875,0.0,1.0,0.0,0.0,112.20714842567058,112.20714842567058,2.4921282896000525
3,110.02348659533338,0.0005,4757.78125,0.0,1.0,0.0,0.0,110.02348659533338,110.02348659533338,2.3209524001168336
4,80.90259621573284,0.0005,4538.09375,0.0,1.0,0.0,0.0,80.90259621573284,80.90259621573284,2.213783910518732
5,127.72879459114327,0.0005,4523.43505859375,0.0,1.0,0.0,0.0,127.72879459114327,127.72879459114327,2.206633072089179
6,269.2008193002412,0.0005,4397.8486328125,0.0,1.0,0.0,0.0,269.2008193002412,269.2008193002412,2.1453691969711106
7,54.819480165439664,0.0005,4030.192626953125,0.0,1.0,0.0,0.0,54.819480165439664,54.819480165439664,1.9660183516129544
8,52.79526363907862,0.0005,3975.86865234375,0.0,1.0,0.0,0.0,52.79526363907862,52.79526363907862,1.939517898433541
