,mz(Da),mz_std(Da),Int,Gauss_r2,N_signals,Confidence_interval(Da),Confidence_interval(ppm),mz_min(Da),mz_max(Da),RelativeIntensity(%)
0,249.15723798589983,0.0005,132742.921875,0.0,1.0,0.0,0.0,249.15723798589983,249.15723798589983,100.0
1,250.1603671437042,0.0005,7902.265625,0.0,1.0,0.0,0.0,250.1603671437042,250.1603671437042,5.953059879487454
2,84.04393038179961,0.0005,1225.9168701171875,0.0,1.0,0.0,0.0,84.04393038179961,84.04393038179961,0.9235271099965664
3,250.1273694592893,0.0005,1169.719970703125,0.0,1.0,0.0,0.0,250.1273694592893,250.1273694592893,0.8811919718059354
4,136.345703563626,0.0005,1081.784912109375,0.0,1.0,0.0,0.0,136.345703563626,136.345703563626,0.8149473409422607
5,193.12224150159173,0.0005,968.0802001953125,0.0,1.0,0.0,0.0,193.12224150159173,193.12224150159173,0.7292895067557157
6,50.81708228780816,0.0005,903.6346435546875,0.0,1.0,0.0,0.0,50.81708228780816,50.81708228780816,0.6807403594789129
7,203.49904991879617,0.0005,861.158447265625,0.0,1.0,0.0,0.0,203.49904991879617,203.49904991879617,0.6487415186450031
8,189.90442822970158,0.0005,809.7403564453125,0.0,1.0,0.0,0.0,189.90442822970158,189.90442822970158,0.6100064282205725
