,mz(Da),mz_std(Da),Int,Gauss_r2,N_signals,Confidence_interval(Da),Confidence_interval(ppm),mz_min(Da),mz_max(Da),RelativeIntensity(%)
0,246.24325758149723,0.0005,14650.6005859375,0.0,1.0,0.0,0.0,246.24325758149723,246.24325758149723,100.0
1,245.13336885384507,0.0005,13486.8505859375,0.0,1.0,0.0,0.0,245.13336885384507,245.13336885384507,92.05663963621372
2,245.0764986060761,0.0005,13332.4521484375,0.0,1.0,0.0,0.0,245.0764986060761,245.0764986060761,91.00276859117137
3,131.74031270051555,0.0005,4490.06201171875,0.0,1.0,0.0,0.0,131.74031270051555,131.74031270051555,30.647631033150773
4,50.11595076679593,0.0005,4396.15625,0.0,1.0,0.0,0.0,50.11595076679593,50.11595076679593,30.006662349526387
5,80.59364254757061,0.0005,4047.225830078125,0.0,1.0,0.0,0.0,80.59364254757061,80.59364254757061,27.62498237760224
