,mz(Da),mz_std(Da),Int,Gauss_r2,N_signals,Confidence_interval(Da),Confidence_interval(ppm),mz_min(Da),mz_max(Da),RelativeIntensity(%)
0,57.34718034046672,0.0005,5088.3515625,0.0,1.0,0.0,0.0,57.34718034046672,57.34718034046672,100.0
1,66.87903529994384,0.0005,4952.82373046875,0.0,1.0,0.0,0.0,66.87903529994384,66.87903529994384,97.33650809370053
2,119.35388146727463,0.0005,4733.35205078125,0.0,1.0,0.0,0.0,119.35388146727463,119.35388146727463,93.02329040440098
3,96.42605132569133,0.0005,4509.75146484375,0.0,1.0,0.0,0.0,96.42605132569133,96.42605132569133,88.62892843489035
4,112.6100329639125,0.0005,4252.5615234375,0.0,1.0,0.0,0.0,112.6100329639125,112.6100329639125,83.5744439275367
5,73.6795394089415,0.0005,4177.751953125,0.0,1.0,0.0,0.0,73.6795394089415,73.6795394089415,82.10423163199034
6,68.20249005145858,0.0005,4041.34619140625,0.0,1.0,0.0,0.0,68.20249005145858,68.20249005145858,79.42348601048043
