,mz(Da),mz_std(Da),Int,Gauss_r2,N_signals,Confidence_interval(Da),Confidence_interval(ppm),mz_min(Da),mz_max(Da),RelativeIntensity(%)
0,139.82783061302982,0.0005,4464.2900390625,0.0,1.0,0.0,0.0,139.82783061302982,139.82783061302982,100.0
1,64.81320548972053,0.0005,4315.89306640625,0.0,1.0,0.0,0.0,64.81320548972053,64.81320548972053,96.6759110327112
2,106.54055431790462,0.0005,4249.0048828125,0.0,1.0,0.0,0.0,106.54055431790462,106.54055431790462,95.17761717168337
3,62.843094487784654,0.0005,4171.92431640625,0.0,1.0,0.0,0.0,62.843094487784654,62.843094487784654,93.45101415683004
