,mz(Da),mz_std(Da),Int,Gauss_r2,N_signals,Confidence_interval(Da),Confidence_interval(ppm),mz_min(Da),mz_max(Da),RelativeIntensity(%)
0,60.780095007082124,0.0005,5552.6953125,0.0,1.0,0.0,0.0,60.780095007082124,60.780095007082124,100.0
1,126.13850479297884,0.0005,5271.18408203125,0.0,1.0,0.0,0.0,126.13850479297884,126.13850479297884,94.93018769038122
2,102.55435816709529,0.0005,5027.74755859375,0.0,1.0,0.0,0.0,102.55435816709529,102.55435816709529,90.54607313452784
3,162.18106326189996,0.0005,4943.9072265625,0.0,1.0,0.0,0.0,162.18106326189996,162.18106326189996,89.03616979366721
4,118.8798475638335,0.0005,4503.8359375,0.0,1.0,0.0,0.0,118.8798475638335,118.8798475638335,81.11080626666384
5,56.582925912607124,0.0005,4345.63232421875,0.0,1.0,0.0,0.0,56.582925912607124,56.582925912607124,78.26167436985135
6,55.08274613141732,0.0005,4340.044921875,0.0,1.0,0.0,0.0,55.08274613141732,55.08274613141732,78.16104932148662
