,mz(Da),mz_std(Da),Int,Gauss_r2,N_signals,Confidence_interval(Da),Confidence_interval(ppm),mz_min(Da),mz_max(Da),RelativeIntensity(%)
0,52.77237937767427,0.0005,4929.8232421875,0.0,1.0,0.0,0.0,52.77237937767427,52.77237937767427,100.0
1,86.41490789084288,0.0005,4415.615234375,0.0,1.0,0.0,0.0,86.41490789084288,86.41490789084288,89.56944331366469
2,61.61716057315135,0.0005,4205.8681640625,0.0,1.0,0.0,0.0,61.61716057315135,61.61716057315135,85.31478630045648
3,67.70534182665062,0.0005,4116.73388671875,0.0,1.0,0.0,0.0,67.70534182665062,67.70534182665062,83.50672396302875
4,74.78609653008513,0.0005,4072.8828125,0.0,1.0,0.0,0.0,74.78609653008513,74.78609653008513,82.61721794903033
