,mz(Da),mz_std(Da),Int,Gauss_r2,N_signals,Confidence_interval(Da),Confidence_interval(ppm),mz_min(Da),mz_max(Da),RelativeIntensity(%)
0,96.47463743417055,0.0005,4563.0849609375,0.0,1.0,0.0,0.0,96.47463743417055,96.47463743417055,100.0
1,70.36184358666597,0.0005,4282.89404296875,0.0,1.0,0.0,0.0,70.36184358666597,70.36184358666597,93.85961645756463
2,72.95059424405297,0.0005,4275.37158203125,0.0,1.0,0.0,0.0,72.95059424405297,72.95059424405297,93.69476173752552
3,63.488055299096374,0.0005,3915.7080078125,0.0,1.0,0.0,0.0,63.488055299096374,63.488055299096374,85.81273505387472
