,mz(Da),mz_std(Da),Int,Gauss_r2,N_signals,Confidence_interval(Da),Confidence_interval(ppm),mz_min(Da),mz_max(Da),RelativeIntensity(%)
0,118.29613217645644,0.0005,4748.13916015625,0.0,1.0,0.0,0.0,118.29613217645644,118.29613217645644,100.0
1,125.16826670980693,0.0005,4487.41650390625,0.0,1.0,0.0,0.0,125.16826670980693,125.16826670980693,94.50895082355967
2,109.88669276028224,0.0005,4126.578125,0.0,1.0,0.0,0.0,109.88669276028224,109.88669276028224,86.90937619579381
