,mz(Da),mz_std(Da),Int,Gauss_r2,N_signals,Confidence_interval(Da),Confidence_interval(ppm),mz_min(Da),mz_max(Da),RelativeIntensity(%)
0,208.5614622256391,0.0005,5450.728515625,0.0,1.0,0.0,0.0,208.5614622256391,208.5614622256391,100.0
1,59.584523417893124,0.0005,4621.85791015625,0.0,1.0,0.0,0.0,59.584523417893124,59.584523417893124,84.79339774320592
2,55.324626643421276,0.0005,4465.0693359375,0.0,1.0,0.0,0.0,55.324626643421276,55.324626643421276,81.91692767559383
