,mz(Da),mz_std(Da),Int,Gauss_r2,N_signals,Confidence_interval(Da),Confidence_interval(ppm),mz_min(Da),mz_max(Da),RelativeIntensity(%)
0,214.8008465847077,0.0005,5276.60205078125,0.0,1.0,0.0,0.0,214.8008465847077,214.8008465847077,100.0
1,85.53193487158529,0.0005,4953.09912109375,0.0,1.0,0.0,0.0,85.53193487158529,85.53193487158529,93.86910503058303
2,65.48246141931102,0.0005,4443.28466796875,0.0,1.0,0.0,0.0,65.48246141931102,65.48246141931102,84.20731040937378
