,mz(Da),mz_std(Da),Int,Gauss_r2,N_signals,Confidence_interval(Da),Confidence_interval(ppm),mz_min(Da),mz_max(Da),RelativeIntensity(%)
0,213.6538357396611,0.0005,5196.6865234375,0.0,1.0,0.0,0.0,213.6538357396611,213.6538357396611,100.0
1,60.43908915527567,0.0005,4567.2998046875,0.0,1.0,0.0,0.0,60.43908915527567,60.43908915527567,87.88869184409312
2,125.54594193376565,0.0005,4523.34375,0.0,1.0,0.0,0.0,125.54594193376565,125.54594193376565,87.04284411998556
3,77.52775421634425,0.0005,4516.4658203125,0.0,1.0,0.0,0.0,77.52775421634425,77.52775421634425,86.91049190561819
