,mz(Da),mz_std(Da),Int,Gauss_r2,N_signals,Confidence_interval(Da),Confidence_interval(ppm),mz_min(Da),mz_max(Da),RelativeIntensity(%)
0,110.21775640462067,0.0005,4909.9248046875,0.0,1.0,0.0,0.0,110.21775640462067,110.21775640462067,100.0
1,112.14371443541862,0.0005,4502.06201171875,0.0,1.0,0.0,0.0,112.14371443541862,112.14371443541862,91.69309492114087
