,mz(Da),mz_std(Da),Int,Gauss_r2,N_signals,Confidence_interval(Da),Confidence_interval(ppm),mz_min(Da),mz_max(Da),RelativeIntensity(%)
0,97.97272744703619,0.0005,5095.76513671875,0.0,1.0,0.0,0.0,97.97272744703619,97.97272744703619,100.0
1,90.6909092606081,0.0005,5021.75,0.0,1.0,0.0,0.0,90.6909092606081,90.6909092606081,98.54751671764822
2,107.80056745329112,0.0005,4691.82177734375,0.0,1.0,0.0,0.0,107.80056745329112,107.80056745329112,92.07295963339656
3,69.71728540188502,0.0005,4618.8388671875,0.0,1.0,0.0,0.0,69.71728540188502,69.71728540188502,90.6407329079073
4,88.09529490168343,0.0005,4520.52099609375,0.0,1.0,0.0,0.0,88.09529490168343,88.09529490168343,88.71132940409791
5,62.64490232505284,0.0005,4397.212890625,0.0,1.0,0.0,0.0,62.64490232505284,62.64490232505284,86.29151408372091
6,115.98260968470106,0.0005,4308.84912109375,0.0,1.0,0.0,0.0,115.98260968470106,115.98260968470106,84.55745124604177
7,70.46404890704665,0.0005,3783.66015625,0.0,1.0,0.0,0.0,70.46404890704665,70.46404890704665,74.25107034439117
