,mz(Da),mz_std(Da),Int,Gauss_r2,N_signals,Confidence_interval(Da),Confidence_interval(ppm),mz_min(Da),mz_max(Da),RelativeIntensity(%)
0,90.27619306677141,0.0005,893.5510864257812,0.0,1.0,0.0,0.0,90.27619306677141,90.27619306677141,100.0
1,251.95925365409533,0.0005,856.0477905273438,0.0,1.0,0.0,0.0,251.95925365409533,251.95925365409533,95.8028929214947
2,50.78857138249552,0.0005,854.2930297851562,0.0,1.0,0.0,0.0,50.78857138249552,50.78857138249552,95.6065123486495
3,165.91555869549597,0.0005,843.2479248046875,0.0,1.0,0.0,0.0,165.91555869549597,165.91555869549597,94.37042130156127
4,80.5190563832219,0.0005,813.7785034179688,0.0,1.0,0.0,0.0,80.5190563832219,80.5190563832219,91.07240937651319
5,62.592651371780434,0.0005,763.6173706054688,0.0,1.0,0.0,0.0,62.592651371780434,62.592651371780434,85.45872555087483
