,mz(Da),mz_std(Da),Int,Gauss_r2,N_signals,Confidence_interval(Da),Confidence_interval(ppm),mz_min(Da),mz_max(Da),RelativeIntensity(%)
0,98.80838406841747,0.0005,4828.29248046875,0.0,1.0,0.0,0.0,98.80838406841747,98.80838406841747,100.0
1,73.19429181561796,0.0005,4408.9423828125,0.0,1.0,0.0,0.0,73.19429181561796,73.19429181561796,91.31473291328992
2,52.45659150687162,0.0005,4242.67138671875,0.0,1.0,0.0,0.0,52.45659150687162,52.45659150687162,87.87105180311808
3,66.89122295774405,0.0005,3953.959228515625,0.0,1.0,0.0,0.0,66.89122295774405,66.89122295774405,81.89146048028472
