,mz(Da),mz_std(Da),Int,Gauss_r2,N_signals,Confidence_interval(Da),Confidence_interval(ppm),mz_min(Da),mz_max(Da),RelativeIntensity(%)
0,142.2844423980115,0.0005,955.1993408203125,0.0,1.0,0.0,0.0,142.2844423980115,142.2844423980115,100.0
1,154.64494777643958,0.0005,954.130126953125,0.0,1.0,0.0,0.0,154.64494777643958,154.64494777643958,99.88806379762896
2,71.03725914033305,0.0005,889.5869750976562,0.0,1.0,0.0,0.0,71.03725914033305,71.03725914033305,93.13102899900358
3,73.04647776737795,0.0005,819.161376953125,0.0,1.0,0.0,0.0,73.04647776737795,73.04647776737795,85.75815978365732
4,75.02665100391168,0.0005,804.7906494140625,0.0,1.0,0.0,0.0,75.02665100391168,75.02665100391168,84.25368559435134
5,64.80141698910046,0.0005,790.2412109375,0.0,1.0,0.0,0.0,64.80141698910046,64.80141698910046,82.7305021231329
6,118.64961150861049,0.0005,776.384765625,0.0,1.0,0.0,0.0,118.64961150861049,118.64961150861049,81.27986823758181
