,mz(Da),mz_std(Da),Int,Gauss_r2,N_signals,Confidence_interval(Da),Confidence_interval(ppm),mz_min(Da),mz_max(Da),RelativeIntensity(%)
0,245.12560491364331,0.0005,56350.54296875,0.0,1.0,0.0,0.0,245.12560491364331,245.12560491364331,100.0
1,61.98651973833236,0.0005,5256.9609375,0.0,1.0,0.0,0.0,61.98651973833236,61.98651973833236,9.32903333409817
2,130.15138294013656,0.0005,4664.14404296875,0.0,1.0,0.0,0.0,130.15138294013656,130.15138294013656,8.277017038780473
3,129.10658492921254,0.0005,4308.603515625,0.0,1.0,0.0,0.0,129.10658492921254,129.10658492921254,7.646072759253443
4,209.82761813237786,0.0005,4157.16748046875,0.0,1.0,0.0,0.0,209.82761813237786,209.82761813237786,7.377333493972128
