,mz(Da),mz_std(Da),Int,Gauss_r2,N_signals,Confidence_interval(Da),Confidence_interval(ppm),mz_min(Da),mz_max(Da),RelativeIntensity(%)
0,54.91408706284305,0.0005,5020.16552734375,0.0,1.0,0.0,0.0,54.91408706284305,54.91408706284305,100.0
1,142.62935862174237,0.0005,4693.5595703125,0.0,1.0,0.0,0.0,142.62935862174237,142.62935862174237,93.49411976054776
2,138.63407710637142,0.0005,4521.81640625,0.0,1.0,0.0,0.0,138.63407710637142,138.63407710637142,90.07305399833231
3,158.51987893979066,0.0005,4416.52294921875,0.0,1.0,0.0,0.0,158.51987893979066,158.51987893979066,87.97564393370916
4,58.50409867777981,0.0005,4239.13232421875,0.0,1.0,0.0,0.0,58.50409867777981,58.50409867777981,84.44208265901031
5,111.01262212731086,0.0005,4105.4130859375,0.0,1.0,0.0,0.0,111.01262212731086,111.01262212731086,81.77844064256861
