,mz(Da),mz_std(Da),Int,Gauss_r2,N_signals,Confidence_interval(Da),Confidence_interval(ppm),mz_min(Da),mz_max(Da),RelativeIntensity(%)
0,126.69561990915486,0.0005,5208.4287109375,0.0,1.0,0.0,0.0,126.69561990915486,126.69561990915486,100.0
1,70.42997406424587,0.0005,5153.69482421875,0.0,1.0,0.0,0.0,70.42997406424587,70.42997406424587,98.94912861908216
2,100.5463919905834,0.0005,4730.6201171875,0.0,1.0,0.0,0.0,100.5463919905834,100.5463919905834,90.82624299442517
3,182.35126439041835,0.0005,4319.6171875,0.0,1.0,0.0,0.0,182.35126439041835,182.35126439041835,82.93513125040897
4,88.95927608993496,0.0005,4257.9384765625,0.0,1.0,0.0,0.0,88.95927608993496,88.95927608993496,81.75092168624663
5,60.00459094599552,0.0005,4227.55615234375,0.0,1.0,0.0,0.0,60.00459094599552,60.00459094599552,81.1675917434762
