,mz(Da),mz_std(Da),Int,Gauss_r2,N_signals,Confidence_interval(Da),Confidence_interval(ppm),mz_min(Da),mz_max(Da),RelativeIntensity(%)
0,247.0437218256062,0.0005,5134.15625,0.0,1.0,0.0,0.0,247.0437218256062,247.0437218256062,100.0
1,165.9719161500118,0.0005,4962.2783203125,0.0,1.0,0.0,0.0,165.9719161500118,165.9719161500118,96.65226531258179
2,231.49267132914406,0.0005,4623.15478515625,0.0,1.0,0.0,0.0,231.49267132914406,231.49267132914406,90.04702155600056
3,164.51550038190993,0.0005,4622.64794921875,0.0,1.0,0.0,0.0,164.51550038190993,164.51550038190993,90.03714971118673
4,55.987688970141214,0.0005,4386.3525390625,0.0,1.0,0.0,0.0,55.987688970141214,55.987688970141214,85.43473017718345
5,60.911100902746966,0.0005,4310.55810546875,0.0,1.0,0.0,0.0,60.911100902746966,60.911100902746966,83.95845189691588
6,62.01392797927514,0.0005,4163.673828125,0.0,1.0,0.0,0.0,62.01392797927514,62.01392797927514,81.09752850090996
