,mz(Da),mz_std(Da),Int,Gauss_r2,N_signals,Confidence_interval(Da),Confidence_interval(ppm),mz_min(Da),mz_max(Da),RelativeIntensity(%)
0,52.03032299626143,0.0005,4630.27587890625,0.0,1.0,0.0,0.0,52.03032299626143,52.03032299626143,100.0
1,143.1624722775133,0.0005,4285.67822265625,0.0,1.0,0.0,0.0,143.1624722775133,143.1624722775133,92.55772949037758
2,147.88578337188176,0.0005,4252.59814453125,0.0,1.0,0.0,0.0,147.88578337188176,147.88578337188176,91.84329953004412
3,141.95413722006222,0.0005,4015.317626953125,0.0,1.0,0.0,0.0,141.95413722006222,141.95413722006222,86.71875568463129
