,mz(Da),mz_std(Da),Int,Gauss_r2,N_signals,Confidence_interval(Da),Confidence_interval(ppm),mz_min(Da),mz_max(Da),RelativeIntensity(%)
0,98.88256245883153,0.0005,4813.47607421875,0.0,1.0,0.0,0.0,98.88256245883153,98.88256245883153,100.0
1,136.99022286068765,0.0005,4442.53369140625,0.0,1.0,0.0,0.0,136.99022286068765,136.99022286068765,92.29366933390844
2,52.33729779300357,0.0005,4219.310546875,0.0,1.0,0.0,0.0,52.33729779300357,52.33729779300357,87.65620690365256
