,mz(Da),mz_std(Da),Int,Gauss_r2,N_signals,Confidence_interval(Da),Confidence_interval(ppm),mz_min(Da),mz_max(Da),RelativeIntensity(%)
0,187.0079968898117,0.0005,1120.234375,0.0,1.0,0.0,0.0,187.0079968898117,187.0079968898117,100.0
1,264.3819839314058,0.0005,968.5299682617188,0.0,1.0,0.0,0.0,264.3819839314058,264.3819839314058,86.45779757130902
2,191.4341644650359,0.0005,918.6152954101562,0.0,1.0,0.0,0.0,191.4341644650359,191.4341644650359,82.00206277460073
3,134.72564850802797,0.0005,901.4039306640625,0.0,1.0,0.0,0.0,134.72564850802797,134.72564850802797,80.46565529325616
4,258.06992503564163,0.0005,895.6159057617188,0.0,1.0,0.0,0.0,258.06992503564163,258.06992503564163,79.94897547771811
5,73.82235544047968,0.0005,889.2603759765625,0.0,1.0,0.0,0.0,73.82235544047968,73.82235544047968,79.3816361845317
6,197.99752189116327,0.0005,878.800537109375,0.0,1.0,0.0,0.0,197.99752189116327,197.99752189116327,78.44791739312365
7,52.743223242182594,0.0005,844.8547973632812,0.0,1.0,0.0,0.0,52.743223242182594,52.743223242182594,75.41768189029918
8,159.9747731975362,0.0005,808.5364990234375,0.0,1.0,0.0,0.0,159.9747731975362,159.9747731975362,72.17565511890648
