,mz(Da),mz_std(Da),Int,Gauss_r2,N_signals,Confidence_interval(Da),Confidence_interval(ppm),mz_min(Da),mz_max(Da),RelativeIntensity(%)
0,129.62590261020404,0.0005,4889.62353515625,0.0,1.0,0.0,0.0,129.62590261020404,129.62590261020404,100.0
1,131.28222522151643,0.0005,4663.0654296875,0.0,1.0,0.0,0.0,131.28222522151643,131.28222522151643,95.36655319494837
2,81.88775230573575,0.0005,4287.60009765625,0.0,1.0,0.0,0.0,81.88775230573575,81.88775230573575,87.68773437931429
