,mz(Da),mz_std(Da),Int,Gauss_r2,N_signals,Confidence_interval(Da),Confidence_interval(ppm),mz_min(Da),mz_max(Da),RelativeIntensity(%)
0,75.0258830136226,0.0005,1055.822509765625,0.0,1.0,0.0,0.0,75.0258830136226,75.0258830136226,100.0
1,91.05778428196334,0.0005,1015.6682739257812,0.0,1.0,0.0,0.0,91.05778428196334,91.05778428196334,96.19687632452946
2,52.14324484658494,0.0005,951.9368286132812,0.0,1.0,0.0,0.0,52.14324484658494,52.14324484658494,90.16068702916698
3,257.46422940248686,0.0005,874.2553100585938,0.0,1.0,0.0,0.0,257.46422940248686,257.46422940248686,82.80324599753645
4,107.6329517003957,0.0005,862.2303466796875,0.0,1.0,0.0,0.0,107.6329517003957,107.6329517003957,81.66432697775011
5,151.26544954647832,0.0005,830.1220092773438,0.0,1.0,0.0,0.0,151.26544954647832,151.26544954647832,78.62325358659166
6,69.16394893744632,0.0005,799.3074340820312,0.0,1.0,0.0,0.0,69.16394893744632,69.16394893744632,75.70471615153045
7,50.0156011646845,0.0005,782.5829467773438,0.0,1.0,0.0,0.0,50.0156011646845,50.0156011646845,74.12069164457046
