,mz(Da),mz_std(Da),Int,Gauss_r2,N_signals,Confidence_interval(Da),Confidence_interval(ppm),mz_min(Da),mz_max(Da),RelativeIntensity(%)
0,156.7491013429954,0.0005,882.3925170898438,0.0,1.0,0.0,0.0,156.7491013429954,156.7491013429954,100.0
1,105.80489111071398,0.0005,866.5845336914062,0.0,1.0,0.0,0.0,105.80489111071398,105.80489111071398,98.20850890139315
2,194.74352119681726,0.0005,849.02734375,0.0,1.0,0.0,0.0,194.74352119681726,194.74352119681726,96.21878328593685
3,88.42060157685822,0.0005,846.9212036132812,0.0,1.0,0.0,0.0,88.42060157685822,88.42060157685822,95.98009810945044
4,159.57241207375085,0.0005,835.6456909179688,0.0,1.0,0.0,0.0,159.57241207375085,159.57241207375085,94.70226398496132
5,80.57618610718995,0.0005,831.3578491210938,0.0,1.0,0.0,0.0,80.57618610718995,80.57618610718995,94.21633037675072
