,mz(Da),mz_std(Da),Int,Gauss_r2,N_signals,Confidence_interval(Da),Confidence_interval(ppm),mz_min(Da),mz_max(Da),RelativeIntensity(%)
0,91.0577744044904,0.0005,1020.7150268554688,0.0,1.0,0.0,0.0,91.0577744044904,91.0577744044904,100.0
1,197.99452973427157,0.0005,945.9163208007812,0.0,1.0,0.0,0.0,197.99452973427157,197.99452973427157,92.67193054998701
2,148.94886462178613,0.0005,909.8386840820312,0.0,1.0,0.0,0.0,148.94886462178613,148.94886462178613,89.13738508239504
3,62.050404130722114,0.0005,906.705810546875,0.0,1.0,0.0,0.0,62.050404130722114,62.050404130722114,88.83045577766954
4,109.81746232201829,0.0005,835.8819580078125,0.0,1.0,0.0,0.0,109.81746232201829,109.81746232201829,81.89180486378514
5,157.76783660299628,0.0005,820.6098022460938,0.0,1.0,0.0,0.0,157.76783660299628,157.76783660299628,80.39558355226316
6,144.38972859421892,0.0005,804.6295166015625,0.0,1.0,0.0,0.0,144.38972859421892,144.38972859421892,78.82998637537413
