,mz(Da),mz_std(Da),Int,Gauss_r2,N_signals,Confidence_interval(Da),Confidence_interval(ppm),mz_min(Da),mz_max(Da),RelativeIntensity(%)
0,90.46731512928832,0.0005,4531.4140625,0.0,1.0,0.0,0.0,90.46731512928832,90.46731512928832,100.0
1,144.59816670964187,0.0005,3920.769775390625,0.0,1.0,0.0,0.0,144.59816670964187,144.59816670964187,86.52420020137201
