,mz(Da),mz_std(Da),Int,Gauss_r2,N_signals,Confidence_interval(Da),Confidence_interval(ppm),mz_min(Da),mz_max(Da),RelativeIntensity(%)
0,93.03655847426398,0.0005,1409.2745361328125,0.0,1.0,0.0,0.0,93.03655847426398,93.03655847426398,100.0
1,77.04177704968036,0.0005,1285.2242431640625,0.0,1.0,0.0,0.0,77.04177704968036,77.04177704968036,91.19757791770252
2,105.07234686557615,0.0005,1182.1630859375,0.0,1.0,0.0,0.0,105.07234686557615,105.07234686557615,83.88451331714765
3,73.04687859473805,0.0005,1116.7542724609375,0.0,1.0,0.0,0.0,73.04687859473805,73.04687859473805,79.24320235895418
4,91.05770057255847,0.0005,1111.331298828125,0.0,1.0,0.0,0.0,91.05770057255847,91.05770057255847,78.85839631202924
5,146.27427946325366,0.0005,919.3468017578125,0.0,1.0,0.0,0.0,146.27427946325366,146.27427946325366,65.23546535372662
6,240.61471895235383,0.0005,919.326171875,0.0,1.0,0.0,0.0,240.61471895235383,240.61471895235383,65.23400148829207
7,98.69937577234575,0.0005,889.2390747070312,0.0,1.0,0.0,0.0,98.69937577234575,98.69937577234575,63.09906635702015
8,92.36787426359956,0.0005,746.5436401367188,0.0,1.0,0.0,0.0,92.36787426359956,92.36787426359956,52.97361308927838
