,mz(Da),mz_std(Da),Int,Gauss_r2,N_signals,Confidence_interval(Da),Confidence_interval(ppm),mz_min(Da),mz_max(Da),RelativeIntensity(%)
0,65.68987249746307,0.0005,4263.1484375,0.0,1.0,0.0,0.0,65.68987249746307,65.68987249746307,100.0
1,129.1644199165915,0.0005,4185.88818359375,0.0,1.0,0.0,0.0,129.1644199165915,129.1644199165915,98.18771841893553
2,75.2050283544228,0.0005,3917.630126953125,0.0,1.0,0.0,0.0,75.2050283544228,75.2050283544228,91.89523152636238
