,mz(Da),mz_std(Da),Int,Gauss_r2,N_signals,Confidence_interval(Da),Confidence_interval(ppm),mz_min(Da),mz_max(Da),RelativeIntensity(%)
0,91.05726522392013,0.0005,1717.1507568359375,0.0,1.0,0.0,0.0,91.05726522392013,91.05726522392013,100.0
1,104.55248487372819,0.0005,894.3938598632812,0.0,1.0,0.0,0.0,104.55248487372819,104.55248487372819,52.085925263272316
2,263.42986992615454,0.0005,858.468994140625,0.0,1.0,0.0,0.0,263.42986992615454,263.42986992615454,49.99380460469646
3,57.8193385245721,0.0005,856.3479614257812,0.0,1.0,0.0,0.0,57.8193385245721,57.8193385245721,49.870284132984814
4,147.60488928357373,0.0005,831.3564453125,0.0,1.0,0.0,0.0,147.60488928357373,147.60488928357373,48.41487807653982
5,154.25806200421232,0.0005,828.7005615234375,0.0,1.0,0.0,0.0,154.25806200421232,154.25806200421232,48.26021001501468
6,99.52063683730142,0.0005,769.967041015625,0.0,1.0,0.0,0.0,99.52063683730142,99.52063683730142,44.839804423135476
