,mz(Da),mz_std(Da),Int,Gauss_r2,N_signals,Confidence_interval(Da),Confidence_interval(ppm),mz_min(Da),mz_max(Da),RelativeIntensity(%)
0,73.5052156505318,0.0005,4710.3837890625,0.0,1.0,0.0,0.0,73.5052156505318,73.5052156505318,100.0
1,110.18209173499392,0.0005,4352.19873046875,0.0,1.0,0.0,0.0,110.18209173499392,110.18209173499392,92.39584130224262
2,109.22730536070249,0.0005,4249.72705078125,0.0,1.0,0.0,0.0,109.22730536070249,109.22730536070249,90.22039903943934
3,214.00240660901636,0.0005,4242.41552734375,0.0,1.0,0.0,0.0,214.00240660901636,214.00240660901636,90.06517764422145
4,72.74754483488343,0.0005,4239.443359375,0.0,1.0,0.0,0.0,72.74754483488343,72.74754483488343,90.00207943180718
5,108.45403013574658,0.0005,4144.14501953125,0.0,1.0,0.0,0.0,108.45403013574658,108.45403013574658,87.97892496900029
