,mz(Da),mz_std(Da),Int,Gauss_r2,N_signals,Confidence_interval(Da),Confidence_interval(ppm),mz_min(Da),mz_max(Da),RelativeIntensity(%)
0,246.2424857899029,0.0005,334744.90625,0.0,1.0,0.0,0.0,246.2424857899029,246.2424857899029,100.0
1,247.2475691189045,0.0005,25091.35546875,0.0,1.0,0.0,0.0,247.2475691189045,247.2475691189045,7.495664609160875
2,228.23252713072398,0.0005,18855.08984375,0.0,1.0,0.0,0.0,228.23252713072398,228.23252713072398,5.6326741622375325
3,88.07555257502771,0.0005,13484.25,0.0,1.0,0.0,0.0,88.07555257502771,88.07555257502771,4.028216635484651
4,106.0860847053783,0.0005,10921.5029296875,0.0,1.0,0.0,0.0,106.0860847053783,106.0860847053783,3.262634539248497
5,122.34211868426944,0.0005,4784.15283203125,0.0,1.0,0.0,0.0,122.34211868426944,122.34211868426944,1.4291936166037629
6,124.15885060754738,0.0005,4245.54638671875,0.0,1.0,0.0,0.0,124.15885060754738,124.15885060754738,1.268293051649311
