,mz(Da),mz_std(Da),Int,Gauss_r2,N_signals,Confidence_interval(Da),Confidence_interval(ppm),mz_min(Da),mz_max(Da),RelativeIntensity(%)
0,160.0757831499784,0.0005,55906.28125,0.0,1.0,0.0,0.0,160.0757831499784,160.0757831499784,100.0
1,84.04450203444476,0.0005,32462.533203125,0.0,1.0,0.0,0.0,84.04450203444476,84.04450203444476,58.06598556960002
2,205.09662956513498,0.0005,8218.4384765625,0.0,1.0,0.0,0.0,205.09662956513498,205.09662956513498,14.700384809734595
3,159.09215750143352,0.0005,7921.98681640625,0.0,1.0,0.0,0.0,159.09215750143352,159.09215750143352,14.170119420000324
4,94.0648709090467,0.0005,6880.9111328125,0.0,1.0,0.0,0.0,94.0648709090467,94.0648709090467,12.307939249335243
5,86.84475329220567,0.0005,4732.17041015625,0.0,1.0,0.0,0.0,86.84475329220567,86.84475329220567,8.464470010078252
