,mz(Da),mz_std(Da),Int,Gauss_r2,N_signals,Confidence_interval(Da),Confidence_interval(ppm),mz_min(Da),mz_max(Da),RelativeIntensity(%)
0,249.11158065224976,0.0005,5455.78662109375,0.0,1.0,0.0,0.0,249.11158065224976,249.11158065224976,100.0
1,59.75525974407911,0.0005,4515.78271484375,0.0,1.0,0.0,0.0,59.75525974407911,59.75525974407911,82.7705155730311
2,55.11662126287231,0.0005,4248.1748046875,0.0,1.0,0.0,0.0,55.11662126287231,55.11662126287231,77.86548667909314
