,mz(Da),mz_std(Da),Int,Gauss_r2,N_signals,Confidence_interval(Da),Confidence_interval(ppm),mz_min(Da),mz_max(Da),RelativeIntensity(%)
0,249.10988780161114,0.0005,36372.71875,0.0,1.0,0.0,0.0,249.10988780161114,249.10988780161114,100.0
1,105.10569315009587,0.0005,3135.28076171875,0.0,1.0,0.0,0.0,105.10569315009587,105.10569315009587,8.619869147721463
2,68.2421785160324,0.0005,2872.458251953125,0.0,1.0,0.0,0.0,68.2421785160324,68.2421785160324,7.897287721867436
3,55.84707027081839,0.0005,2797.701904296875,0.0,1.0,0.0,0.0,55.84707027081839,55.84707027081839,7.691759099797496
4,144.01569273190754,0.0005,2593.69482421875,0.0,1.0,0.0,0.0,144.01569273190754,144.01569273190754,7.130879717972004
5,83.15704335522916,0.0005,2575.5791015625,0.0,1.0,0.0,0.0,83.15704335522916,83.15704335522916,7.0810739204434645
6,149.43461976161797,0.0005,2497.301025390625,0.0,1.0,0.0,0.0,149.43461976161797,149.43461976161797,6.865862963270033
