,mz(Da),mz_std(Da),Int,Gauss_r2,N_signals,Confidence_interval(Da),Confidence_interval(ppm),mz_min(Da),mz_max(Da),RelativeIntensity(%)
0,128.68629592516788,0.0005,973.9130859375,0.0,1.0,0.0,0.0,128.68629592516788,128.68629592516788,100.0
1,54.57470602033727,0.0005,835.02197265625,0.0,1.0,0.0,0.0,54.57470602033727,54.57470602033727,85.73885952589376
2,265.1531502835089,0.0005,817.8462524414062,0.0,1.0,0.0,0.0,265.1531502835089,265.1531502835089,83.97528118786268
3,110.71863182261839,0.0005,808.697998046875,0.0,1.0,0.0,0.0,110.71863182261839,110.71863182261839,83.03595153651857
4,57.60863835395379,0.0005,780.6035766601562,0.0,1.0,0.0,0.0,57.60863835395379,57.60863835395379,80.1512566091807
