,mz(Da),mz_std(Da),Int,Gauss_r2,N_signals,Confidence_interval(Da),Confidence_interval(ppm),mz_min(Da),mz_max(Da),RelativeIntensity(%)
0,249.1572761841282,0.0005,270568.75,0.0,1.0,0.0,0.0,249.1572761841282,249.1572761841282,100.0
1,250.16061570498067,0.0005,19052.099609375,0.0,1.0,0.0,0.0,250.16061570498067,250.16061570498067,7.041500398466194
2,74.05994809651816,0.0005,2005.9510498046875,0.0,1.0,0.0,0.0,74.05994809651816,74.05994809651816,0.7413831234407845
3,120.06554288647897,0.0005,1795.263427734375,0.0,1.0,0.0,0.0,120.06554288647897,120.06554288647897,0.6635146992157723
4,77.10954921139762,0.0005,937.1546630859375,0.0,1.0,0.0,0.0,77.10954921139762,77.10954921139762,0.34636470881649767
5,154.39848503228473,0.0005,894.1653442382812,0.0,1.0,0.0,0.0,154.39848503228473,154.39848503228473,0.33047620770627845
6,78.5382810857616,0.0005,884.6070556640625,0.0,1.0,0.0,0.0,78.5382810857616,78.5382810857616,0.3269435423211522
