,mz(Da),mz_std(Da),Int,Gauss_r2,N_signals,Confidence_interval(Da),Confidence_interval(ppm),mz_min(Da),mz_max(Da),RelativeIntensity(%)
0,111.77786074147129,0.0005,4718.88134765625,0.0,1.0,0.0,0.0,111.77786074147129,111.77786074147129,100.0
1,222.9087566672323,0.0005,4515.64208984375,0.0,1.0,0.0,0.0,222.9087566672323,222.9087566672323,95.69306276553353
2,158.4871222010545,0.0005,4486.62060546875,0.0,1.0,0.0,0.0,158.4871222010545,158.4871222010545,95.07805504999912
3,194.64904563760655,0.0005,4362.6796875,0.0,1.0,0.0,0.0,194.64904563760655,194.64904563760655,92.45156565902708
4,55.27266119867241,0.0005,4329.35888671875,0.0,1.0,0.0,0.0,55.27266119867241,55.27266119867241,91.74544913847079
