,mz(Da),mz_std(Da),Int,Gauss_r2,N_signals,Confidence_interval(Da),Confidence_interval(ppm),mz_min(Da),mz_max(Da),RelativeIntensity(%)
0,184.8319748716769,0.0005,6871.220703125,0.0,1.0,0.0,0.0,184.8319748716769,184.8319748716769,100.0
1,109.77625613848124,0.0005,4757.53173828125,0.0,1.0,0.0,0.0,109.77625613848124,109.77625613848124,69.23852316543328
2,75.42763429361221,0.0005,4680.50341796875,0.0,1.0,0.0,0.0,75.42763429361221,75.42763429361221,68.11749498659064
3,197.24216264710478,0.0005,4544.69921875,0.0,1.0,0.0,0.0,197.24216264710478,197.24216264710478,66.14107471010342
4,118.5098149483099,0.0005,4337.70751953125,0.0,1.0,0.0,0.0,118.5098149483099,118.5098149483099,63.12863036925128
