,mz(Da),mz_std(Da),Int,Gauss_r2,N_signals,Confidence_interval(Da),Confidence_interval(ppm),mz_min(Da),mz_max(Da),RelativeIntensity(%)
0,188.96604580525252,0.0005,5407.6279296875,0.0,1.0,0.0,0.0,188.96604580525252,188.96604580525252,100.0
1,74.31746618385554,0.0005,5048.6416015625,0.0,1.0,0.0,0.0,74.31746618385554,74.31746618385554,93.3614824689733
2,224.42293470394287,0.0005,5045.64697265625,0.0,1.0,0.0,0.0,224.42293470394287,224.42293470394287,93.30610460375797
3,144.30853604866033,0.0005,4675.1533203125,0.0,1.0,0.0,0.0,144.30853604866033,144.30853604866033,86.45478907019906
4,87.36790574461014,0.0005,4649.88427734375,0.0,1.0,0.0,0.0,87.36790574461014,87.36790574461014,85.98750390751201
5,58.59402168358365,0.0005,4540.83251953125,0.0,1.0,0.0,0.0,58.59402168358365,58.59402168358365,83.97087555899319
