,mz(Da),mz_std(Da),Int,Gauss_r2,N_signals,Confidence_interval(Da),Confidence_interval(ppm),mz_min(Da),mz_max(Da),RelativeIntensity(%)
0,269.9269717379632,0.0005,986.48291015625,0.0,1.0,0.0,0.0,269.9269717379632,269.9269717379632,100.0
1,187.00737408162615,0.0005,935.327880859375,0.0,1.0,0.0,0.0,187.00737408162615,187.00737408162615,94.81440288825962
2,75.22599794183293,0.0005,856.0176391601562,0.0,1.0,0.0,0.0,75.22599794183293,75.22599794183293,86.77470540514186
3,53.74371050209635,0.0005,830.5021362304688,0.0,1.0,0.0,0.0,53.74371050209635,53.74371050209635,84.1881929914959
4,55.043426172164544,0.0005,830.0247802734375,0.0,1.0,0.0,0.0,55.043426172164544,55.043426172164544,84.13980330809471
5,50.17016581110859,0.0005,826.76416015625,0.0,1.0,0.0,0.0,50.17016581110859,50.17016581110859,83.80927349519902
