,mz(Da),mz_std(Da),Int,Gauss_r2,N_signals,Confidence_interval(Da),Confidence_interval(ppm),mz_min(Da),mz_max(Da),RelativeIntensity(%)
0,67.1457362178073,0.0005,5036.85205078125,0.0,1.0,0.0,0.0,67.1457362178073,67.1457362178073,100.0
1,60.1680639582396,0.0005,4755.49365234375,0.0,1.0,0.0,0.0,60.1680639582396,60.1680639582396,94.41400311939162
2,116.94752564587947,0.0005,4608.5693359375,0.0,1.0,0.0,0.0,116.94752564587947,116.94752564587947,91.4970161814199
3,64.67983728640081,0.0005,4216.03271484375,0.0,1.0,0.0,0.0,64.67983728640081,64.67983728640081,83.70372352290583
4,115.83589809664596,0.0005,4028.50830078125,0.0,1.0,0.0,0.0,115.83589809664596,115.83589809664596,79.98067563164578
5,191.74038409481997,0.0005,3893.593017578125,0.0,1.0,0.0,0.0,191.74038409481997,191.74038409481997,77.3021120795915
