,mz(Da),mz_std(Da),Int,Gauss_r2,N_signals,Confidence_interval(Da),Confidence_interval(ppm),mz_min(Da),mz_max(Da),RelativeIntensity(%)
0,111.04359339038551,0.0005,39381.68359375,0.0,1.0,0.0,0.0,111.04359339038551,111.04359339038551,100.0
1,101.05946284404962,0.0005,23793.677734375,0.0,1.0,0.0,0.0,101.05946284404962,101.05946284404962,60.41813239835976
2,245.13974093098847,0.0005,7982.8681640625,0.0,1.0,0.0,0.0,245.13974093098847,245.13974093098847,20.270510134638855
3,129.05438810266605,0.0005,7569.56298828125,0.0,1.0,0.0,0.0,129.05438810266605,129.05438810266605,19.221024338031512
4,169.0864027167289,0.0005,6452.27099609375,0.0,1.0,0.0,0.0,169.0864027167289,169.0864027167289,16.383938946474462
5,117.82870380101834,0.0005,4682.947265625,0.0,1.0,0.0,0.0,117.82870380101834,117.82870380101834,11.8911809711665
6,69.19200897372053,0.0005,4653.125,0.0,1.0,0.0,0.0,69.19200897372053,69.19200897372053,11.815454737792027
7,155.73004912839357,0.0005,4490.2060546875,0.0,1.0,0.0,0.0,155.73004912839357,155.73004912839357,11.401762557962632
8,113.96267962554228,0.0005,4285.93017578125,0.0,1.0,0.0,0.0,113.96267962554228,113.96267962554228,10.883054721564625
