,mz(Da),mz_std(Da),Int,Gauss_r2,N_signals,Confidence_interval(Da),Confidence_interval(ppm),mz_min(Da),mz_max(Da),RelativeIntensity(%)
0,111.0440181802783,0.0005,29555.173828125,0.0,1.0,0.0,0.0,111.0440181802783,111.0440181802783,100.0
1,101.05975156237596,0.0005,16333.9931640625,0.0,1.0,0.0,0.0,101.05975156237596,101.05975156237596,55.266104199051966
2,129.054676098398,0.0005,11774.6806640625,0.0,1.0,0.0,0.0,129.054676098398,129.054676098398,39.839659656670996
3,187.09618932386104,0.0005,7975.93115234375,0.0,1.0,0.0,0.0,187.09618932386104,187.09618932386104,26.986581769834743
4,245.13803546637263,0.0005,6602.40234375,0.0,1.0,0.0,0.0,245.13803546637263,245.13803546637263,22.339243822910923
5,169.08654650574744,0.0005,6084.65966796875,0.0,1.0,0.0,0.0,169.08654650574744,169.08654650574744,20.587460264498688
6,138.0558401751412,0.0005,5028.0439453125,0.0,1.0,0.0,0.0,138.0558401751412,138.0558401751412,17.01239848749515
7,152.1126358902845,0.0005,4751.03857421875,0.0,1.0,0.0,0.0,152.1126358902845,152.1126358902845,16.075150164393936
8,75.61871730530996,0.0005,4329.52783203125,0.0,1.0,0.0,0.0,75.61871730530996,75.61871730530996,14.648967579108696
