,mz(Da),mz_std(Da),Int,Gauss_r2,N_signals,Confidence_interval(Da),Confidence_interval(ppm),mz_min(Da),mz_max(Da),RelativeIntensity(%)
0,111.04406654455025,0.0005,38388.00390625,0.0,1.0,0.0,0.0,111.04406654455025,111.04406654455025,100.0
1,101.0596772592618,0.0005,16773.203125,0.0,1.0,0.0,0.0,101.0596772592618,101.0596772592618,43.693866359821676
2,245.13716295590388,0.0005,5809.28515625,0.0,1.0,0.0,0.0,245.13716295590388,245.13716295590388,15.133074307372837
3,129.05489903015058,0.0005,5587.82861328125,0.0,1.0,0.0,0.0,129.05489903015058,129.05489903015058,14.556184340628059
4,105.71835111401933,0.0005,5216.87548828125,0.0,1.0,0.0,0.0,105.71835111401933,105.71835111401933,13.589858699143988
5,82.12973201796171,0.0005,4551.9658203125,0.0,1.0,0.0,0.0,82.12973201796171,82.12973201796171,11.857782007705248
6,75.428100310552,0.0005,4018.826416015625,0.0,1.0,0.0,0.0,75.428100310552,75.428100310552,10.468964278086142
7,220.2246584943581,0.0005,3990.050048828125,0.0,1.0,0.0,0.0,220.2246584943581,220.2246584943581,10.39400240390853
