,mz(Da),mz_std(Da),Int,Gauss_r2,N_signals,Confidence_interval(Da),Confidence_interval(ppm),mz_min(Da),mz_max(Da),RelativeIntensity(%)
0,111.04402892518297,0.0005,67204.1953125,0.0,1.0,0.0,0.0,111.04402892518297,111.04402892518297,100.0
1,101.0593536292852,0.0005,21464.765625,0.0,1.0,0.0,0.0,101.0593536292852,101.0593536292852,31.93962151497936
2,129.05508253283182,0.0005,19935.021484375,0.0,1.0,0.0,0.0,129.05508253283182,129.05508253283182,29.663358651460676
3,245.13871460710698,0.0005,15198.2197265625,0.0,1.0,0.0,0.0,245.13871460710698,245.13871460710698,22.614986543460073
4,187.09776608512283,0.0005,6993.7197265625,0.0,1.0,0.0,0.0,187.09776608512283,187.09776608512283,10.406671330624008
5,55.05445101531549,0.0005,5845.388671875,0.0,1.0,0.0,0.0,55.05445101531549,55.05445101531549,8.69795203215201
6,83.04935566185682,0.0005,5219.3369140625,0.0,1.0,0.0,0.0,83.04935566185682,83.04935566185682,7.76638555047426
7,73.20913743603641,0.0005,4484.1005859375,0.0,1.0,0.0,0.0,73.20913743603641,73.20913743603641,6.672352172489232
8,83.36336806831736,0.0005,3896.305908203125,0.0,1.0,0.0,0.0,83.36336806831736,83.36336806831736,5.797712315556006
