,mz(Da),mz_std(Da),Int,Gauss_r2,N_signals,Confidence_interval(Da),Confidence_interval(ppm),mz_min(Da),mz_max(Da),RelativeIntensity(%)
0,111.04385792259153,0.0005,34877.9921875,0.0,1.0,0.0,0.0,111.04385792259153,111.04385792259153,100.0
1,101.05994306360981,0.0005,12692.353515625,0.0,1.0,0.0,0.0,101.05994306360981,101.05994306360981,36.390722973364966
2,245.13820285890006,0.0005,8483.1767578125,0.0,1.0,0.0,0.0,245.13820285890006,245.13820285890006,24.322434365510308
3,129.05473968889572,0.0005,8226.8623046875,0.0,1.0,0.0,0.0,129.05473968889572,129.05473968889572,23.58754558020672
4,198.91415069700815,0.0005,4545.12646484375,0.0,1.0,0.0,0.0,198.91415069700815,198.91415069700815,13.031502617494958
5,99.88799738583728,0.0005,4407.2607421875,0.0,1.0,0.0,0.0,99.88799738583728,99.88799738583728,12.636222631436416
6,75.25293493471963,0.0005,4283.517578125,0.0,1.0,0.0,0.0,75.25293493471963,75.25293493471963,12.281433962991079
