,mz(Da),mz_std(Da),Int,Gauss_r2,N_signals,Confidence_interval(Da),Confidence_interval(ppm),mz_min(Da),mz_max(Da),RelativeIntensity(%)
0,111.04379229934882,0.0005,45034.31640625,0.0,1.0,0.0,0.0,111.04379229934882,111.04379229934882,100.0
1,101.05990432702654,0.0005,16439.23046875,0.0,1.0,0.0,0.0,101.05990432702654,101.05990432702654,36.50378595836422
2,129.0543794977707,0.0005,13439.0107421875,0.0,1.0,0.0,0.0,129.0543794977707,129.0543794977707,29.841711420587686
3,112.04674506984664,0.0005,6845.65869140625,0.0,1.0,0.0,0.0,112.04674506984664,112.04674506984664,15.200982800876242
4,245.13910857097903,0.0005,6063.35205078125,0.0,1.0,0.0,0.0,245.13910857097903,245.13910857097903,13.463848315325508
5,65.1645575833256,0.0005,4932.80810546875,0.0,1.0,0.0,0.0,65.1645575833256,65.1645575833256,10.953442838946168
6,59.745057712543584,0.0005,4566.6806640625,0.0,1.0,0.0,0.0,59.745057712543584,59.745057712543584,10.140446282934413
7,169.0863653201559,0.0005,4469.7001953125,0.0,1.0,0.0,0.0,169.0863653201559,169.0863653201559,9.925098351647636
