,mz(Da),mz_std(Da),Int,Gauss_r2,N_signals,Confidence_interval(Da),Confidence_interval(ppm),mz_min(Da),mz_max(Da),RelativeIntensity(%)
0,111.04383740844392,0.0005,29253.490234375,0.0,1.0,0.0,0.0,111.04383740844392,111.04383740844392,100.0
1,101.06001400432382,0.0005,10340.0771484375,0.0,1.0,0.0,0.0,101.06001400432382,101.06001400432382,35.3464734142634
2,129.05485666755982,0.0005,7120.6435546875,0.0,1.0,0.0,0.0,129.05485666755982,129.05485666755982,24.3411760362195
3,81.37008210543208,0.0005,4565.4677734375,0.0,1.0,0.0,0.0,81.37008210543208,81.37008210543208,15.606574589423658
4,68.51408420153034,0.0005,4483.369140625,0.0,1.0,0.0,0.0,68.51408420153034,68.51408420153034,15.325928990711379
5,51.600087273102616,0.0005,4310.40966796875,0.0,1.0,0.0,0.0,51.600087273102616,51.600087273102616,14.734685104014364
6,83.04916465219019,0.0005,4267.0029296875,0.0,1.0,0.0,0.0,83.04916465219019,83.04916465219019,14.586303704278878
7,77.62555681759034,0.0005,4016.867431640625,0.0,1.0,0.0,0.0,77.62555681759034,77.62555681759034,13.731241638033708
