,mz(Da),mz_std(Da),Int,Gauss_r2,N_signals,Confidence_interval(Da),Confidence_interval(ppm),mz_min(Da),mz_max(Da),RelativeIntensity(%)
0,111.04402093237184,0.0005,47827.30078125,0.0,1.0,0.0,0.0,111.04402093237184,111.04402093237184,100.0
1,129.05449231967953,0.0005,15033.708984375,0.0,1.0,0.0,0.0,129.05449231967953,129.05449231967953,31.43332100871715
2,101.05963725442155,0.0005,12844.0341796875,0.0,1.0,0.0,0.0,101.05963725442155,101.05963725442155,26.855026250452376
3,245.13765329472244,0.0005,8253.91796875,0.0,1.0,0.0,0.0,245.13765329472244,245.13765329472244,17.257754115168105
4,134.47323126415503,0.0005,4891.4423828125,0.0,1.0,0.0,0.0,134.47323126415503,134.47323126415503,10.227301777252123
5,270.62222417198734,0.0005,4791.02490234375,0.0,1.0,0.0,0.0,270.62222417198734,270.62222417198734,10.017343283194442
6,157.57764399545073,0.0005,4427.80224609375,0.0,1.0,0.0,0.0,157.57764399545073,157.57764399545073,9.257897003942162
7,58.61896810999575,0.0005,4131.69970703125,0.0,1.0,0.0,0.0,58.61896810999575,58.61896810999575,8.638789226112928
8,60.938731106206774,0.0005,4024.239013671875,0.0,1.0,0.0,0.0,60.938731106206774,60.938731106206774,8.414104387947226
