,mz(Da),mz_std(Da),Int,Gauss_r2,N_signals,Confidence_interval(Da),Confidence_interval(ppm),mz_min(Da),mz_max(Da),RelativeIntensity(%)
0,249.1575759168316,0.0005,29102.88671875,0.0,1.0,0.0,0.0,249.1575759168316,249.1575759168316,100.0
1,248.22126624656877,0.0005,5722.73779296875,0.0,1.0,0.0,0.0,248.22126624656877,248.22126624656877,19.663814961976897
2,156.6036350387559,0.0005,4802.72509765625,0.0,1.0,0.0,0.0,156.6036350387559,156.6036350387559,16.502572903058503
3,101.78928691925535,0.0005,4742.7412109375,0.0,1.0,0.0,0.0,101.78928691925535,101.78928691925535,16.29646315422694
4,143.8046208235013,0.0005,4584.6279296875,0.0,1.0,0.0,0.0,143.8046208235013,143.8046208235013,15.753172439535973
5,174.6503597131812,0.0005,4558.44287109375,0.0,1.0,0.0,0.0,174.6503597131812,174.6503597131812,15.663198345739705
6,80.68164346822859,0.0005,4514.50927734375,0.0,1.0,0.0,0.0,80.68164346822859,80.68164346822859,15.512238771953868
7,70.06576583944387,0.0005,4501.2060546875,0.0,1.0,0.0,0.0,70.06576583944387,70.06576583944387,15.466527764709767
8,260.20448524912996,0.0005,4313.54345703125,0.0,1.0,0.0,0.0,260.20448524912996,260.20448524912996,14.821703079551146
