,mz(Da),mz_std(Da),Int,Gauss_r2,N_signals,Confidence_interval(Da),Confidence_interval(ppm),mz_min(Da),mz_max(Da),RelativeIntensity(%)
0,249.11653521928113,0.0005,5723.4599609375,0.0,1.0,0.0,0.0,249.11653521928113,249.11653521928113,100.0
1,54.23286045770935,0.0005,4930.845703125,0.0,1.0,0.0,0.0,54.23286045770935,54.23286045770935,86.15148418575343
2,129.91543895570464,0.0005,4393.43798828125,0.0,1.0,0.0,0.0,129.91543895570464,129.91543895570464,76.76192405059835
3,148.42939166149108,0.0005,4114.830078125,0.0,1.0,0.0,0.0,148.42939166149108,148.42939166149108,71.89410087968874
