,mz(Da),mz_std(Da),Int,Gauss_r2,N_signals,Confidence_interval(Da),Confidence_interval(ppm),mz_min(Da),mz_max(Da),RelativeIntensity(%)
0,249.15732880621533,0.0005,93616.1015625,0.0,1.0,0.0,0.0,249.15732880621533,249.15732880621533,100.0
1,248.22172807967442,0.0005,7043.7119140625,0.0,1.0,0.0,0.0,248.22172807967442,248.22172807967442,7.524038916916418
2,250.20060370811984,0.0005,4643.1904296875,0.0,1.0,0.0,0.0,250.20060370811984,250.20060370811984,4.959820321707813
3,269.9973561827033,0.0005,4467.7900390625,0.0,1.0,0.0,0.0,269.9973561827033,269.9973561827033,4.7724589728613225
4,55.133485180874814,0.0005,4202.32568359375,0.0,1.0,0.0,0.0,55.133485180874814,55.133485180874814,4.48889198915017
5,50.570747344866746,0.0005,3965.242431640625,0.0,1.0,0.0,0.0,50.570747344866746,50.570747344866746,4.235641482030043
