,mz(Da),mz_std(Da),Int,Gauss_r2,N_signals,Confidence_interval(Da),Confidence_interval(ppm),mz_min(Da),mz_max(Da),RelativeIntensity(%)
0,111.04412906175932,0.0005,29468.234375,0.0,1.0,0.0,0.0,111.04412906175932,111.04412906175932,100.0
1,101.0596454067217,0.0005,14781.685546875,0.0,1.0,0.0,0.0,101.0596454067217,101.0596454067217,50.161422495727656
2,129.05439141181017,0.0005,9262.4140625,0.0,1.0,0.0,0.0,129.05439141181017,129.05439141181017,31.431859624267023
3,245.139798851328,0.0005,5828.77099609375,0.0,1.0,0.0,0.0,245.139798851328,245.139798851328,19.77984470300912
4,58.134901808391405,0.0005,5129.50537109375,0.0,1.0,0.0,0.0,58.134901808391405,58.134901808391405,17.40689756236456
5,59.211411214992054,0.0005,4663.04541015625,0.0,1.0,0.0,0.0,59.211411214992054,59.211411214992054,15.82397286113702
6,222.7387394539869,0.0005,4462.7998046875,0.0,1.0,0.0,0.0,222.7387394539869,222.7387394539869,15.144442479640418
7,179.49388701834948,0.0005,4231.064453125,0.0,1.0,0.0,0.0,179.49388701834948,179.49388701834948,14.358052129226015
8,53.356388553563825,0.0005,3910.468017578125,0.0,1.0,0.0,0.0,53.356388553563825,53.356388553563825,13.270113057386476
