,mz(Da),mz_std(Da),Int,Gauss_r2,N_signals,Confidence_interval(Da),Confidence_interval(ppm),mz_min(Da),mz_max(Da),RelativeIntensity(%)
0,111.04378013082328,0.0005,33787.67578125,0.0,1.0,0.0,0.0,111.04378013082328,111.04378013082328,100.0
1,245.13746434971438,0.0005,10437.52734375,0.0,1.0,0.0,0.0,245.13746434971438,245.13746434971438,30.89152213761374
2,101.05982598053842,0.0005,10037.2255859375,0.0,1.0,0.0,0.0,101.05982598053842,101.05982598053842,29.70676542216473
3,129.055016448584,0.0005,7699.142578125,0.0,1.0,0.0,0.0,129.055016448584,129.055016448584,22.786836916428364
4,138.5915171004049,0.0005,5416.2587890625,0.0,1.0,0.0,0.0,138.5915171004049,138.5915171004049,16.030279277357625
5,187.09636330642826,0.0005,5223.3583984375,0.0,1.0,0.0,0.0,187.09636330642826,187.09636330642826,15.45935989280485
6,166.6629708560008,0.0005,4511.6884765625,0.0,1.0,0.0,0.0,166.6629708560008,166.6629708560008,13.353059576433484
7,66.83387621538441,0.0005,4486.53759765625,0.0,1.0,0.0,0.0,66.83387621538441,66.83387621538441,13.278621550364205
8,65.50626377772927,0.0005,4205.5048828125,0.0,1.0,0.0,0.0,65.50626377772927,65.50626377772927,12.446860535894826
