,mz(Da),mz_std(Da),Int,Gauss_r2,N_signals,Confidence_interval(Da),Confidence_interval(ppm),mz_min(Da),mz_max(Da),RelativeIntensity(%)
0,111.04401729181927,0.0005,30957.126953125,0.0,1.0,0.0,0.0,111.04401729181927,111.04401729181927,100.0
1,101.05989313944232,0.0005,13186.6572265625,0.0,1.0,0.0,0.0,101.05989313944232,101.05989313944232,42.596515001310095
2,245.1376676399239,0.0005,8180.57861328125,0.0,1.0,0.0,0.0,245.1376676399239,245.1376676399239,26.425509788644817
3,129.0546148247627,0.0005,7266.091796875,0.0,1.0,0.0,0.0,129.0546148247627,129.0546148247627,23.47146687054406
4,70.9015109314021,0.0005,5004.84375,0.0,1.0,0.0,0.0,70.9015109314021,70.9015109314021,16.167016266006495
5,69.88277819136788,0.0005,4738.1953125,0.0,1.0,0.0,0.0,69.88277819136788,69.88277819136788,15.305668771118624
6,78.8494148528464,0.0005,4429.7236328125,0.0,1.0,0.0,0.0,78.8494148528464,78.8494148528464,14.309220747519454
7,63.11495847591498,0.0005,4341.56005859375,0.0,1.0,0.0,0.0,63.11495847591498,63.11495847591498,14.02442825255619
8,78.3274689738987,0.0005,4238.12353515625,0.0,1.0,0.0,0.0,78.3274689738987,78.3274689738987,13.690299947968615
