,mz(Da),mz_std(Da),Int,Gauss_r2,N_signals,Confidence_interval(Da),Confidence_interval(ppm),mz_min(Da),mz_max(Da),RelativeIntensity(%)
0,111.04425776054377,0.0005,35096.40234375,0.0,1.0,0.0,0.0,111.04425776054377,111.04425776054377,100.0
1,101.05987208943372,0.0005,12112.1337890625,0.0,1.0,0.0,0.0,101.05987208943372,101.05987208943372,34.51104096206442
2,129.05464931558117,0.0005,5838.2890625,0.0,1.0,0.0,0.0,129.05464931558117,129.05464931558117,16.63500721617322
3,256.49885686717414,0.0005,4858.9794921875,0.0,1.0,0.0,0.0,256.49885686717414,256.49885686717414,13.844665457719746
4,220.2290588927897,0.0005,4521.15576171875,0.0,1.0,0.0,0.0,220.2290588927897,220.2290588927897,12.882106027382836
