,mz(Da),mz_std(Da),Int,Gauss_r2,N_signals,Confidence_interval(Da),Confidence_interval(ppm),mz_min(Da),mz_max(Da),RelativeIntensity(%)
0,111.04365716288893,0.0005,21471.767578125,0.0,1.0,0.0,0.0,111.04365716288893,111.04365716288893,100.0
1,101.05960797530233,0.0005,10618.0458984375,0.0,1.0,0.0,0.0,101.05960797530233,101.05960797530233,49.4511961337312
2,245.1374716783365,0.0005,7645.384765625,0.0,1.0,0.0,0.0,245.1374716783365,245.1374716783365,35.60668555957155
3,168.92530495120653,0.0005,4586.63134765625,0.0,1.0,0.0,0.0,168.92530495120653,168.92530495120653,21.36121924274654
4,148.7317631173396,0.0005,4499.7646484375,0.0,1.0,0.0,0.0,148.7317631173396,148.7317631173396,20.956656838171856
5,53.17628178925127,0.0005,4004.03857421875,0.0,1.0,0.0,0.0,53.17628178925127,53.17628178925127,18.64792248542213
