,mz(Da),mz_std(Da),Int,Gauss_r2,N_signals,Confidence_interval(Da),Confidence_interval(ppm),mz_min(Da),mz_max(Da),RelativeIntensity(%)
0,111.04385437291677,0.0005,40314.63671875,0.0,1.0,0.0,0.0,111.04385437291677,111.04385437291677,100.0
1,129.05445606529997,0.0005,10710.515625,0.0,1.0,0.0,0.0,129.05445606529997,129.05445606529997,26.567312759682217
2,101.05971019276248,0.0005,10696.3642578125,0.0,1.0,0.0,0.0,101.05971019276248,101.05971019276248,26.53221045357383
3,172.42875435205443,0.0005,5677.6748046875,0.0,1.0,0.0,0.0,172.42875435205443,172.42875435205443,14.083408079048523
4,134.77224099076193,0.0005,4970.44775390625,0.0,1.0,0.0,0.0,134.77224099076193,134.77224099076193,12.329139385732171
5,153.30445029002277,0.0005,4956.73583984375,0.0,1.0,0.0,0.0,153.30445029002277,153.30445029002277,12.295127138125528
6,61.08248142119284,0.0005,4392.23046875,0.0,1.0,0.0,0.0,61.08248142119284,61.08248142119284,10.894877955596733
7,96.28083421612646,0.0005,4299.82080078125,0.0,1.0,0.0,0.0,96.28083421612646,96.28083421612646,10.665656820321635
