,mz(Da),mz_std(Da),Int,Gauss_r2,N_signals,Confidence_interval(Da),Confidence_interval(ppm),mz_min(Da),mz_max(Da),RelativeIntensity(%)
0,111.04398278553083,0.0005,53120.3515625,0.0,1.0,0.0,0.0,111.04398278553083,111.04398278553083,100.0
1,101.05959277315827,0.0005,21814.97265625,0.0,1.0,0.0,0.0,101.05959277315827,101.05959277315827,41.06707130991609
2,129.0548484277665,0.0005,17107.353515625,0.0,1.0,0.0,0.0,129.0548484277665,129.0548484277665,32.204895134206595
3,245.13771372050007,0.0005,10815.5419921875,0.0,1.0,0.0,0.0,245.13771372050007,245.13771372050007,20.3604488186834
4,187.09760260214767,0.0005,7720.02978515625,0.0,1.0,0.0,0.0,187.09760260214767,187.09760260214767,14.533092417645369
5,183.24439992203799,0.0005,4770.26171875,0.0,1.0,0.0,0.0,183.24439992203799,183.24439992203799,8.980101935389936
6,195.29360237953202,0.0005,4695.9052734375,0.0,1.0,0.0,0.0,195.29360237953202,195.29360237953202,8.840124613844887
7,110.39202928713122,0.0005,4658.6474609375,0.0,1.0,0.0,0.0,110.39202928713122,110.39202928713122,8.76998612378583
8,228.09441093467177,0.0005,4355.29541015625,0.0,1.0,0.0,0.0,228.09441093467177,228.09441093467177,8.198920530546424
