,mz(Da),mz_std(Da),Int,Gauss_r2,N_signals,Confidence_interval(Da),Confidence_interval(ppm),mz_min(Da),mz_max(Da),RelativeIntensity(%)
0,111.04409354358853,0.0005,26390.318359375,0.0,1.0,0.0,0.0,111.04409354358853,111.04409354358853,100.0
1,101.05980692310632,0.0005,9232.837890625,0.0,1.0,0.0,0.0,101.05980692310632,101.05980692310632,34.98570106239393
2,129.0551643039555,0.0005,7688.19580078125,0.0,1.0,0.0,0.0,129.0551643039555,129.0551643039555,29.13263756839093
3,245.13695915960483,0.0005,7633.48779296875,0.0,1.0,0.0,0.0,245.13695915960483,245.13695915960483,28.925334241968326
4,131.46283521735705,0.0005,5247.427734375,0.0,1.0,0.0,0.0,131.46283521735705,131.46283521735705,19.88391220945951
5,176.47996008952708,0.0005,4553.76318359375,0.0,1.0,0.0,0.0,176.47996008952708,176.47996008952708,17.255431031873297
6,61.14094216187218,0.0005,3997.7080078125,0.0,1.0,0.0,0.0,61.14094216187218,61.14094216187218,15.148388713515986
7,62.7172732152297,0.0005,3912.004150390625,0.0,1.0,0.0,0.0,62.7172732152297,62.7172732152297,14.823633792962218
