,mz(Da),mz_std(Da),Int,Gauss_r2,N_signals,Confidence_interval(Da),Confidence_interval(ppm),mz_min(Da),mz_max(Da),RelativeIntensity(%)
0,111.04399011802957,0.0005,56580.5,0.0,1.0,0.0,0.0,111.04399011802957,111.04399011802957,100.0
1,101.05976358076612,0.0005,23616.65625,0.0,1.0,0.0,0.0,101.05976358076612,101.05976358076612,41.739921439365155
2,129.05487416899444,0.0005,16953.32421875,0.0,1.0,0.0,0.0,129.05487416899444,129.05487416899444,29.963192652503956
3,169.0858336095676,0.0005,8955.015625,0.0,1.0,0.0,0.0,169.0858336095676,169.0858336095676,15.827035153453927
4,187.09669324757994,0.0005,7195.67919921875,0.0,1.0,0.0,0.0,187.09669324757994,187.09669324757994,12.71759563669241
5,83.04919536018346,0.0005,6830.1005859375,0.0,1.0,0.0,0.0,83.04919536018346,83.04919536018346,12.07147442305653
6,245.13680899936622,0.0005,6545.20166015625,0.0,1.0,0.0,0.0,245.13680899936622,245.13680899936622,11.567945953387209
7,182.31724636160703,0.0005,4932.40673828125,0.0,1.0,0.0,0.0,182.31724636160703,182.31724636160703,8.71750291757982
8,52.03999565113819,0.0005,4783.13916015625,0.0,1.0,0.0,0.0,52.03999565113819,52.03999565113819,8.453688391152872
