,mz(Da),mz_std(Da),Int,Gauss_r2,N_signals,Confidence_interval(Da),Confidence_interval(ppm),mz_min(Da),mz_max(Da),RelativeIntensity(%)
0,111.04391479180993,0.0005,20438.203125,0.0,1.0,0.0,0.0,111.04391479180993,111.04391479180993,100.0
1,101.05987211038483,0.0005,10181.205078125,0.0,1.0,0.0,0.0,101.05987211038483,101.05987211038483,49.81458015588149
2,54.69637793831214,0.0005,5461.4140625,0.0,1.0,0.0,0.0,54.69637793831214,54.69637793831214,26.721595969557622
3,99.74986974382665,0.0005,5149.51708984375,0.0,1.0,0.0,0.0,99.74986974382665,99.74986974382665,25.195547075979803
4,111.09476610743488,0.0005,4549.58349609375,0.0,1.0,0.0,0.0,111.09476610743488,111.09476610743488,22.26019316995975
5,77.20344524966379,0.0005,4415.5078125,0.0,1.0,0.0,0.0,77.20344524966379,77.20344524966379,21.60418792931436
6,223.1531794889055,0.0005,4347.77392578125,0.0,1.0,0.0,0.0,223.1531794889055,223.1531794889055,21.27277970176867
