,mz(Da),mz_std(Da),Int,Gauss_r2,N_signals,Confidence_interval(Da),Confidence_interval(ppm),mz_min(Da),mz_max(Da),RelativeIntensity(%)
0,111.04417046026356,0.0005,17404.39453125,0.0,1.0,0.0,0.0,111.04417046026356,111.04417046026356,100.0
1,101.06005857284977,0.0005,6483.00146484375,0.0,1.0,0.0,0.0,101.06005857284977,101.06005857284977,37.24922147221708
2,83.0491984960465,0.0005,6290.4755859375,0.0,1.0,0.0,0.0,83.0491984960465,83.0491984960465,36.143030282626626
3,110.72915066624182,0.0005,5440.3896484375,0.0,1.0,0.0,0.0,110.72915066624182,110.72915066624182,31.258712497404908
4,82.05913834776423,0.0005,4945.29345703125,0.0,1.0,0.0,0.0,82.05913834776423,82.05913834776423,28.4140505327655
5,88.0785454405964,0.0005,4493.263671875,0.0,1.0,0.0,0.0,88.0785454405964,88.0785454405964,25.816834155346452
6,140.09798965358488,0.0005,4401.5322265625,0.0,1.0,0.0,0.0,140.09798965358488,140.09798965358488,25.28977505456708
7,123.998153236424,0.0005,3982.418212890625,0.0,1.0,0.0,0.0,123.998153236424,123.998153236424,22.881682012781884
