,mz(Da),mz_std(Da),Int,Gauss_r2,N_signals,Confidence_interval(Da),Confidence_interval(ppm),mz_min(Da),mz_max(Da),RelativeIntensity(%)
0,111.04416314891671,0.0005,23239.81640625,0.0,1.0,0.0,0.0,111.04416314891671,111.04416314891671,100.0
1,101.05978393721352,0.0005,8036.21337890625,0.0,1.0,0.0,0.0,101.05978393721352,101.05978393721352,34.57950458139175
2,63.70292654087913,0.0005,5053.80419921875,0.0,1.0,0.0,0.0,63.70292654087913,63.70292654087913,21.746317229337514
3,129.05426539929783,0.0005,5023.29052734375,0.0,1.0,0.0,0.0,129.05426539929783,129.05426539929783,21.615018120335975
4,51.88939984224652,0.0005,4755.97607421875,0.0,1.0,0.0,0.0,51.88939984224652,51.88939984224652,20.464774725757735
5,50.9336405696765,0.0005,4445.15771484375,0.0,1.0,0.0,0.0,50.9336405696765,50.9336405696765,19.127335763497218
6,53.86732124654092,0.0005,4324.65625,0.0,1.0,0.0,0.0,53.86732124654092,53.86732124654092,18.60882278242503
7,84.69808390829309,0.0005,3918.401611328125,0.0,1.0,0.0,0.0,84.69808390829309,84.69808390829309,16.860725329457978
