,mz(Da),mz_std(Da),Int,Gauss_r2,N_signals,Confidence_interval(Da),Confidence_interval(ppm),mz_min(Da),mz_max(Da),RelativeIntensity(%)
0,111.04409019224411,0.0005,22471.75390625,0.0,1.0,0.0,0.0,111.04409019224411,111.04409019224411,100.0
1,101.05960182607039,0.0005,9062.779296875,0.0,1.0,0.0,0.0,101.05960182607039,101.05960182607039,40.32964820941011
2,55.21772172768878,0.0005,4899.03271484375,0.0,1.0,0.0,0.0,55.21772172768878,55.21772172768878,21.800847122490055
3,90.97694454589978,0.0005,4751.8076171875,0.0,1.0,0.0,0.0,90.97694454589978,90.97694454589978,21.145690883816123
4,230.8962643662436,0.0005,4716.07470703125,0.0,1.0,0.0,0.0,230.8962643662436,230.8962643662436,20.98667832829721
5,67.51970513456956,0.0005,4599.6787109375,0.0,1.0,0.0,0.0,67.51970513456956,67.51970513456956,20.46871254521084
6,69.72929761816621,0.0005,4391.22998046875,0.0,1.0,0.0,0.0,69.72929761816621,69.72929761816621,19.54110924669494
