,mz(Da),mz_std(Da),Int,Gauss_r2,N_signals,Confidence_interval(Da),Confidence_interval(ppm),mz_min(Da),mz_max(Da),RelativeIntensity(%)
0,111.04411104491192,0.0005,20088.263671875,0.0,1.0,0.0,0.0,111.04411104491192,111.04411104491192,100.0
1,245.1397499515482,0.0005,6797.97607421875,0.0,1.0,0.0,0.0,245.1397499515482,245.1397499515482,33.84053587337367
2,101.05995458156362,0.0005,6394.64794921875,0.0,1.0,0.0,0.0,101.05995458156362,101.05995458156362,31.83275594979228
3,106.09372170992927,0.0005,5226.44091796875,0.0,1.0,0.0,0.0,106.09372170992927,106.09372170992927,26.017385092799927
4,111.8114500579679,0.0005,5007.37255859375,0.0,1.0,0.0,0.0,111.8114500579679,111.8114500579679,24.926856001021275
5,146.61921809402304,0.0005,4571.109375,0.0,1.0,0.0,0.0,146.61921809402304,146.61921809402304,22.75512433361714
6,55.99541769547438,0.0005,4398.72607421875,0.0,1.0,0.0,0.0,55.99541769547438,55.99541769547438,21.896994912393946
7,148.42929249976905,0.0005,4188.60888671875,0.0,1.0,0.0,0.0,148.42929249976905,148.42929249976905,20.851025032009616
