,mz(Da),mz_std(Da),Int,Gauss_r2,N_signals,Confidence_interval(Da),Confidence_interval(ppm),mz_min(Da),mz_max(Da),RelativeIntensity(%)
0,111.04422700815138,0.0005,23085.642578125,0.0,1.0,0.0,0.0,111.04422700815138,111.04422700815138,100.0
1,101.05966333879469,0.0005,8662.2587890625,0.0,1.0,0.0,0.0,101.05966333879469,101.05966333879469,37.52227714584171
2,129.0552041851584,0.0005,6568.57373046875,0.0,1.0,0.0,0.0,129.0552041851584,129.0552041851584,28.453068647492874
3,169.08663607534862,0.0005,5673.31298828125,0.0,1.0,0.0,0.0,169.08663607534862,169.08663607534862,24.575070713678322
4,83.04887341913616,0.0005,5247.72509765625,0.0,1.0,0.0,0.0,83.04887341913616,83.04887341913616,22.73155308498442
5,66.93722560316542,0.0005,5128.32275390625,0.0,1.0,0.0,0.0,66.93722560316542,66.93722560316542,22.21433835576072
6,187.27870716897405,0.0005,5028.74072265625,0.0,1.0,0.0,0.0,187.27870716897405,187.27870716897405,21.782979207263985
7,105.20645253631741,0.0005,4269.49267578125,0.0,1.0,0.0,0.0,105.20645253631741,105.20645253631741,18.49414700644653
8,78.06446886586207,0.0005,4161.6279296875,0.0,1.0,0.0,0.0,78.06446886586207,78.06446886586207,18.026909650030216
