,mz(Da),mz_std(Da),Int,Gauss_r2,N_signals,Confidence_interval(Da),Confidence_interval(ppm),mz_min(Da),mz_max(Da),RelativeIntensity(%)
0,111.04433427767663,0.0005,21710.01171875,0.0,1.0,0.0,0.0,111.04433427767663,111.04433427767663,100.0
1,101.05973169352139,0.0005,9916.7802734375,0.0,1.0,0.0,0.0,101.05973169352139,101.05973169352139,45.67837365501192
2,187.09562869461814,0.0005,6555.00244140625,0.0,1.0,0.0,0.0,187.09562869461814,187.09562869461814,30.19345418291496
3,90.14289875739047,0.0005,5467.224609375,0.0,1.0,0.0,0.0,90.14289875739047,90.14289875739047,25.18296480076606
4,61.421829009553804,0.0005,5341.4267578125,0.0,1.0,0.0,0.0,61.421829009553804,61.421829009553804,24.603518537944133
5,83.04913648510959,0.0005,5082.8271484375,0.0,1.0,0.0,0.0,83.04913648510959,83.04913648510959,23.41236483095807
