,mz(Da),mz_std(Da),Int,Gauss_r2,N_signals,Confidence_interval(Da),Confidence_interval(ppm),mz_min(Da),mz_max(Da),RelativeIntensity(%)
0,249.10904167935848,0.0005,11236.6103515625,0.0,1.0,0.0,0.0,249.10904167935848,249.10904167935848,100.0
1,81.06984850833763,0.0005,11014.9384765625,0.0,1.0,0.0,0.0,81.06984850833763,81.06984850833763,98.02723536667644
2,249.14888379662955,0.0005,7369.76806640625,0.0,1.0,0.0,0.0,249.14888379662955,249.14888379662955,65.58711066617569
3,101.67930204755605,0.0005,4849.61962890625,0.0,1.0,0.0,0.0,101.67930204755605,101.67930204755605,43.15909760305864
4,84.9882131810594,0.0005,4381.43896484375,0.0,1.0,0.0,0.0,84.9882131810594,84.9882131810594,38.99253269233894
