,mz(Da),mz_std(Da),Int,Gauss_r2,N_signals,Confidence_interval(Da),Confidence_interval(ppm),mz_min(Da),mz_max(Da),RelativeIntensity(%)
0,249.15750646380374,0.0005,80066.921875,0.0,1.0,0.0,0.0,249.15750646380374,249.15750646380374,100.0
1,67.06333362224997,0.0005,4584.70703125,0.0,1.0,0.0,0.0,67.06333362224997,67.06333362224997,5.7260937774123715
2,270.864182697248,0.0005,4394.24755859375,0.0,1.0,0.0,0.0,270.864182697248,270.864182697248,5.48821842489964
