,mz(Da),mz_std(Da),Int,Gauss_r2,N_signals,Confidence_interval(Da),Confidence_interval(ppm),mz_min(Da),mz_max(Da),RelativeIntensity(%)
0,259.9138736837879,0.0005,5241.23974609375,0.0,1.0,0.0,0.0,259.9138736837879,259.9138736837879,100.0
1,190.67371243338695,0.0005,5197.86181640625,0.0,1.0,0.0,0.0,190.67371243338695,190.67371243338695,99.17237272498689
2,121.28671353714088,0.0005,5193.4814453125,0.0,1.0,0.0,0.0,121.28671353714088,121.28671353714088,99.08879763004843
3,53.62152641641538,0.0005,4704.99609375,0.0,1.0,0.0,0.0,53.62152641641538,53.62152641641538,89.76876314914982
4,121.97898281065747,0.0005,4433.82177734375,0.0,1.0,0.0,0.0,121.97898281065747,121.97898281065747,84.59490487242523
5,131.9246845138769,0.0005,4428.2685546875,0.0,1.0,0.0,0.0,131.9246845138769,131.9246845138769,84.48895240840393
6,64.82792758580122,0.0005,3963.49658203125,0.0,1.0,0.0,0.0,64.82792758580122,64.82792758580122,75.62135628283765
7,54.14088855755,0.0005,3891.169677734375,0.0,1.0,0.0,0.0,54.14088855755,54.14088855755,74.24139833775834
