,mz(Da),mz_std(Da),Int,Gauss_r2,N_signals,Confidence_interval(Da),Confidence_interval(ppm),mz_min(Da),mz_max(Da),RelativeIntensity(%)
0,61.74521425204044,0.0005,4856.3037109375,0.0,1.0,0.0,0.0,61.74521425204044,61.74521425204044,100.0
1,212.465222209864,0.0005,4790.2060546875,0.0,1.0,0.0,0.0,212.465222209864,212.465222209864,98.63893075506928
2,52.89118479476625,0.0005,4788.94384765625,0.0,1.0,0.0,0.0,52.89118479476625,52.89118479476625,98.61293964935636
3,59.30009731952889,0.0005,4431.10302734375,0.0,1.0,0.0,0.0,59.30009731952889,59.30009731952889,91.24435560658817
4,88.28958285410391,0.0005,4407.1923828125,0.0,1.0,0.0,0.0,88.28958285410391,88.28958285410391,90.75199256764978
5,68.85652558672606,0.0005,4314.79150390625,0.0,1.0,0.0,0.0,68.85652558672606,68.85652558672606,88.84929281066913
6,209.22043303710774,0.0005,4248.0693359375,0.0,1.0,0.0,0.0,209.22043303710774,209.22043303710774,87.47536374979765
7,86.58613373430245,0.0005,4207.06396484375,0.0,1.0,0.0,0.0,86.58613373430245,86.58613373430245,86.6309896427706
8,55.49065004400437,0.0005,3938.85888671875,0.0,1.0,0.0,0.0,55.49065004400437,55.49065004400437,81.10816623448703
