,mz(Da),mz_std(Da),Int,Gauss_r2,N_signals,Confidence_interval(Da),Confidence_interval(ppm),mz_min(Da),mz_max(Da),RelativeIntensity(%)
0,249.15730608416126,0.0005,87807.375,0.0,1.0,0.0,0.0,249.15730608416126,249.15730608416126,100.0
1,249.1871939317228,0.0005,8253.4599609375,0.0,1.0,0.0,0.0,249.1871939317228,249.1871939317228,9.399506545933642
2,250.1622813555549,0.0005,7491.17822265625,0.0,1.0,0.0,0.0,250.1622813555549,250.1622813555549,8.531377031435285
3,65.60587402925464,0.0005,4657.83935546875,0.0,1.0,0.0,0.0,65.60587402925464,65.60587402925464,5.304610638307716
4,126.0475518236058,0.0005,4398.16845703125,0.0,1.0,0.0,0.0,126.0475518236058,126.0475518236058,5.008882747071359
5,51.34597358387292,0.0005,4328.2001953125,0.0,1.0,0.0,0.0,51.34597358387292,51.34597358387292,4.929198937233347
6,83.97544889946877,0.0005,4164.12451171875,0.0,1.0,0.0,0.0,83.97544889946877,83.97544889946877,4.742340278044697
7,71.64665979202069,0.0005,4066.016357421875,0.0,1.0,0.0,0.0,71.64665979202069,71.64665979202069,4.6306091685600155
