,mz(Da),mz_std(Da),Int,Gauss_r2,N_signals,Confidence_interval(Da),Confidence_interval(ppm),mz_min(Da),mz_max(Da),RelativeIntensity(%)
0,141.61196178956726,0.0005,5070.9833984375,0.0,1.0,0.0,0.0,141.61196178956726,141.61196178956726,100.0
1,230.39504854916044,0.0005,4712.50439453125,0.0,1.0,0.0,0.0,230.39504854916044,230.39504854916044,92.93077938262022
2,72.18208044838954,0.0005,4415.81884765625,0.0,1.0,0.0,0.0,72.18208044838954,72.18208044838954,87.08012826500038
