,mz(Da),mz_std(Da),Int,Gauss_r2,N_signals,Confidence_interval(Da),Confidence_interval(ppm),mz_min(Da),mz_max(Da),RelativeIntensity(%)
0,249.15848419373722,0.0005,20198.09375,0.0,1.0,0.0,0.0,249.15848419373722,249.15848419373722,100.0
1,136.64250941743498,0.0005,5226.6181640625,0.0,1.0,0.0,0.0,136.64250941743498,136.64250941743498,25.87678930870642
2,81.19967625590094,0.0005,4703.91259765625,0.0,1.0,0.0,0.0,81.19967625590094,81.19967625590094,23.288893773236648
3,69.49771609166804,0.0005,4396.9501953125,0.0,1.0,0.0,0.0,69.49771609166804,69.49771609166804,21.769134502173006
4,79.72271916858448,0.0005,4311.1953125,0.0,1.0,0.0,0.0,79.72271916858448,79.72271916858448,21.344565313248932
5,222.4665848704853,0.0005,4311.1044921875,0.0,1.0,0.0,0.0,222.4665848704853,222.4665848704853,21.344115665308763
6,107.30396515497813,0.0005,4259.115234375,0.0,1.0,0.0,0.0,107.30396515497813,107.30396515497813,21.086718811645284
7,128.00031115974048,0.0005,4242.50830078125,0.0,1.0,0.0,0.0,128.00031115974048,128.00031115974048,21.004498510069794
