,mz(Da),mz_std(Da),Int,Gauss_r2,N_signals,Confidence_interval(Da),Confidence_interval(ppm),mz_min(Da),mz_max(Da),RelativeIntensity(%)
0,134.70018839742406,0.0005,5504.2265625,0.0,1.0,0.0,0.0,134.70018839742406,134.70018839742406,100.0
1,246.3293909423724,0.0005,5387.7236328125,0.0,1.0,0.0,0.0,246.3293909423724,246.3293909423724,97.88339145628146
2,157.62415410456975,0.0005,4846.26953125,0.0,1.0,0.0,0.0,157.62415410456975,157.62415410456975,88.04633087357585
3,158.16855570652208,0.0005,4843.24365234375,0.0,1.0,0.0,0.0,158.16855570652208,158.16855570652208,87.9913571389032
4,101.69005541851648,0.0005,4782.990234375,0.0,1.0,0.0,0.0,101.69005541851648,101.69005541851648,86.89668166934217
5,182.11234146600134,0.0005,4584.92626953125,0.0,1.0,0.0,0.0,182.11234146600134,182.11234146600134,83.2982839181822
6,268.0803654681971,0.0005,4411.90380859375,0.0,1.0,0.0,0.0,268.0803654681971,268.0803654681971,80.15483662412834
7,167.62200652269132,0.0005,4249.9716796875,0.0,1.0,0.0,0.0,167.62200652269132,167.62200652269132,77.21287689431843
8,72.237180561501,0.0005,4140.5966796875,0.0,1.0,0.0,0.0,72.237180561501,72.237180561501,75.22576755646584
