,mz(Da),mz_std(Da),Int,Gauss_r2,N_signals,Confidence_interval(Da),Confidence_interval(ppm),mz_min(Da),mz_max(Da),RelativeIntensity(%)
0,111.04417045177763,0.0005,37330.5703125,0.0,1.0,0.0,0.0,111.04417045177763,111.04417045177763,100.0
1,101.0596453442347,0.0005,12853.1259765625,0.0,1.0,0.0,0.0,101.0596453442347,101.0596453442347,34.43056419702937
2,129.05493698784244,0.0005,6943.59033203125,0.0,1.0,0.0,0.0,129.05493698784244,129.05493698784244,18.60027927220339
3,260.108598417346,0.0005,5766.72021484375,0.0,1.0,0.0,0.0,260.108598417346,260.108598417346,15.447715281522997
4,134.83057124454615,0.0005,5215.1533203125,0.0,1.0,0.0,0.0,134.83057124454615,134.83057124454615,13.970194606339097
5,187.09700851142202,0.0005,4857.0546875,0.0,1.0,0.0,0.0,187.09700851142202,187.09700851142202,13.010930845258567
6,245.1374885603864,0.0005,4474.41162109375,0.0,1.0,0.0,0.0,245.1374885603864,245.1374885603864,11.985918199582153
7,241.66725128156253,0.0005,4407.28857421875,0.0,1.0,0.0,0.0,241.66725128156253,241.66725128156253,11.806111016586817
8,147.50849453782368,0.0005,4150.5830078125,0.0,1.0,0.0,0.0,147.50849453782368,147.50849453782368,11.11845592785571
