,mz(Da),mz_std(Da),Int,Gauss_r2,N_signals,Confidence_interval(Da),Confidence_interval(ppm),mz_min(Da),mz_max(Da),RelativeIntensity(%)
0,111.04415498743043,0.0005,19001.33203125,0.0,1.0,0.0,0.0,111.04415498743043,111.04415498743043,100.0
1,101.0597896144463,0.0005,10988.7314453125,0.0,1.0,0.0,0.0,101.0597896144463,101.0597896144463,57.83137428070935
2,129.05498058519163,0.0005,9824.421875,0.0,1.0,0.0,0.0,129.05498058519163,129.05498058519163,51.703858754968046
3,83.0489484540351,0.0005,5653.40576171875,0.0,1.0,0.0,0.0,83.0489484540351,83.0489484540351,29.752681298453375
4,55.28518359029134,0.0005,5123.21435546875,0.0,1.0,0.0,0.0,55.28518359029134,55.28518359029134,26.962395831213314
5,258.2853562616348,0.0005,4659.62255859375,0.0,1.0,0.0,0.0,258.2853562616348,258.2853562616348,24.52261005139237
6,55.93700685762454,0.0005,4177.515625,0.0,1.0,0.0,0.0,55.93700685762454,55.93700685762454,21.985383014883208
