,mz(Da),mz_std(Da),Int,Gauss_r2,N_signals,Confidence_interval(Da),Confidence_interval(ppm),mz_min(Da),mz_max(Da),RelativeIntensity(%)
0,111.04390588345436,0.0005,28524.5234375,0.0,1.0,0.0,0.0,111.04390588345436,111.04390588345436,100.0
1,101.05983144622127,0.0005,12120.02734375,0.0,1.0,0.0,0.0,101.05983144622127,101.05983144622127,42.489850427496734
2,245.13650940522686,0.0005,8340.9873046875,0.0,1.0,0.0,0.0,245.13650940522686,245.13650940522686,29.241460678434866
3,169.08573508035317,0.0005,7441.548828125,0.0,1.0,0.0,0.0,169.08573508035317,169.08573508035317,26.088249447638123
4,129.05450847637724,0.0005,6280.3388671875,0.0,1.0,0.0,0.0,129.05450847637724,129.05450847637724,22.01733144095582
5,61.7614942245276,0.0005,4730.05615234375,0.0,1.0,0.0,0.0,61.7614942245276,61.7614942245276,16.582419554555443
6,65.05841416712849,0.0005,3938.784423828125,0.0,1.0,0.0,0.0,65.05841416712849,65.05841416712849,13.808414476961847
7,50.280168537849995,0.0005,3882.568603515625,0.0,1.0,0.0,0.0,50.280168537849995,50.280168537849995,13.611335565422186
