,mz(Da),mz_std(Da),Int,Gauss_r2,N_signals,Confidence_interval(Da),Confidence_interval(ppm),mz_min(Da),mz_max(Da),RelativeIntensity(%)
0,111.04429289316448,0.0005,21936.2109375,0.0,1.0,0.0,0.0,111.04429289316448,111.04429289316448,100.0
1,101.05933270325878,0.0005,9586.99609375,0.0,1.0,0.0,0.0,101.05933270325878,101.05933270325878,43.70397477059728
2,63.95932428999219,0.0005,5279.3525390625,0.0,1.0,0.0,0.0,63.95932428999219,63.95932428999219,24.06683886339475
3,50.37903454825828,0.0005,5121.68017578125,0.0,1.0,0.0,0.0,50.37903454825828,50.37903454825828,23.348062208071344
4,76.11712091019726,0.0005,4579.7568359375,0.0,1.0,0.0,0.0,76.11712091019726,76.11712091019726,20.877611220032517
5,96.2890013101277,0.0005,3977.041259765625,0.0,1.0,0.0,0.0,96.2890013101277,96.2890013101277,18.130028340340512
