,mz(Da),mz_std(Da),Int,Gauss_r2,N_signals,Confidence_interval(Da),Confidence_interval(ppm),mz_min(Da),mz_max(Da),RelativeIntensity(%)
0,111.04411746020256,0.0005,13849.51171875,0.0,1.0,0.0,0.0,111.04411746020256,111.04411746020256,100.0
1,73.42530703521874,0.0005,5418.89990234375,0.0,1.0,0.0,0.0,73.42530703521874,73.42530703521874,39.12701048519592
2,148.69208457359568,0.0005,4980.779296875,0.0,1.0,0.0,0.0,148.69208457359568,148.69208457359568,35.96357328707719
3,70.39058509305139,0.0005,4601.9326171875,0.0,1.0,0.0,0.0,70.39058509305139,70.39058509305139,33.228121760836
4,73.36771931766094,0.0005,4301.01806640625,0.0,1.0,0.0,0.0,73.36771931766094,73.36771931766094,31.05537692410749
