,mz(Da),mz_std(Da),Int,Gauss_r2,N_signals,Confidence_interval(Da),Confidence_interval(ppm),mz_min(Da),mz_max(Da),RelativeIntensity(%)
0,111.04407602151821,0.0005,17974.154296875,0.0,1.0,0.0,0.0,111.04407602151821,111.04407602151821,100.0
1,101.0597370204143,0.0005,11189.9765625,0.0,1.0,0.0,0.0,101.0597370204143,101.0597370204143,62.25592802686409
2,50.35750229453653,0.0005,5230.79248046875,0.0,1.0,0.0,0.0,50.35750229453653,50.35750229453653,29.101744616591947
3,129.05414437801812,0.0005,5092.42138671875,0.0,1.0,0.0,0.0,129.05414437801812,129.05414437801812,28.33191093504812
4,111.52210051112178,0.0005,5087.60595703125,0.0,1.0,0.0,0.0,111.52210051112178,111.52210051112178,28.30512007964561
5,51.77691206089253,0.0005,4532.505859375,0.0,1.0,0.0,0.0,51.77691206089253,51.77691206089253,25.21679620922707
6,219.2226163508037,0.0005,4519.9228515625,0.0,1.0,0.0,0.0,219.2226163508037,219.2226163508037,25.146790090415198
7,67.74297751539285,0.0005,4108.8271484375,0.0,1.0,0.0,0.0,67.74297751539285,67.74297751539285,22.859641018837053
8,199.52980674718376,0.0005,4048.62451171875,0.0,1.0,0.0,0.0,199.52980674718376,199.52980674718376,22.524700994820364
