,mz(Da),mz_std(Da),Int,Gauss_r2,N_signals,Confidence_interval(Da),Confidence_interval(ppm),mz_min(Da),mz_max(Da),RelativeIntensity(%)
0,111.04397080350572,0.0005,24582.322265625,0.0,1.0,0.0,0.0,111.04397080350572,111.04397080350572,100.0
1,129.054602870759,0.0005,7372.54736328125,0.0,1.0,0.0,0.0,129.054602870759,129.054602870759,29.991256658410766
2,257.72178676167243,0.0005,4868.13916015625,0.0,1.0,0.0,0.0,257.72178676167243,257.72178676167243,19.803414451870864
3,230.13405858475767,0.0005,4292.93603515625,0.0,1.0,0.0,0.0,230.13405858475767,230.13405858475767,17.463508893784745
4,50.36033358505152,0.0005,4248.62158203125,0.0,1.0,0.0,0.0,50.36033358505152,50.36033358505152,17.283239297421314
