,mz(Da),mz_std(Da),Int,Gauss_r2,N_signals,Confidence_interval(Da),Confidence_interval(ppm),mz_min(Da),mz_max(Da),RelativeIntensity(%)
0,111.04402033024124,0.0005,22550.798828125,0.0,1.0,0.0,0.0,111.04402033024124,111.04402033024124,100.0
1,101.05906308080831,0.0005,12859.208984375,0.0,1.0,0.0,0.0,101.05906308080831,101.05906308080831,57.0232969678094
2,245.13849709084437,0.0005,6149.5166015625,0.0,1.0,0.0,0.0,245.13849709084437,245.13849709084437,27.269617579546317
3,129.05516610910877,0.0005,5891.63134765625,0.0,1.0,0.0,0.0,129.05516610910877,129.05516610910877,26.126042773741126
4,107.35042342934358,0.0005,4861.56640625,0.0,1.0,0.0,0.0,107.35042342934358,107.35042342934358,21.558289102320984
5,173.63542646962577,0.0005,4717.3330078125,0.0,1.0,0.0,0.0,173.63542646962577,173.63542646962577,20.918695802159863
6,122.8165889222006,0.0005,4444.9814453125,0.0,1.0,0.0,0.0,122.8165889222006,122.8165889222006,19.710971124307974
7,119.6603783229223,0.0005,4368.4892578125,0.0,1.0,0.0,0.0,119.6603783229223,119.6603783229223,19.37177166586307
8,132.85174914717896,0.0005,3891.858154296875,0.0,1.0,0.0,0.0,132.85174914717896,132.85174914717896,17.25818310898597
