,mz(Da),mz_std(Da),Int,Gauss_r2,N_signals,Confidence_interval(Da),Confidence_interval(ppm),mz_min(Da),mz_max(Da),RelativeIntensity(%)
0,111.04389378736187,0.0005,62230.58984375,0.0,1.0,0.0,0.0,111.04389378736187,111.04389378736187,100.0
1,101.05971602698966,0.0005,25585.759765625,0.0,1.0,0.0,0.0,101.05971602698966,101.05971602698966,41.114441996880174
2,129.05497264261857,0.0005,17628.640625,0.0,1.0,0.0,0.0,129.05497264261857,129.05497264261857,28.327934331431532
3,245.138855910514,0.0005,13218.2099609375,0.0,1.0,0.0,0.0,245.138855910514,245.138855910514,21.24069528205676
4,169.08582529998756,0.0005,8031.359375,0.0,1.0,0.0,0.0,169.08582529998756,169.08582529998756,12.905806284602672
5,187.09658622819916,0.0005,6575.45166015625,0.0,1.0,0.0,0.0,187.09658622819916,187.09658622819916,10.566269220115132
6,83.04878813582201,0.0005,5382.2666015625,0.0,1.0,0.0,0.0,83.04878813582201,83.04878813582201,8.648908221947469
7,218.22249549277075,0.0005,4706.2939453125,0.0,1.0,0.0,0.0,218.22249549277075,218.22249549277075,7.562669672791422
8,138.0545414262544,0.0005,4609.2021484375,0.0,1.0,0.0,0.0,138.0545414262544,138.0545414262544,7.406650266388912
