,mz(Da),mz_std(Da),Int,Gauss_r2,N_signals,Confidence_interval(Da),Confidence_interval(ppm),mz_min(Da),mz_max(Da),RelativeIntensity(%)
0,111.0438802562571,0.0005,22101.1875,0.0,1.0,0.0,0.0,111.0438802562571,111.0438802562571,100.0
1,101.05946250886069,0.0005,7468.02783203125,0.0,1.0,0.0,0.0,101.05946250886069,101.05946250886069,33.79016549238022
2,134.90666468544288,0.0005,4898.73291015625,0.0,1.0,0.0,0.0,134.90666468544288,134.90666468544288,22.165021269360526
3,169.53111405700162,0.0005,4611.56640625,0.0,1.0,0.0,0.0,169.53111405700162,169.53111405700162,20.865695140815397
4,183.5494786602987,0.0005,4379.33984375,0.0,1.0,0.0,0.0,183.5494786602987,183.5494786602987,19.814952675054226
5,55.618442630677976,0.0005,4342.16259765625,0.0,1.0,0.0,0.0,55.618442630677976,55.618442630677976,19.646738880687973
6,213.8333296152598,0.0005,4317.76123046875,0.0,1.0,0.0,0.0,213.8333296152598,213.8333296152598,19.53633138702954
7,83.81208638287012,0.0005,4184.13037109375,0.0,1.0,0.0,0.0,83.81208638287012,83.81208638287012,18.93169935368292
8,133.06527271724855,0.0005,4125.86767578125,0.0,1.0,0.0,0.0,133.06527271724855,133.06527271724855,18.66808141318764
