,mz(Da),mz_std(Da),Int,Gauss_r2,N_signals,Confidence_interval(Da),Confidence_interval(ppm),mz_min(Da),mz_max(Da),RelativeIntensity(%)
0,111.04421558648693,0.0005,20045.83984375,0.0,1.0,0.0,0.0,111.04421558648693,111.04421558648693,100.0
1,101.05985519726835,0.0005,8207.958984375,0.0,1.0,0.0,0.0,101.05985519726835,101.05985519726835,40.94594713094109
2,109.88407292302969,0.0005,5056.845703125,0.0,1.0,0.0,0.0,109.88407292302969,109.88407292302969,25.226409781487156
3,124.00732209836525,0.0005,4912.92919921875,0.0,1.0,0.0,0.0,124.00732209836525,124.00732209836525,24.508472767981978
4,84.08670850860932,0.0005,4898.07958984375,0.0,1.0,0.0,0.0,84.08670850860932,84.08670850860932,24.43439450790035
5,156.32473839784132,0.0005,4834.12451171875,0.0,1.0,0.0,0.0,156.32473839784132,156.32473839784132,24.115350363960726
6,120.30898994689247,0.0005,4573.50830078125,0.0,1.0,0.0,0.0,120.30898994689247,120.30898994689247,22.815249131141808
7,102.18377956369477,0.0005,4479.72216796875,0.0,1.0,0.0,0.0,102.18377956369477,102.18377956369477,22.34739079473122
8,62.48345399549099,0.0005,4088.3486328125,0.0,1.0,0.0,0.0,62.48345399549099,62.48345399549099,20.3949979880099
