,mz(Da),mz_std(Da),Int,Gauss_r2,N_signals,Confidence_interval(Da),Confidence_interval(ppm),mz_min(Da),mz_max(Da),RelativeIntensity(%)
0,111.04385092797378,0.0005,28869.9609375,0.0,1.0,0.0,0.0,111.04385092797378,111.04385092797378,100.0
1,101.05965532799348,0.0005,12131.77734375,0.0,1.0,0.0,0.0,101.05965532799348,101.05965532799348,42.02214672203347
2,245.13767105398793,0.0005,7870.06005859375,0.0,1.0,0.0,0.0,245.13767105398793,245.13767105398793,27.26037654027827
3,129.05538551556276,0.0005,7586.576171875,0.0,1.0,0.0,0.0,129.05538551556276,129.05538551556276,26.278442801841774
4,55.61879663082146,0.0005,5024.27392578125,0.0,1.0,0.0,0.0,55.61879663082146,55.61879663082146,17.403119930290863
5,179.82988173906813,0.0005,4545.56884765625,0.0,1.0,0.0,0.0,179.82988173906813,179.82988173906813,15.744977478483122
6,171.78232288357617,0.0005,4530.68408203125,0.0,1.0,0.0,0.0,171.78232288357617,171.78232288357617,15.693419509086407
7,66.10233737514217,0.0005,4457.001953125,0.0,1.0,0.0,0.0,66.10233737514217,66.10233737514217,15.43819876574781
