,mz(Da),mz_std(Da),Int,Gauss_r2,N_signals,Confidence_interval(Da),Confidence_interval(ppm),mz_min(Da),mz_max(Da),RelativeIntensity(%)
0,111.04379931473034,0.0005,21545.353515625,0.0,1.0,0.0,0.0,111.04379931473034,111.04379931473034,100.0
1,101.06025383558242,0.0005,6554.99365234375,0.0,1.0,0.0,0.0,101.06025383558242,101.06025383558242,30.424163834629002
2,129.05415097734942,0.0005,6046.2978515625,0.0,1.0,0.0,0.0,129.05415097734942,129.05415097734942,28.06311740105651
3,187.09618199518826,0.0005,5792.70654296875,0.0,1.0,0.0,0.0,187.09618199518826,187.09618199518826,26.886105808232834
4,60.059220414769584,0.0005,5101.1689453125,0.0,1.0,0.0,0.0,60.059220414769584,60.059220414769584,23.67642258277665
5,155.39755586827152,0.0005,4736.80126953125,0.0,1.0,0.0,0.0,155.39755586827152,155.39755586827152,21.98525666379089
6,204.68025558055416,0.0005,4582.25732421875,0.0,1.0,0.0,0.0,204.68025558055416,204.68025558055416,21.267960727103556
