,mz(Da),mz_std(Da),Int,Gauss_r2,N_signals,Confidence_interval(Da),Confidence_interval(ppm),mz_min(Da),mz_max(Da),RelativeIntensity(%)
0,111.04355062622125,0.0005,23431.07421875,0.0,1.0,0.0,0.0,111.04355062622125,111.04355062622125,100.0
1,101.06020838058271,0.0005,8899.6630859375,0.0,1.0,0.0,0.0,101.06020838058271,101.06020838058271,37.98230931647093
2,51.76888058150909,0.0005,4674.3466796875,0.0,1.0,0.0,0.0,51.76888058150909,51.76888058150909,19.949348613078087
3,102.74453158643142,0.0005,4570.64013671875,0.0,1.0,0.0,0.0,102.74453158643142,102.74453158643142,19.506746016199443
4,67.90481226364469,0.0005,4508.37353515625,0.0,1.0,0.0,0.0,67.90481226364469,67.90481226364469,19.24100232480405
