,mz(Da),mz_std(Da),Int,Gauss_r2,N_signals,Confidence_interval(Da),Confidence_interval(ppm),mz_min(Da),mz_max(Da),RelativeIntensity(%)
0,111.04373819088494,0.0005,21784.310546875,0.0,1.0,0.0,0.0,111.04373819088494,111.04373819088494,100.0
1,101.05984734644491,0.0005,10663.158203125,0.0,1.0,0.0,0.0,101.05984734644491,101.05984734644491,48.948798173714295
2,129.05429582842106,0.0005,6766.1962890625,0.0,1.0,0.0,0.0,129.05429582842106,129.05429582842106,31.05995149354462
3,61.12894337177241,0.0005,5057.6650390625,0.0,1.0,0.0,0.0,61.12894337177241,61.12894337177241,23.217007617383747
