,mz(Da),mz_std(Da),Int,Gauss_r2,N_signals,Confidence_interval(Da),Confidence_interval(ppm),mz_min(Da),mz_max(Da),RelativeIntensity(%)
0,111.04370882606392,0.0005,28258.203125,0.0,1.0,0.0,0.0,111.04370882606392,111.04370882606392,100.0
1,129.0541210254226,0.0005,8553.6904296875,0.0,1.0,0.0,0.0,129.0541210254226,129.0541210254226,30.26976057837188
2,101.05985425324315,0.0005,6078.13720703125,0.0,1.0,0.0,0.0,101.05985425324315,101.05985425324315,21.509284154214072
3,154.03644312678222,0.0005,4889.36572265625,0.0,1.0,0.0,0.0,154.03644312678222,154.03644312678222,17.302465061306865
4,70.49395771011044,0.0005,4627.99072265625,0.0,1.0,0.0,0.0,70.49395771011044,70.49395771011044,16.377512406519124
5,56.053769020738926,0.0005,4473.22412109375,0.0,1.0,0.0,0.0,56.053769020738926,56.053769020738926,15.829825064624487
6,83.69807610469424,0.0005,4320.71728515625,0.0,1.0,0.0,0.0,83.69807610469424,83.69807610469424,15.29013457099017
7,66.76872227786897,0.0005,4050.661376953125,0.0,1.0,0.0,0.0,66.76872227786897,66.76872227786897,14.334461957949157
8,65.2770619735108,0.0005,3990.397216796875,0.0,1.0,0.0,0.0,65.2770619735108,65.2770619735108,14.121199423563402
