,mz(Da),mz_std(Da),Int,Gauss_r2,N_signals,Confidence_interval(Da),Confidence_interval(ppm),mz_min(Da),mz_max(Da),RelativeIntensity(%)
0,111.04450792123419,0.0005,25960.23046875,0.0,1.0,0.0,0.0,111.04450792123419,111.04450792123419,100.0
1,101.06003262534522,0.0005,6822.5380859375,0.0,1.0,0.0,0.0,101.06003262534522,101.06003262534522,26.28073003492873
2,245.1379986626996,0.0005,5425.17333984375,0.0,1.0,0.0,0.0,245.1379986626996,245.1379986626996,20.898016858418806
3,56.54236079317933,0.0005,4552.935546875,0.0,1.0,0.0,0.0,56.54236079317933,56.54236079317933,17.53811682201998
4,117.69206564898253,0.0005,4370.64892578125,0.0,1.0,0.0,0.0,117.69206564898253,117.69206564898253,16.83594038597801
5,64.7583272356946,0.0005,4275.9833984375,0.0,1.0,0.0,0.0,64.7583272356946,64.7583272356946,16.471284427096194
6,55.2354871464816,0.0005,4144.6015625,0.0,1.0,0.0,0.0,55.2354871464816,55.2354871464816,15.965195561299517
