,mz(Da),mz_std(Da),Int,Gauss_r2,N_signals,Confidence_interval(Da),Confidence_interval(ppm),mz_min(Da),mz_max(Da),RelativeIntensity(%)
0,111.044064687674,0.0005,26237.3984375,0.0,1.0,0.0,0.0,111.044064687674,111.044064687674,100.0
1,101.05982029665145,0.0005,7403.68115234375,0.0,1.0,0.0,0.0,101.05982029665145,101.05982029665145,28.218045969687232
2,129.05480009270008,0.0005,7037.884765625,0.0,1.0,0.0,0.0,129.05480009270008,129.05480009270008,26.82386663597733
3,245.1379815294644,0.0005,5483.14794921875,0.0,1.0,0.0,0.0,245.1379815294644,245.1379815294644,20.89821505085626
4,88.79992441942179,0.0005,4726.17138671875,0.0,1.0,0.0,0.0,88.79992441942179,88.79992441942179,18.013109790503595
5,244.4430912142272,0.0005,4449.46875,0.0,1.0,0.0,0.0,244.4430912142272,244.4430912142272,16.958498231442654
6,89.80163258964978,0.0005,4266.92431640625,0.0,1.0,0.0,0.0,89.80163258964978,89.80163258964978,16.262756868103644
