,mz(Da),mz_std(Da),Int,Gauss_r2,N_signals,Confidence_interval(Da),Confidence_interval(ppm),mz_min(Da),mz_max(Da),RelativeIntensity(%)
0,111.04393506886058,0.0005,23106.83984375,0.0,1.0,0.0,0.0,111.04393506886058,111.04393506886058,100.0
1,101.06020065867747,0.0005,8808.8046875,0.0,1.0,0.0,0.0,101.06020065867747,101.06020065867747,38.122065791193116
2,129.05464932591212,0.0005,7871.24365234375,0.0,1.0,0.0,0.0,129.05464932591212,129.05464932591212,34.064561426701474
3,156.72619792349647,0.0005,4302.5009765625,0.0,1.0,0.0,0.0,156.72619792349647,156.72619792349647,18.62003201500638
