,mz(Da),mz_std(Da),Int,Gauss_r2,N_signals,Confidence_interval(Da),Confidence_interval(ppm),mz_min(Da),mz_max(Da),RelativeIntensity(%)
0,111.04384467234473,0.0005,38538.47265625,0.0,1.0,0.0,0.0,111.04384467234473,111.04384467234473,100.0
1,101.05977977389983,0.0005,14029.68359375,0.0,1.0,0.0,0.0,101.05977977389983,101.05977977389983,36.40435810440642
2,129.05511640137843,0.0005,8898.931640625,0.0,1.0,0.0,0.0,129.05511640137843,129.05511640137843,23.091033523825473
3,138.05552313931275,0.0005,5764.4423828125,0.0,1.0,0.0,0.0,138.05552313931275,138.05552313931275,14.957630610401598
4,55.054193300906114,0.0005,5393.13720703125,0.0,1.0,0.0,0.0,55.054193300906114,55.054193300906114,13.994164364364384
5,50.780869206567175,0.0005,4658.7138671875,0.0,1.0,0.0,0.0,50.780869206567175,50.780869206567175,12.088475609144231
6,108.71377263636242,0.0005,4606.3876953125,0.0,1.0,0.0,0.0,108.71377263636242,108.71377263636242,11.952699154426547
7,51.954366971031966,0.0005,4538.02001953125,0.0,1.0,0.0,0.0,51.954366971031966,51.954366971031966,11.775298050882393
