,mz(Da),mz_std(Da),Int,Gauss_r2,N_signals,Confidence_interval(Da),Confidence_interval(ppm),mz_min(Da),mz_max(Da),RelativeIntensity(%)
0,111.04405731405316,0.0005,14054.9990234375,0.0,1.0,0.0,0.0,111.04405731405316,111.04405731405316,100.0
1,246.0588678639511,0.0005,7960.095703125,0.0,1.0,0.0,0.0,246.0588678639511,246.0588678639511,56.63533444471318
2,218.0641767578578,0.0005,7211.42529296875,0.0,1.0,0.0,0.0,218.0641767578578,218.0641767578578,51.308614685374884
3,116.58167900806504,0.0005,4834.40234375,0.0,1.0,0.0,0.0,116.58167900806504,116.58167900806504,34.3963193144899
4,138.61943526577625,0.0005,4783.45654296875,0.0,1.0,0.0,0.0,138.61943526577625,138.61943526577625,34.03384471953408
5,89.4650807636106,0.0005,4501.9697265625,0.0,1.0,0.0,0.0,89.4650807636106,89.4650807636106,32.03109241811553
6,85.06405227786476,0.0005,4237.380859375,0.0,1.0,0.0,0.0,85.06405227786476,85.06405227786476,30.148567440730016
7,192.80340545271906,0.0005,4212.84228515625,0.0,1.0,0.0,0.0,192.80340545271906,192.80340545271906,29.973977786345618
