,mz(Da),mz_std(Da),Int,Gauss_r2,N_signals,Confidence_interval(Da),Confidence_interval(ppm),mz_min(Da),mz_max(Da),RelativeIntensity(%)
0,111.04424424885309,0.0005,15160.6572265625,0.0,1.0,0.0,0.0,111.04424424885309,111.04424424885309,100.0
1,245.07925426358685,0.0005,7337.07275390625,0.0,1.0,0.0,0.0,245.07925426358685,245.07925426358685,48.39547945884035
2,193.1729918745238,0.0005,4828.54931640625,0.0,1.0,0.0,0.0,193.1729918745238,193.1729918745238,31.849208409951412
3,52.918476523638034,0.0005,4236.9365234375,0.0,1.0,0.0,0.0,52.918476523638034,52.918476523638034,27.94691852813676
4,70.82185830901243,0.0005,4098.333984375,0.0,1.0,0.0,0.0,70.82185830901243,70.82185830901243,27.032693392700953
5,76.47290515270369,0.0005,4014.768798828125,0.0,1.0,0.0,0.0,76.47290515270369,76.47290515270369,26.481495748046974
