,mz(Da),mz_std(Da),Int,Gauss_r2,N_signals,Confidence_interval(Da),Confidence_interval(ppm),mz_min(Da),mz_max(Da),RelativeIntensity(%)
0,111.04391551051663,0.0005,12514.6943359375,0.0,1.0,0.0,0.0,111.04391551051663,111.04391551051663,100.0
1,101.0591966752145,0.0005,6160.11083984375,0.0,1.0,0.0,0.0,101.0591966752145,101.0591966752145,49.22302274818032
2,67.26515163861296,0.0005,4879.19677734375,0.0,1.0,0.0,0.0,67.26515163861296,67.26515163861296,38.98774230012578
3,51.101521382063304,0.0005,4835.7880859375,0.0,1.0,0.0,0.0,51.101521382063304,51.101521382063304,38.640880521156106
4,227.6679264866264,0.0005,4478.357421875,0.0,1.0,0.0,0.0,227.6679264866264,227.6679264866264,35.78479267379979
5,61.82018297232534,0.0005,4256.80029296875,0.0,1.0,0.0,0.0,61.82018297232534,61.82018297232534,34.01441680237302
6,55.09051785595057,0.0005,4230.58837890625,0.0,1.0,0.0,0.0,55.09051785595057,55.09051785595057,33.80496770710244
