,mz(Da),mz_std(Da),Int,Gauss_r2,N_signals,Confidence_interval(Da),Confidence_interval(ppm),mz_min(Da),mz_max(Da),RelativeIntensity(%)
0,111.04355882805231,0.0005,9770.3251953125,0.0,1.0,0.0,0.0,111.04355882805231,111.04355882805231,100.0
1,170.96455792778832,0.0005,5331.23876953125,0.0,1.0,0.0,0.0,170.96455792778832,170.96455792778832,54.56562256585905
2,109.00418753463912,0.0005,4692.89501953125,0.0,1.0,0.0,0.0,109.00418753463912,109.00418753463912,48.03212713720886
3,149.18888807008557,0.0005,4532.5439453125,0.0,1.0,0.0,0.0,149.18888807008557,149.18888807008557,46.39092204921771
4,80.57265171285026,0.0005,4200.4150390625,0.0,1.0,0.0,0.0,80.57265171285026,80.57265171285026,42.99155816305612
