,mz(Da),mz_std(Da),Int,Gauss_r2,N_signals,Confidence_interval(Da),Confidence_interval(ppm),mz_min(Da),mz_max(Da),RelativeIntensity(%)
0,111.04399384566146,0.0005,15388.6591796875,0.0,1.0,0.0,0.0,111.04399384566146,111.04399384566146,100.0
1,61.61604885071722,0.0005,5899.20947265625,0.0,1.0,0.0,0.0,61.61604885071722,61.61604885071722,38.33478540120638
2,116.06968556236728,0.0005,4446.095703125,0.0,1.0,0.0,0.0,116.06968556236728,116.06968556236728,28.89202789671041
3,101.059334950736,0.0005,4391.91650390625,0.0,1.0,0.0,0.0,101.059334950736,101.059334950736,28.53995564281148
4,64.99213971917229,0.0005,4268.66357421875,0.0,1.0,0.0,0.0,64.99213971917229,64.99213971917229,27.73902212255918
5,63.04389887979009,0.0005,4099.74267578125,0.0,1.0,0.0,0.0,63.04389887979009,63.04389887979009,26.641324808809653
