,mz(Da),mz_std(Da),Int,Gauss_r2,N_signals,Confidence_interval(Da),Confidence_interval(ppm),mz_min(Da),mz_max(Da),RelativeIntensity(%)
0,111.04431856005094,0.0005,12494.421875,0.0,1.0,0.0,0.0,111.04431856005094,111.04431856005094,100.0
1,51.094872275499135,0.0005,4701.251953125,0.0,1.0,0.0,0.0,51.094872275499135,51.094872275499135,37.626806587439646
2,153.92089069433086,0.0005,4627.951171875,0.0,1.0,0.0,0.0,153.92089069433086,153.92089069433086,37.040138536822056
3,106.40428352922979,0.0005,4425.89892578125,0.0,1.0,0.0,0.0,106.40428352922979,106.40428352922979,35.42299891951784
4,57.19749722575942,0.0005,4322.5009765625,0.0,1.0,0.0,0.0,57.19749722575942,57.19749722575942,34.595446030291015
5,248.0987238169294,0.0005,4264.15673828125,0.0,1.0,0.0,0.0,248.0987238169294,248.0987238169294,34.12848374211992
6,51.04901733202202,0.0005,4252.951171875,0.0,1.0,0.0,0.0,51.04901733202202,51.04901733202202,34.03879918913815
7,90.10757132543584,0.0005,4193.08837890625,0.0,1.0,0.0,0.0,90.10757132543584,90.10757132543584,33.559683039806515
8,148.84851305867502,0.0005,3882.64990234375,0.0,1.0,0.0,0.0,148.84851305867502,148.84851305867502,31.075066467160973
