,mz(Da),mz_std(Da),Int,Gauss_r2,N_signals,Confidence_interval(Da),Confidence_interval(ppm),mz_min(Da),mz_max(Da),RelativeIntensity(%)
0,111.04420480414586,0.0005,10532.8818359375,0.0,1.0,0.0,0.0,111.04420480414586,111.04420480414586,100.0
1,256.71679158727363,0.0005,5184.4130859375,0.0,1.0,0.0,0.0,256.71679158727363,256.71679158727363,49.22122137788182
2,52.10083627617237,0.0005,5114.5498046875,0.0,1.0,0.0,0.0,52.10083627617237,52.10083627617237,48.55793394773492
3,76.76651160556966,0.0005,4587.88916015625,0.0,1.0,0.0,0.0,76.76651160556966,76.76651160556966,43.55777679478634
4,151.1962534529194,0.0005,4199.76953125,0.0,1.0,0.0,0.0,151.1962534529194,151.1962534529194,39.872938827820725
5,171.4433540439577,0.0005,4167.23974609375,0.0,1.0,0.0,0.0,171.4433540439577,171.4433540439577,39.564098515521195
6,79.58821975750251,0.0005,3912.11865234375,0.0,1.0,0.0,0.0,79.58821975750251,79.58821975750251,37.14195899355728
7,149.3600869227207,0.0005,3633.799560546875,0.0,1.0,0.0,0.0,149.3600869227207,149.3600869227207,34.499575872470054
