,mz(Da),mz_std(Da),Int,Gauss_r2,N_signals,Confidence_interval(Da),Confidence_interval(ppm),mz_min(Da),mz_max(Da),RelativeIntensity(%)
0,133.69930252925798,0.0005,4276.61279296875,0.0,1.0,0.0,0.0,133.69930252925798,133.69930252925798,100.0
1,52.92453276062643,0.0005,4202.67626953125,0.0,1.0,0.0,0.0,52.92453276062643,52.92453276062643,98.27114291106597
2,53.554213285758934,0.0005,4170.51708984375,0.0,1.0,0.0,0.0,53.554213285758934,53.554213285758934,97.51916509019864
3,116.35090591356004,0.0005,4072.73095703125,0.0,1.0,0.0,0.0,116.35090591356004,116.35090591356004,95.23263279124298
4,79.00908660951382,0.0005,4042.050537109375,0.0,1.0,0.0,0.0,79.00908660951382,79.00908660951382,94.5152327972029
5,53.81063935657181,0.0005,3943.5673828125,0.0,1.0,0.0,0.0,53.81063935657181,53.81063935657181,92.21240205089842
