,mz(Da),mz_std(Da),Int,Gauss_r2,N_signals,Confidence_interval(Da),Confidence_interval(ppm),mz_min(Da),mz_max(Da),RelativeIntensity(%)
0,111.0441792127274,0.0005,10396.9609375,0.0,1.0,0.0,0.0,111.0441792127274,111.0441792127274,100.0
1,131.50381229332163,0.0005,5542.83544921875,0.0,1.0,0.0,0.0,131.50381229332163,131.50381229332163,53.31207342740629
2,103.14288429206084,0.0005,4670.748046875,0.0,1.0,0.0,0.0,103.14288429206084,103.14288429206084,44.92416654205593
3,142.1860307003489,0.0005,4614.6416015625,0.0,1.0,0.0,0.0,142.1860307003489,142.1860307003489,44.384523797894666
4,64.88458195857253,0.0005,4176.43701171875,0.0,1.0,0.0,0.0,64.88458195857253,64.88458195857253,40.16978650612295
5,53.15133539512085,0.0005,4105.44921875,0.0,1.0,0.0,0.0,53.15133539512085,53.15133539512085,39.487012055055146
