,mz(Da),mz_std(Da),Int,Gauss_r2,N_signals,Confidence_interval(Da),Confidence_interval(ppm),mz_min(Da),mz_max(Da),RelativeIntensity(%)
0,155.8621674298663,0.0005,4753.9306640625,0.0,1.0,0.0,0.0,155.8621674298663,155.8621674298663,100.0
1,50.70935342959409,0.0005,4572.73828125,0.0,1.0,0.0,0.0,50.70935342959409,50.70935342959409,96.18857750319688
2,56.727719025864836,0.0005,4098.9365234375,0.0,1.0,0.0,0.0,56.727719025864836,56.727719025864836,86.22205103712491
3,83.2334243736421,0.0005,4013.76513671875,0.0,1.0,0.0,0.0,83.2334243736421,83.2334243736421,84.43045177459031
