,mz(Da),mz_std(Da),Int,Gauss_r2,N_signals,Confidence_interval(Da),Confidence_interval(ppm),mz_min(Da),mz_max(Da),RelativeIntensity(%)
0,166.9587961217961,0.0005,4871.416015625,0.0,1.0,0.0,0.0,166.9587961217961,166.9587961217961,100.0
1,53.67498272225266,0.0005,4730.76513671875,0.0,1.0,0.0,0.0,53.67498272225266,53.67498272225266,97.11273111442105
2,50.06624192646446,0.0005,4634.28271484375,0.0,1.0,0.0,0.0,50.06624192646446,50.06624192646446,95.132148434446
3,140.67455206314014,0.0005,4465.28125,0.0,1.0,0.0,0.0,140.67455206314014,140.67455206314014,91.66290121142747
4,169.9869503452934,0.0005,4386.16943359375,0.0,1.0,0.0,0.0,169.9869503452934,169.9869503452934,90.03890079445426
5,69.35294162554706,0.0005,4292.439453125,0.0,1.0,0.0,0.0,69.35294162554706,69.35294162554706,88.11481998985633
6,67.14343162479119,0.0005,4247.0849609375,0.0,1.0,0.0,0.0,67.14343162479119,67.14343162479119,87.18378695876176
7,52.26495549782028,0.0005,4184.74658203125,0.0,1.0,0.0,0.0,52.26495549782028,52.26495549782028,85.9041101931909
