,mz(Da),mz_std(Da),Int,Gauss_r2,N_signals,Confidence_interval(Da),Confidence_interval(ppm),mz_min(Da),mz_max(Da),RelativeIntensity(%)
0,111.04403585319174,0.0005,9198.06640625,0.0,1.0,0.0,0.0,111.04403585319174,111.04403585319174,100.0
1,129.96132269955925,0.0005,5471.82763671875,0.0,1.0,0.0,0.0,129.96132269955925,129.96132269955925,59.488890328087805
2,78.52707666895643,0.0005,4868.84521484375,0.0,1.0,0.0,0.0,78.52707666895643,78.52707666895643,52.9333557706804
3,189.05297945189812,0.0005,4542.35498046875,0.0,1.0,0.0,0.0,189.05297945189812,189.05297945189812,49.383802854285356
4,135.90169950526746,0.0005,4128.32568359375,0.0,1.0,0.0,0.0,135.90169950526746,135.90169950526746,44.882538364678375
5,73.0096583518299,0.0005,4120.93310546875,0.0,1.0,0.0,0.0,73.0096583518299,73.0096583518299,44.80216736279067
