,mz(Da),mz_std(Da),Int,Gauss_r2,N_signals,Confidence_interval(Da),Confidence_interval(ppm),mz_min(Da),mz_max(Da),RelativeIntensity(%)
0,111.04452374941522,0.0005,5849.939453125,0.0,1.0,0.0,0.0,111.04452374941522,111.04452374941522,100.0
1,57.84956781977486,0.0005,5221.37255859375,0.0,1.0,0.0,0.0,57.84956781977486,57.84956781977486,89.25515555215749
2,178.30968038956016,0.0005,5171.5810546875,0.0,1.0,0.0,0.0,178.30968038956016,178.30968038956016,88.40400992398092
3,136.63751176706074,0.0005,5084.099609375,0.0,1.0,0.0,0.0,136.63751176706074,136.63751176706074,86.90858512491282
4,54.852300162022956,0.0005,5070.60107421875,0.0,1.0,0.0,0.0,54.852300162022956,54.852300162022956,86.67783854600525
5,129.3954530138417,0.0005,4681.3974609375,0.0,1.0,0.0,0.0,129.3954530138417,129.3954530138417,80.02471646841964
6,64.3816603833122,0.0005,4482.90234375,0.0,1.0,0.0,0.0,64.3816603833122,64.3816603833122,76.63160242376973
7,68.98822579227698,0.0005,4429.63916015625,0.0,1.0,0.0,0.0,68.98822579227698,68.98822579227698,75.72111122944982
