,mz(Da),mz_std(Da),Int,Gauss_r2,N_signals,Confidence_interval(Da),Confidence_interval(ppm),mz_min(Da),mz_max(Da),RelativeIntensity(%)
0,111.04409521326293,0.0005,8190.95068359375,0.0,1.0,0.0,0.0,111.04409521326293,111.04409521326293,100.0
1,136.00067529502292,0.0005,4822.70947265625,0.0,1.0,0.0,0.0,136.00067529502292,136.00067529502292,58.878507012818496
2,245.55155322063644,0.0005,4671.0390625,0.0,1.0,0.0,0.0,245.55155322063644,245.55155322063644,57.02682439360749
3,148.39413728312314,0.0005,4540.01513671875,0.0,1.0,0.0,0.0,148.39413728312314,148.39413728312314,55.42720634141134
4,124.54175225670559,0.0005,4239.13134765625,0.0,1.0,0.0,0.0,124.54175225670559,124.54175225670559,51.753838002554616
5,182.88113039381508,0.0005,3766.03466796875,0.0,1.0,0.0,0.0,182.88113039381508,182.88113039381508,45.97799221904747
