,mz(Da),mz_std(Da),Int,Gauss_r2,N_signals,Confidence_interval(Da),Confidence_interval(ppm),mz_min(Da),mz_max(Da),RelativeIntensity(%)
0,111.04422973393889,0.0005,8064.9765625,0.0,1.0,0.0,0.0,111.04422973393889,111.04422973393889,100.0
1,129.98366250446557,0.0005,5078.94384765625,0.0,1.0,0.0,0.0,129.98366250446557,129.98366250446557,62.975308214434136
2,149.58444281975042,0.0005,4620.9619140625,0.0,1.0,0.0,0.0,149.58444281975042,149.58444281975042,57.29665645339561
3,253.73177067643104,0.0005,4570.23681640625,0.0,1.0,0.0,0.0,253.73177067643104,253.73177067643104,56.66770115187486
4,128.45302172928015,0.0005,4264.1787109375,0.0,1.0,0.0,0.0,128.45302172928015,128.45302172928015,52.872797309353615
5,163.7323251269359,0.0005,4228.39599609375,0.0,1.0,0.0,0.0,163.7323251269359,163.7323251269359,52.429116976665114
6,54.1090856113175,0.0005,4128.8173828125,0.0,1.0,0.0,0.0,54.1090856113175,54.1090856113175,51.194412665876854
7,58.621347416147586,0.0005,4120.88232421875,0.0,1.0,0.0,0.0,58.621347416147586,58.621347416147586,51.09602355671756
