,mz(Da),mz_std(Da),Int,Gauss_r2,N_signals,Confidence_interval(Da),Confidence_interval(ppm),mz_min(Da),mz_max(Da),RelativeIntensity(%)
0,111.04378116789132,0.0005,8300.01171875,0.0,1.0,0.0,0.0,111.04378116789132,111.04378116789132,100.0
1,254.53789554195123,0.0005,4521.728515625,0.0,1.0,0.0,0.0,254.53789554195123,254.53789554195123,54.478579896583355
2,171.24706686701967,0.0005,4364.06640625,0.0,1.0,0.0,0.0,171.24706686701967,171.24706686701967,52.57903909209466
3,74.39923853687853,0.0005,4166.88525390625,0.0,1.0,0.0,0.0,74.39923853687853,74.39923853687853,50.20336591203984
