,mz(Da),mz_std(Da),Int,Gauss_r2,N_signals,Confidence_interval(Da),Confidence_interval(ppm),mz_min(Da),mz_max(Da),RelativeIntensity(%)
0,187.67026522556287,0.0005,4900.81982421875,0.0,1.0,0.0,0.0,187.67026522556287,187.67026522556287,100.0
1,110.26047664939537,0.0005,4839.515625,0.0,1.0,0.0,0.0,110.26047664939537,110.26047664939537,98.74910318237372
2,82.941422639634,0.0005,4552.7021484375,0.0,1.0,0.0,0.0,82.941422639634,82.941422639634,92.89674609009434
3,82.99120642993769,0.0005,4413.57373046875,0.0,1.0,0.0,0.0,82.99120642993769,82.99120642993769,90.05786559746312
4,182.6024438485042,0.0005,4275.74072265625,0.0,1.0,0.0,0.0,182.6024438485042,182.6024438485042,87.24541762434318
