,mz(Da),mz_std(Da),Int,Gauss_r2,N_signals,Confidence_interval(Da),Confidence_interval(ppm),mz_min(Da),mz_max(Da),RelativeIntensity(%)
0,111.04430724107175,0.0005,9421.4677734375,0.0,1.0,0.0,0.0,111.04430724107175,111.04430724107175,100.0
1,68.78352265679888,0.0005,4706.4638671875,0.0,1.0,0.0,0.0,68.78352265679888,68.78352265679888,49.95467776747813
2,75.66972074654129,0.0005,4561.17041015625,0.0,1.0,0.0,0.0,75.66972074654129,75.66972074654129,48.41252467068695
3,138.73048485796204,0.0005,4445.0205078125,0.0,1.0,0.0,0.0,138.73048485796204,138.73048485796204,47.17970293699468
4,216.29802847092247,0.0005,4391.35888671875,0.0,1.0,0.0,0.0,216.29802847092247,216.29802847092247,46.610135409044936
5,142.39169065127618,0.0005,4357.2138671875,0.0,1.0,0.0,0.0,142.39169065127618,142.39169065127618,46.247718210872094
6,164.99236671325482,0.0005,4336.18359375,0.0,1.0,0.0,0.0,164.99236671325482,164.99236671325482,46.024501680887326
7,128.96161500672392,0.0005,4166.9599609375,0.0,1.0,0.0,0.0,128.96161500672392,128.96161500672392,44.22835232410024
8,113.98674851046795,0.0005,3784.0810546875,0.0,1.0,0.0,0.0,113.98674851046795,113.98674851046795,40.16445362532771
