,mz(Da),mz_std(Da),Int,Gauss_r2,N_signals,Confidence_interval(Da),Confidence_interval(ppm),mz_min(Da),mz_max(Da),RelativeIntensity(%)
0,111.0443309388792,0.0005,8130.0009765625,0.0,1.0,0.0,0.0,111.0443309388792,111.0443309388792,100.0
1,168.54510968920718,0.0005,5380.1708984375,0.0,1.0,0.0,0.0,168.54510968920718,168.54510968920718,66.17675586937415
2,118.11697677374596,0.0005,4953.453125,0.0,1.0,0.0,0.0,118.11697677374596,118.11697677374596,60.92807539974494
3,77.1085207769591,0.0005,4655.8251953125,0.0,1.0,0.0,0.0,77.1085207769591,77.1085207769591,57.26721569572382
4,91.06511962841788,0.0005,4317.81982421875,0.0,1.0,0.0,0.0,91.06511962841788,91.06511962841788,53.10970855558737
