,mz(Da),mz_std(Da),Int,Gauss_r2,N_signals,Confidence_interval(Da),Confidence_interval(ppm),mz_min(Da),mz_max(Da),RelativeIntensity(%)
0,111.04423076073793,0.0005,6372.72119140625,0.0,1.0,0.0,0.0,111.04423076073793,111.04423076073793,100.0
1,87.00421792133221,0.0005,5187.9345703125,0.0,1.0,0.0,0.0,87.00421792133221,87.00421792133221,81.4084660930803
2,223.09798126503364,0.0005,4704.64697265625,0.0,1.0,0.0,0.0,223.09798126503364,223.09798126503364,73.82477330093408
3,185.74814928745758,0.0005,4554.15283203125,0.0,1.0,0.0,0.0,185.74814928745758,185.74814928745758,71.4632367437104
4,73.28762908345999,0.0005,4157.68310546875,0.0,1.0,0.0,0.0,73.28762908345999,73.28762908345999,65.24187989073607
5,77.1120746327424,0.0005,4105.34765625,0.0,1.0,0.0,0.0,77.1120746327424,77.1120746327424,64.42063810646775
6,213.97535624064682,0.0005,3999.241455078125,0.0,1.0,0.0,0.0,213.97535624064682,213.97535624064682,62.75563193430127
