,mz(Da),mz_std(Da),Int,Gauss_r2,N_signals,Confidence_interval(Da),Confidence_interval(ppm),mz_min(Da),mz_max(Da),RelativeIntensity(%)
0,111.04424735017201,0.0005,7105.3046875,0.0,1.0,0.0,0.0,111.04424735017201,111.04424735017201,100.0
1,197.956178622571,0.0005,5632.27001953125,0.0,1.0,0.0,0.0,197.956178622571,197.956178622571,79.2685221428972
2,58.42642652015073,0.0005,5323.931640625,0.0,1.0,0.0,0.0,58.42642652015073,58.42642652015073,74.9289703225693
3,53.036495587874086,0.0005,5049.185546875,0.0,1.0,0.0,0.0,53.036495587874086,53.036495587874086,71.06219604850689
4,63.28196842007339,0.0005,4643.83837890625,0.0,1.0,0.0,0.0,63.28196842007339,63.28196842007339,65.3573433251345
5,75.12683023681754,0.0005,4346.07177734375,0.0,1.0,0.0,0.0,75.12683023681754,75.12683023681754,61.166578612590286
6,69.79537709068234,0.0005,3985.126220703125,0.0,1.0,0.0,0.0,69.79537709068234,69.79537709068234,56.086633803529274
