,mz(Da),mz_std(Da),Int,Gauss_r2,N_signals,Confidence_interval(Da),Confidence_interval(ppm),mz_min(Da),mz_max(Da),RelativeIntensity(%)
0,111.04421282599456,0.0005,6356.7353515625,0.0,1.0,0.0,0.0,111.04421282599456,111.04421282599456,100.0
1,239.44438372413242,0.0005,5137.45068359375,0.0,1.0,0.0,0.0,239.44438372413242,239.44438372413242,80.81901163827676
2,91.11854564915058,0.0005,4606.3515625,0.0,1.0,0.0,0.0,91.11854564915058,91.11854564915058,72.46410787524367
3,50.32140339184181,0.0005,4230.3173828125,0.0,1.0,0.0,0.0,50.32140339184181,50.32140339184181,66.54858427876313
4,50.781062651578935,0.0005,3982.246337890625,0.0,1.0,0.0,0.0,50.781062651578935,50.781062651578935,62.64609296518503
