,mz(Da),mz_std(Da),Int,Gauss_r2,N_signals,Confidence_interval(Da),Confidence_interval(ppm),mz_min(Da),mz_max(Da),RelativeIntensity(%)
0,111.04426491440842,0.0005,10914.458984375,0.0,1.0,0.0,0.0,111.04426491440842,111.04426491440842,100.0
1,213.32845326499478,0.0005,5864.53662109375,0.0,1.0,0.0,0.0,213.32845326499478,213.32845326499478,53.73181235542087
2,86.74150990631799,0.0005,5565.3154296875,0.0,1.0,0.0,0.0,86.74150990631799,86.74150990631799,50.99030045973634
3,97.18651023513672,0.0005,5398.357421875,0.0,1.0,0.0,0.0,97.18651023513672,97.18651023513672,49.460604777600246
4,101.06003321115685,0.0005,4931.56640625,0.0,1.0,0.0,0.0,101.06003321115685,101.06003321115685,45.18379164106959
