,mz(Da),mz_std(Da),Int,Gauss_r2,N_signals,Confidence_interval(Da),Confidence_interval(ppm),mz_min(Da),mz_max(Da),RelativeIntensity(%)
0,111.04433263889604,0.0005,6901.8271484375,0.0,1.0,0.0,0.0,111.04433263889604,111.04433263889604,100.0
1,101.05929742161801,0.0005,5200.890625,0.0,1.0,0.0,0.0,101.05929742161801,101.05929742161801,75.3552720626657
2,51.5416521571051,0.0005,4034.003662109375,0.0,1.0,0.0,0.0,51.5416521571051,51.5416521571051,58.44834382765774
