,mz(Da),mz_std(Da),Int,Gauss_r2,N_signals,Confidence_interval(Da),Confidence_interval(ppm),mz_min(Da),mz_max(Da),RelativeIntensity(%)
0,119.31932693629838,0.0005,5445.5751953125,0.0,1.0,0.0,0.0,119.31932693629838,119.31932693629838,100.0
1,215.80200972744936,0.0005,4400.80322265625,0.0,1.0,0.0,0.0,215.80200972744936,215.80200972744936,80.81429536487569
2,236.43462346700596,0.0005,3930.66162109375,0.0,1.0,0.0,0.0,236.43462346700596,236.43462346700596,72.18083453291081
3,54.27432676662839,0.0005,3907.800048828125,0.0,1.0,0.0,0.0,54.27432676662839,54.27432676662839,71.76101529535251
