,mz(Da),mz_std(Da),Int,Gauss_r2,N_signals,Confidence_interval(Da),Confidence_interval(ppm),mz_min(Da),mz_max(Da),RelativeIntensity(%)
0,209.34286820856576,0.0005,4978.4150390625,0.0,1.0,0.0,0.0,209.34286820856576,209.34286820856576,100.0
1,233.54595843291392,0.0005,4612.26318359375,0.0,1.0,0.0,0.0,233.54595843291392,233.54595843291392,92.64521232971164
2,96.39646694002714,0.0005,4567.4921875,0.0,1.0,0.0,0.0,96.39646694002714,96.39646694002714,91.74591012725443
3,60.64032013298435,0.0005,4499.5947265625,0.0,1.0,0.0,0.0,60.64032013298435,60.64032013298435,90.38207323529683
4,227.6758924495876,0.0005,4358.86865234375,0.0,1.0,0.0,0.0,227.6758924495876,227.6758924495876,87.55534880363413
