,mz(Da),mz_std(Da),Int,Gauss_r2,N_signals,Confidence_interval(Da),Confidence_interval(ppm),mz_min(Da),mz_max(Da),RelativeIntensity(%)
0,111.04428158169182,0.0005,7708.1142578125,0.0,1.0,0.0,0.0,111.04428158169182,111.04428158169182,100.0
1,101.06052132432526,0.0005,4689.20947265625,0.0,1.0,0.0,0.0,101.06052132432526,101.06052132432526,60.83471671302144
2,199.62265362584026,0.0005,4507.97509765625,0.0,1.0,0.0,0.0,199.62265362584026,199.62265362584026,58.4835012413993
3,51.91522534586191,0.0005,4494.861328125,0.0,1.0,0.0,0.0,51.91522534586191,51.91522534586191,58.31337182851522
4,153.15563289686747,0.0005,4467.50732421875,0.0,1.0,0.0,0.0,153.15563289686747,153.15563289686747,57.95849898943496
5,67.48968218534003,0.0005,4373.58837890625,0.0,1.0,0.0,0.0,67.48968218534003,67.48968218534003,56.74005642136704
6,141.5530100907747,0.0005,4276.38525390625,0.0,1.0,0.0,0.0,141.5530100907747,141.5530100907747,55.47900706806406
7,51.85183317378009,0.0005,3989.392578125,0.0,1.0,0.0,0.0,51.85183317378009,51.85183317378009,51.75575302456864
