,mz(Da),mz_std(Da),Int,Gauss_r2,N_signals,Confidence_interval(Da),Confidence_interval(ppm),mz_min(Da),mz_max(Da),RelativeIntensity(%)
0,74.62018861019826,0.0005,4406.06884765625,0.0,1.0,0.0,0.0,74.62018861019826,74.62018861019826,100.0
1,221.77861872815413,0.0005,4196.78564453125,0.0,1.0,0.0,0.0,221.77861872815413,221.77861872815413,95.25011500361994
2,107.3875819823503,0.0005,4081.952880859375,0.0,1.0,0.0,0.0,107.3875819823503,107.3875819823503,92.64387421069728
