,mz(Da),mz_std(Da),Int,Gauss_r2,N_signals,Confidence_interval(Da),Confidence_interval(ppm),mz_min(Da),mz_max(Da),RelativeIntensity(%)
0,111.04339312989327,0.0005,6799.27587890625,0.0,1.0,0.0,0.0,111.04339312989327,111.04339312989327,100.0
1,190.05405673072045,0.0005,5162.6181640625,0.0,1.0,0.0,0.0,190.05405673072045,190.05405673072045,75.92894090499786
2,161.00741939202985,0.0005,4535.89501953125,0.0,1.0,0.0,0.0,161.00741939202985,161.00741939202985,66.71144251703619
3,78.63340142340813,0.0005,4393.6806640625,0.0,1.0,0.0,0.0,78.63340142340813,78.63340142340813,64.61983220438586
4,137.5930790353039,0.0005,4322.8505859375,0.0,1.0,0.0,0.0,137.5930790353039,137.5930790353039,63.578102476302014
5,109.96518104201778,0.0005,4177.47607421875,0.0,1.0,0.0,0.0,109.96518104201778,109.96518104201778,61.44001432827212
