,mz(Da),mz_std(Da),Int,Gauss_r2,N_signals,Confidence_interval(Da),Confidence_interval(ppm),mz_min(Da),mz_max(Da),RelativeIntensity(%)
0,209.71195908224206,0.0005,5287.23095703125,0.0,1.0,0.0,0.0,209.71195908224206,209.71195908224206,100.0
1,173.68956312384978,0.0005,4789.87646484375,0.0,1.0,0.0,0.0,173.68956312384978,173.68956312384978,90.59328982922355
2,147.20251683903243,0.0005,4576.7001953125,0.0,1.0,0.0,0.0,147.20251683903243,147.20251683903243,86.56138217730309
3,266.9774963030785,0.0005,4543.15869140625,0.0,1.0,0.0,0.0,266.9774963030785,266.9774963030785,85.92699521409233
4,252.54074230682795,0.0005,4334.083984375,0.0,1.0,0.0,0.0,252.54074230682795,252.54074230682795,81.97266243138664
