,mz(Da),mz_std(Da),Int,Gauss_r2,N_signals,Confidence_interval(Da),Confidence_interval(ppm),mz_min(Da),mz_max(Da),RelativeIntensity(%)
0,111.04452233421885,0.0005,6899.7822265625,0.0,1.0,0.0,0.0,111.04452233421885,111.04452233421885,100.0
1,92.94509311208458,0.0005,5550.75244140625,0.0,1.0,0.0,0.0,92.94509311208458,92.94509311208458,80.44822661267756
2,171.19498349094349,0.0005,5249.25390625,0.0,1.0,0.0,0.0,171.19498349094349,171.19498349094349,76.07854471176839
3,124.65813335794584,0.0005,4787.32275390625,0.0,1.0,0.0,0.0,124.65813335794584,124.65813335794584,69.3836790308571
4,118.1788366848493,0.0005,4472.29443359375,0.0,1.0,0.0,0.0,118.1788366848493,118.1788366848493,64.8179070982341
5,91.23357396432567,0.0005,4388.2841796875,0.0,1.0,0.0,0.0,91.23357396432567,91.23357396432567,63.600328758111566
6,222.08767993226724,0.0005,4318.40087890625,0.0,1.0,0.0,0.0,222.08767993226724,222.08767993226724,62.58749533110547
7,94.02261889799593,0.0005,4207.19873046875,0.0,1.0,0.0,0.0,94.02261889799593,94.02261889799593,60.975819124726115
8,214.589029196988,0.0005,4185.04736328125,0.0,1.0,0.0,0.0,214.589029196988,214.589029196988,60.654774685059266
