,mz(Da),mz_std(Da),Int,Gauss_r2,N_signals,Confidence_interval(Da),Confidence_interval(ppm),mz_min(Da),mz_max(Da),RelativeIntensity(%)
0,111.04424046093735,0.0005,9657.009765625,0.0,1.0,0.0,0.0,111.04424046093735,111.04424046093735,100.0
1,134.6186062680951,0.0005,5097.76806640625,0.0,1.0,0.0,0.0,134.6186062680951,134.6186062680951,52.78826665943962
2,176.33525105178796,0.0005,5054.43408203125,0.0,1.0,0.0,0.0,176.33525105178796,176.33525105178796,52.339535784906886
3,142.00088272429804,0.0005,4560.904296875,0.0,1.0,0.0,0.0,142.00088272429804,142.00088272429804,47.22894982575198
4,171.5948865618768,0.0005,4476.150390625,0.0,1.0,0.0,0.0,171.5948865618768,171.5948865618768,46.35130852366187
5,234.83652223331654,0.0005,4183.71630859375,0.0,1.0,0.0,0.0,234.83652223331654,234.83652223331654,43.323103218618115
