,mz(Da),mz_std(Da),Int,Gauss_r2,N_signals,Confidence_interval(Da),Confidence_interval(ppm),mz_min(Da),mz_max(Da),RelativeIntensity(%)
0,111.04444375533942,0.0005,5143.08154296875,0.0,1.0,0.0,0.0,111.04444375533942,111.04444375533942,100.0
1,71.70971078013224,0.0005,4755.9521484375,0.0,1.0,0.0,0.0,71.70971078013224,71.70971078013224,92.47281243167328
2,152.52846810868647,0.0005,4474.79833984375,0.0,1.0,0.0,0.0,152.52846810868647,152.52846810868647,87.0061713480194
3,141.8447079695386,0.0005,4291.224609375,0.0,1.0,0.0,0.0,141.8447079695386,141.8447079695386,83.43683788645453
4,67.5203819179834,0.0005,4115.5205078125,0.0,1.0,0.0,0.0,67.5203819179834,67.5203819179834,80.02051831044645
