,mz(Da),mz_std(Da),Int,Gauss_r2,N_signals,Confidence_interval(Da),Confidence_interval(ppm),mz_min(Da),mz_max(Da),RelativeIntensity(%)
0,111.0435347008306,0.0005,6562.66748046875,0.0,1.0,0.0,0.0,111.0435347008306,111.0435347008306,100.0
1,149.22332244910808,0.0005,4818.50048828125,0.0,1.0,0.0,0.0,149.22332244910808,149.22332244910808,73.42289553175839
2,59.530294607664494,0.0005,4722.8857421875,0.0,1.0,0.0,0.0,59.530294607664494,59.530294607664494,71.96594610717895
3,60.92714174924562,0.0005,4578.76123046875,0.0,1.0,0.0,0.0,60.92714174924562,60.92714174924562,69.76981911845553
4,101.36241558649462,0.0005,4305.03955078125,0.0,1.0,0.0,0.0,101.36241558649462,101.36241558649462,65.59892853924933
