,mz(Da),mz_std(Da),Int,Gauss_r2,N_signals,Confidence_interval(Da),Confidence_interval(ppm),mz_min(Da),mz_max(Da),RelativeIntensity(%)
0,53.79686584767019,0.0005,5317.9658203125,0.0,1.0,0.0,0.0,53.79686584767019,53.79686584767019,100.0
1,56.40168179871429,0.0005,4753.9990234375,0.0,1.0,0.0,0.0,56.40168179871429,56.40168179871429,89.39506540788824
2,111.0437119995622,0.0005,4462.50830078125,0.0,1.0,0.0,0.0,111.0437119995622,111.0437119995622,83.91382065180365
3,57.46959035542328,0.0005,4368.5224609375,0.0,1.0,0.0,0.0,57.46959035542328,57.46959035542328,82.14649376367733
4,253.42975862588992,0.0005,4013.8955078125,0.0,1.0,0.0,0.0,253.42975862588992,253.42975862588992,75.4780238052871
5,112.70155202643848,0.0005,3956.349609375,0.0,1.0,0.0,0.0,112.70155202643848,112.70155202643848,74.3959202269283
