,mz(Da),mz_std(Da),Int,Gauss_r2,N_signals,Confidence_interval(Da),Confidence_interval(ppm),mz_min(Da),mz_max(Da),RelativeIntensity(%)
0,111.04414555976604,0.0005,16417.2890625,0.0,1.0,0.0,0.0,111.04414555976604,111.04414555976604,100.0
1,101.05963884758883,0.0005,8673.2255859375,0.0,1.0,0.0,0.0,101.05963884758883,101.05963884758883,52.82982807282528
2,51.40121364020797,0.0005,4951.71435546875,0.0,1.0,0.0,0.0,51.40121364020797,51.40121364020797,30.161583539266196
3,220.3112857911874,0.0005,4866.91943359375,0.0,1.0,0.0,0.0,220.3112857911874,220.3112857911874,29.645085830343675
4,136.50756112239586,0.0005,4696.92919921875,0.0,1.0,0.0,0.0,136.50756112239586,136.50756112239586,28.609651577295846
5,94.2879592027991,0.0005,4362.34228515625,0.0,1.0,0.0,0.0,94.2879592027991,94.2879592027991,26.57163596589533
6,249.60682582943417,0.0005,4130.35693359375,0.0,1.0,0.0,0.0,249.60682582943417,249.60682582943417,25.158580797777496
7,139.98614027333895,0.0005,4087.890869140625,0.0,1.0,0.0,0.0,139.98614027333895,139.98614027333895,24.89991406972356
