,mz(Da),mz_std(Da),Int,Gauss_r2,N_signals,Confidence_interval(Da),Confidence_interval(ppm),mz_min(Da),mz_max(Da),RelativeIntensity(%)
0,111.04432412275466,0.0005,6755.76611328125,0.0,1.0,0.0,0.0,111.04432412275466,111.04432412275466,100.0
1,60.85553192621362,0.0005,4834.0439453125,0.0,1.0,0.0,0.0,60.85553192621362,60.85553192621362,71.55434134715216
2,79.56689038855569,0.0005,4788.30078125,0.0,1.0,0.0,0.0,79.56689038855569,79.56689038855569,70.87724324613038
3,98.57495996469716,0.0005,4586.49755859375,0.0,1.0,0.0,0.0,98.57495996469716,98.57495996469716,67.8901175926901
4,102.04740741188431,0.0005,4323.37939453125,0.0,1.0,0.0,0.0,102.04740741188431,102.04740741188431,63.99539773930098
5,178.372584531855,0.0005,4199.06640625,0.0,1.0,0.0,0.0,178.372584531855,178.372584531855,62.155295725750484
