,mz(Da),mz_std(Da),Int,Gauss_r2,N_signals,Confidence_interval(Da),Confidence_interval(ppm),mz_min(Da),mz_max(Da),RelativeIntensity(%)
0,120.51443921093437,0.0005,6659.94482421875,0.0,1.0,0.0,0.0,120.51443921093437,120.51443921093437,100.0
1,111.04436653422886,0.0005,5971.66943359375,0.0,1.0,0.0,0.0,111.04436653422886,111.04436653422886,89.66544905714382
2,225.58996897718123,0.0005,5308.16748046875,0.0,1.0,0.0,0.0,225.58996897718123,225.58996897718123,79.70287473202046
3,67.44988401415561,0.0005,4908.06640625,0.0,1.0,0.0,0.0,67.44988401415561,67.44988401415561,73.69530132444821
4,89.56461785461264,0.0005,4622.23876953125,0.0,1.0,0.0,0.0,89.56461785461264,89.56461785461264,69.4035595118232
5,71.49430182777658,0.0005,4219.49462890625,0.0,1.0,0.0,0.0,71.49430182777658,71.49430182777658,63.356300093690656
6,67.44509231409008,0.0005,4219.46533203125,0.0,1.0,0.0,0.0,67.44509231409008,67.44509231409008,63.35586019702825
