,mz(Da),mz_std(Da),Int,Gauss_r2,N_signals,Confidence_interval(Da),Confidence_interval(ppm),mz_min(Da),mz_max(Da),RelativeIntensity(%)
0,111.04437684503755,0.0005,12371.8154296875,0.0,1.0,0.0,0.0,111.04437684503755,111.04437684503755,100.0
1,101.05994885213465,0.0005,5921.86962890625,0.0,1.0,0.0,0.0,101.05994885213465,101.05994885213465,47.86580969108291
2,241.34552447126376,0.0005,4863.3564453125,0.0,1.0,0.0,0.0,241.34552447126376,241.34552447126376,39.309966051080536
3,60.10005033702976,0.0005,4650.27978515625,0.0,1.0,0.0,0.0,60.10005033702976,60.10005033702976,37.58769124535599
4,127.14887861826789,0.0005,4578.876953125,0.0,1.0,0.0,0.0,127.14887861826789,127.14887861826789,37.010550142362234
5,73.15379083297445,0.0005,4394.1552734375,0.0,1.0,0.0,0.0,73.15379083297445,73.15379083297445,35.51746547150431
6,65.02791614043358,0.0005,4218.14892578125,0.0,1.0,0.0,0.0,65.02791614043358,65.02791614043358,34.094825854412186
7,75.39624912436409,0.0005,4191.04736328125,0.0,1.0,0.0,0.0,75.39624912436409,75.39624912436409,33.87576695675868
8,52.16981312533646,0.0005,4054.405029296875,0.0,1.0,0.0,0.0,52.16981312533646,52.16981312533646,32.77130225825948
