,mz(Da),mz_std(Da),Int,Gauss_r2,N_signals,Confidence_interval(Da),Confidence_interval(ppm),mz_min(Da),mz_max(Da),RelativeIntensity(%)
0,111.04425831013691,0.0005,6991.240234375,0.0,1.0,0.0,0.0,111.04425831013691,111.04425831013691,100.0
1,67.3058585285577,0.0005,5086.72998046875,0.0,1.0,0.0,0.0,67.3058585285577,67.3058585285577,72.75862093048919
2,139.07231608871268,0.0005,5025.5771484375,0.0,1.0,0.0,0.0,139.07231608871268,139.07231608871268,71.88391444092287
3,93.97701090003022,0.0005,4857.3701171875,0.0,1.0,0.0,0.0,93.97701090003022,93.97701090003022,69.47794603458848
4,130.79503589652538,0.0005,4759.6298828125,0.0,1.0,0.0,0.0,130.79503589652538,130.79503589652538,68.07990747349851
5,183.83286356750833,0.0005,4710.1953125,0.0,1.0,0.0,0.0,183.83286356750833,183.83286356750833,67.37281447346916
6,112.04894803243656,0.0005,4227.09765625,0.0,1.0,0.0,0.0,112.04894803243656,112.04894803243656,60.46277219120467
7,68.78489502801156,0.0005,4222.82666015625,0.0,1.0,0.0,0.0,68.78489502801156,68.78489502801156,60.401681512718895
