,mz(Da),mz_std(Da),Int,Gauss_r2,N_signals,Confidence_interval(Da),Confidence_interval(ppm),mz_min(Da),mz_max(Da),RelativeIntensity(%)
0,111.04421230794203,0.0005,11491.669921875,0.0,1.0,0.0,0.0,111.04421230794203,111.04421230794203,100.0
1,245.13966645662546,0.0005,5425.5126953125,0.0,1.0,0.0,0.0,245.13966645662546,245.13966645662546,47.212569906700416
2,175.50922095663992,0.0005,5308.50830078125,0.0,1.0,0.0,0.0,175.50922095663992,175.50922095663992,46.19440287504451
3,216.82840008998977,0.0005,5058.34619140625,0.0,1.0,0.0,0.0,216.82840008998977,216.82840008998977,44.01750333759084
4,107.76703512817699,0.0005,4736.73779296875,0.0,1.0,0.0,0.0,107.76703512817699,107.76703512817699,41.21888137382122
5,134.50282542416227,0.0005,4387.93310546875,0.0,1.0,0.0,0.0,134.50282542416227,134.50282542416227,38.18359851352925
6,58.55623205088492,0.0005,3941.478271484375,0.0,1.0,0.0,0.0,58.55623205088492,58.55623205088492,34.29856842634823
