,mz(Da),mz_std(Da),Int,Gauss_r2,N_signals,Confidence_interval(Da),Confidence_interval(ppm),mz_min(Da),mz_max(Da),RelativeIntensity(%)
0,115.54156728722197,0.0005,4808.61572265625,0.0,1.0,0.0,0.0,115.54156728722197,115.54156728722197,100.0
1,76.2974900414961,0.0005,4743.08251953125,0.0,1.0,0.0,0.0,76.2974900414961,76.2974900414961,98.63717113396618
2,58.043100053623206,0.0005,4613.83642578125,0.0,1.0,0.0,0.0,58.043100053623206,58.043100053623206,95.94936863103285
3,63.30304604461015,0.0005,4601.34423828125,0.0,1.0,0.0,0.0,63.30304604461015,63.30304604461015,95.68958102851886
4,193.70579618767817,0.0005,4549.2666015625,0.0,1.0,0.0,0.0,193.70579618767817,193.70579618767817,94.60657419822918
5,184.01508702100585,0.0005,4360.32568359375,0.0,1.0,0.0,0.0,184.01508702100585,184.01508702100585,90.67735779030254
