,mz(Da),mz_std(Da),Int,Gauss_r2,N_signals,Confidence_interval(Da),Confidence_interval(ppm),mz_min(Da),mz_max(Da),RelativeIntensity(%)
0,111.04358841859987,0.0005,10557.306640625,0.0,1.0,0.0,0.0,111.04358841859987,111.04358841859987,100.0
1,63.85774900974573,0.0005,5681.25048828125,0.0,1.0,0.0,0.0,63.85774900974573,63.85774900974573,53.81344581220685
2,125.80025496502756,0.0005,5255.20068359375,0.0,1.0,0.0,0.0,125.80025496502756,125.80025496502756,49.777853978130146
3,79.18297876708664,0.0005,5031.55078125,0.0,1.0,0.0,0.0,79.18297876708664,79.18297876708664,47.65941686195191
4,111.46453455914208,0.0005,4547.34033203125,0.0,1.0,0.0,0.0,111.46453455914208,111.46453455914208,43.0729208388518
5,52.2259012392973,0.0005,4249.97509765625,0.0,1.0,0.0,0.0,52.2259012392973,52.2259012392973,40.256243778144615
