,mz(Da),mz_std(Da),Int,Gauss_r2,N_signals,Confidence_interval(Da),Confidence_interval(ppm),mz_min(Da),mz_max(Da),RelativeIntensity(%)
0,111.04467380736904,0.0005,5268.041015625,0.0,1.0,0.0,0.0,111.04467380736904,111.04467380736904,100.0
1,50.599379140135895,0.0005,5164.49609375,0.0,1.0,0.0,0.0,50.599379140135895,50.599379140135895,98.03447008920611
2,199.05209163245536,0.0005,4907.37109375,0.0,1.0,0.0,0.0,199.05209163245536,199.05209163245536,93.15362350434908
3,165.44724632451448,0.0005,4897.98486328125,0.0,1.0,0.0,0.0,165.44724632451448,165.44724632451448,92.97545043316549
4,50.45722333497859,0.0005,4741.91748046875,0.0,1.0,0.0,0.0,50.45722333497859,50.45722333497859,90.01291877576942
