,mz(Da),mz_std(Da),Int,Gauss_r2,N_signals,Confidence_interval(Da),Confidence_interval(ppm),mz_min(Da),mz_max(Da),RelativeIntensity(%)
0,111.04422285634553,0.0005,11436.7470703125,0.0,1.0,0.0,0.0,111.04422285634553,111.04422285634553,100.0
1,181.42164286571295,0.0005,5755.138671875,0.0,1.0,0.0,0.0,181.42164286571295,181.42164286571295,50.32146498031932
2,245.1398292256336,0.0005,5424.76708984375,0.0,1.0,0.0,0.0,245.1398292256336,245.1398292256336,47.432780112147064
3,136.00791408041562,0.0005,4916.5048828125,0.0,1.0,0.0,0.0,136.00791408041562,136.00791408041562,42.98866498127566
4,57.6066343868201,0.0005,4853.21142578125,0.0,1.0,0.0,0.0,57.6066343868201,57.6066343868201,42.43524313289408
5,250.1821030743331,0.0005,4460.458984375,0.0,1.0,0.0,0.0,250.1821030743331,250.1821030743331,39.001115937533115
6,125.46305887328583,0.0005,4360.24658203125,0.0,1.0,0.0,0.0,125.46305887328583,125.46305887328583,38.12488424570982
7,168.1182543502229,0.0005,4242.8115234375,0.0,1.0,0.0,0.0,168.1182543502229,168.1182543502229,37.09806203943241
8,70.88124461563135,0.0005,4143.17333984375,0.0,1.0,0.0,0.0,70.88124461563135,70.88124461563135,36.22685116993272
