,mz(Da),mz_std(Da),Int,Gauss_r2,N_signals,Confidence_interval(Da),Confidence_interval(ppm),mz_min(Da),mz_max(Da),RelativeIntensity(%)
0,111.04457713538666,0.0005,7338.1416015625,0.0,1.0,0.0,0.0,111.04457713538666,111.04457713538666,100.0
1,101.06084650808705,0.0005,6329.130859375,0.0,1.0,0.0,0.0,101.06084650808705,101.06084650808705,86.24977825485607
2,162.3603288375399,0.0005,4947.576171875,0.0,1.0,0.0,0.0,162.3603288375399,162.3603288375399,67.42274053176514
3,240.08809846238717,0.0005,4859.93505859375,0.0,1.0,0.0,0.0,240.08809846238717,240.08809846238717,66.22841752684265
4,189.1108645879051,0.0005,4509.0634765625,0.0,1.0,0.0,0.0,189.1108645879051,189.1108645879051,61.44694012994232
5,245.14127263856443,0.0005,4490.35107421875,0.0,1.0,0.0,0.0,245.14127263856443,245.14127263856443,61.19193820493497
6,60.40664266286127,0.0005,4077.11279296875,0.0,1.0,0.0,0.0,60.40664266286127,60.40664266286127,55.56056307363456
7,117.94959329335978,0.0005,3983.108154296875,0.0,1.0,0.0,0.0,117.94959329335978,117.94959329335978,54.279521581441784
8,104.26374358224402,0.0005,3942.26416015625,0.0,1.0,0.0,0.0,104.26374358224402,104.26374358224402,53.722922971625806
