,mz(Da),mz_std(Da),Int,Gauss_r2,N_signals,Confidence_interval(Da),Confidence_interval(ppm),mz_min(Da),mz_max(Da),RelativeIntensity(%)
0,111.04376201508722,0.0005,7371.96826171875,0.0,1.0,0.0,0.0,111.04376201508722,111.04376201508722,100.0
1,98.17384550103478,0.0005,5032.6123046875,0.0,1.0,0.0,0.0,98.17384550103478,98.17384550103478,68.26687427319665
2,59.565325591229566,0.0005,4863.29150390625,0.0,1.0,0.0,0.0,59.565325591229566,59.565325591229566,65.97005482457665
3,141.03611653113205,0.0005,4581.1455078125,0.0,1.0,0.0,0.0,141.03611653113205,141.03611653113205,62.142773071901715
4,92.44116070165131,0.0005,4410.30126953125,0.0,1.0,0.0,0.0,92.44116070165131,92.44116070165131,59.825288348474295
5,137.08880528456822,0.0005,4375.7666015625,0.0,1.0,0.0,0.0,137.08880528456822,137.08880528456822,59.35682908844082
6,50.84498794063829,0.0005,4111.28564453125,0.0,1.0,0.0,0.0,50.84498794063829,50.84498794063829,55.76917179473474
7,66.49218702158436,0.0005,3769.701171875,0.0,1.0,0.0,0.0,66.49218702158436,66.49218702158436,51.13561315029463
