,mz(Da),mz_std(Da),Int,Gauss_r2,N_signals,Confidence_interval(Da),Confidence_interval(ppm),mz_min(Da),mz_max(Da),RelativeIntensity(%)
0,249.1105816394139,0.0005,7451.814453125,0.0,1.0,0.0,0.0,249.1105816394139,249.1105816394139,100.0
1,249.1535555422355,0.0005,5150.46337890625,0.0,1.0,0.0,0.0,249.1535555422355,249.1535555422355,69.11690315566496
2,92.5846064138509,0.0005,4367.5556640625,0.0,1.0,0.0,0.0,92.5846064138509,92.5846064138509,58.61063357838865
3,97.76531038800172,0.0005,4061.15185546875,0.0,1.0,0.0,0.0,97.76531038800172,97.76531038800172,54.498832210800174
