,mz(Da),mz_std(Da),Int,Gauss_r2,N_signals,Confidence_interval(Da),Confidence_interval(ppm),mz_min(Da),mz_max(Da),RelativeIntensity(%)
0,249.11028755704416,0.0005,26265.189453125,0.0,1.0,0.0,0.0,249.11028755704416,249.11028755704416,100.0
1,249.15603616241373,0.0005,11264.416015625,0.0,1.0,0.0,0.0,249.15603616241373,249.15603616241373,42.887244486579455
2,55.05412054914487,0.0005,2140.607177734375,0.0,1.0,0.0,0.0,55.05412054914487,55.05412054914487,8.149978059570739
3,133.6397523993994,0.0005,2137.13916015625,0.0,1.0,0.0,0.0,133.6397523993994,133.6397523993994,8.136774204390807
4,57.15601829267772,0.0005,2076.685791015625,0.0,1.0,0.0,0.0,57.15601829267772,57.15601829267772,7.906608839513028
5,158.93948029434327,0.0005,2059.781005859375,0.0,1.0,0.0,0.0,158.93948029434327,158.93948029434327,7.842246900733111
