,mz(Da),mz_std(Da),Int,Gauss_r2,N_signals,Confidence_interval(Da),Confidence_interval(ppm),mz_min(Da),mz_max(Da),RelativeIntensity(%)
0,249.11015053098782,0.0005,14290.521484375,0.0,1.0,0.0,0.0,249.11015053098782,249.11015053098782,100.0
1,81.06987287363319,0.0005,8710.8818359375,0.0,1.0,0.0,0.0,81.06987287363319,81.06987287363319,60.95566103351667
2,250.18160554657015,0.0005,4905.46044921875,0.0,1.0,0.0,0.0,250.18160554657015,250.18160554657015,34.326672085285985
3,63.73836663249742,0.0005,4886.84033203125,0.0,1.0,0.0,0.0,63.73836663249742,63.73836663249742,34.19637511041451
4,65.12701799098684,0.0005,4457.73388671875,0.0,1.0,0.0,0.0,65.12701799098684,65.12701799098684,31.19364042517802
5,61.51374241620708,0.0005,4294.4638671875,0.0,1.0,0.0,0.0,61.51374241620708,61.51374241620708,30.051134746083196
