,mz(Da),mz_std(Da),Int,Gauss_r2,N_signals,Confidence_interval(Da),Confidence_interval(ppm),mz_min(Da),mz_max(Da),RelativeIntensity(%)
0,249.1097399072583,0.0005,7645.357421875,0.0,1.0,0.0,0.0,249.1097399072583,249.1097399072583,100.0
1,202.08607529226748,0.0005,7252.6953125,0.0,1.0,0.0,0.0,202.08607529226748,202.08607529226748,94.86404509681248
2,67.90034612588543,0.0005,4543.8349609375,0.0,1.0,0.0,0.0,67.90034612588543,67.90034612588543,59.43260347693645
3,219.03613125052507,0.0005,4386.2080078125,0.0,1.0,0.0,0.0,219.03613125052507,219.03613125052507,57.37086921878397
4,143.3248365836034,0.0005,4344.4375,0.0,1.0,0.0,0.0,143.3248365836034,143.3248365836034,56.82451794300207
5,90.9796922361488,0.0005,4074.506103515625,0.0,1.0,0.0,0.0,90.9796922361488,90.9796922361488,53.29386029562978
6,55.42491070788619,0.0005,3830.775390625,0.0,1.0,0.0,0.0,55.42491070788619,55.42491070788619,50.10590321996371
