,mz(Da),mz_std(Da),Int,Gauss_r2,N_signals,Confidence_interval(Da),Confidence_interval(ppm),mz_min(Da),mz_max(Da),RelativeIntensity(%)
0,249.1570629237886,0.0005,22039.2421875,0.0,1.0,0.0,0.0,249.1570629237886,249.1570629237886,100.0
1,62.934128103382044,0.0005,4839.74951171875,0.0,1.0,0.0,0.0,62.934128103382044,62.934128103382044,21.959691129778097
2,66.437673080536,0.0005,4510.22705078125,0.0,1.0,0.0,0.0,66.437673080536,66.437673080536,20.464528736561167
3,193.65482599940088,0.0005,4353.07275390625,0.0,1.0,0.0,0.0,193.65482599940088,193.65482599940088,19.751462944470855
4,68.5514452703602,0.0005,4337.06787109375,0.0,1.0,0.0,0.0,68.5514452703602,68.5514452703602,19.67884301191447
