,mz(Da),mz_std(Da),Int,Gauss_r2,N_signals,Confidence_interval(Da),Confidence_interval(ppm),mz_min(Da),mz_max(Da),RelativeIntensity(%)
0,249.15714401606823,0.0005,148862.234375,0.0,1.0,0.0,0.0,249.15714401606823,249.15714401606823,100.0
1,250.15980575117268,0.0005,11253.5654296875,0.0,1.0,0.0,0.0,250.15980575117268,250.15980575117268,7.559718203166666
2,181.23956994277597,0.0005,1092.2054443359375,0.0,1.0,0.0,0.0,181.23956994277597,181.23956994277597,0.7337021702795045
3,84.04446563238875,0.0005,1045.177734375,0.0,1.0,0.0,0.0,84.04446563238875,84.04446563238875,0.7021107393444631
4,57.909421769962094,0.0005,896.9922485351562,0.0,1.0,0.0,0.0,57.909421769962094,57.909421769962094,0.6025653533289955
5,62.19613035310636,0.0005,869.6931762695312,0.0,1.0,0.0,0.0,62.19613035310636,62.19613035310636,0.5842268725314712
6,158.32096555339967,0.0005,854.87744140625,0.0,1.0,0.0,0.0,158.32096555339967,158.32096555339967,0.5742742240807173
