,mz(Da),mz_std(Da),Int,Gauss_r2,N_signals,Confidence_interval(Da),Confidence_interval(ppm),mz_min(Da),mz_max(Da),RelativeIntensity(%)
0,249.1101268751242,0.0005,19799.91015625,0.0,1.0,0.0,0.0,249.1101268751242,249.1101268751242,100.0
1,138.2642277407747,0.0005,5633.22998046875,0.0,1.0,0.0,0.0,138.2642277407747,138.2642277407747,28.45078556424952
2,80.45346504079018,0.0005,5202.88330078125,0.0,1.0,0.0,0.0,80.45346504079018,80.45346504079018,26.277307622726347
3,183.0359750431052,0.0005,4849.23291015625,0.0,1.0,0.0,0.0,183.0359750431052,183.0359750431052,24.49118643412405
4,67.29621441574976,0.0005,4796.78515625,0.0,1.0,0.0,0.0,67.29621441574976,67.29621441574976,24.22629758618302
5,101.26071826750032,0.0005,4565.79833984375,0.0,1.0,0.0,0.0,101.26071826750032,101.26071826750032,23.059692209777623
6,192.61983241461564,0.0005,4168.06591796875,0.0,1.0,0.0,0.0,192.61983241461564,192.61983241461564,21.050933489478822
