,mz(Da),mz_std(Da),Int,Gauss_r2,N_signals,Confidence_interval(Da),Confidence_interval(ppm),mz_min(Da),mz_max(Da),RelativeIntensity(%)
0,249.15755817373625,0.0005,58793.3984375,0.0,1.0,0.0,0.0,249.15755817373625,249.15755817373625,100.0
1,61.769263871182005,0.0005,5351.22509765625,0.0,1.0,0.0,0.0,61.769263871182005,61.769263871182005,9.101744821478283
2,64.48427895316952,0.0005,4654.845703125,0.0,1.0,0.0,0.0,64.48427895316952,64.48427895316952,7.917293143163527
3,65.65274420580103,0.0005,4642.1982421875,0.0,1.0,0.0,0.0,65.65274420580103,65.65274420580103,7.895781440704373
4,250.16192116085142,0.0005,4615.14404296875,0.0,1.0,0.0,0.0,250.16192116085142,250.16192116085142,7.849765731563984
5,149.90519980952664,0.0005,4569.513671875,0.0,1.0,0.0,0.0,149.90519980952664,149.90519980952664,7.772154346091417
6,73.61032101109697,0.0005,4476.58154296875,0.0,1.0,0.0,0.0,73.61032101109697,73.61032101109697,7.6140887615597785
7,117.42984199081437,0.0005,4256.48779296875,0.0,1.0,0.0,0.0,117.42984199081437,117.42984199081437,7.2397376339685255
8,59.12033372763132,0.0005,4071.09912109375,0.0,1.0,0.0,0.0,59.12033372763132,59.12033372763132,6.92441537534441
