,mz(Da),mz_std(Da),Int,Gauss_r2,N_signals,Confidence_interval(Da),Confidence_interval(ppm),mz_min(Da),mz_max(Da),RelativeIntensity(%)
0,249.15783612310912,0.0005,58938.66796875,0.0,1.0,0.0,0.0,249.15783612310912,249.15783612310912,100.0
1,250.1782586930894,0.0005,13538.1337890625,0.0,1.0,0.0,0.0,250.1782586930894,250.1782586930894,22.969867246135564
2,72.97653685243698,0.0005,5095.22998046875,0.0,1.0,0.0,0.0,72.97653685243698,72.97653685243698,8.644969688100693
3,75.18268857652335,0.0005,4856.49267578125,0.0,1.0,0.0,0.0,75.18268857652335,75.18268857652335,8.239909117654681
4,138.1978479369182,0.0005,4268.38916015625,0.0,1.0,0.0,0.0,138.1978479369182,138.1978479369182,7.242086235168061
5,59.04888468934834,0.0005,4164.8857421875,0.0,1.0,0.0,0.0,59.04888468934834,59.04888468934834,7.066474159877134
6,130.21745784400707,0.0005,4018.77001953125,0.0,1.0,0.0,0.0,130.21745784400707,130.21745784400707,6.818562682248013
