,mz(Da),mz_std(Da),Int,Gauss_r2,N_signals,Confidence_interval(Da),Confidence_interval(ppm),mz_min(Da),mz_max(Da),RelativeIntensity(%)
0,164.10642535730693,0.0005,21128.876953125,0.0,1.0,0.0,0.0,164.10642535730693,164.10642535730693,100.0
1,250.13356842521586,0.0005,7258.458984375,0.0,1.0,0.0,0.0,250.13356842521586,250.13356842521586,34.3532644942658
2,249.15941688820965,0.0005,5499.8701171875,0.0,1.0,0.0,0.0,249.15941688820965,249.15941688820965,26.03011096798526
3,166.18452093570474,0.0005,5470.826171875,0.0,1.0,0.0,0.0,166.18452093570474,166.18452093570474,25.892650063759564
4,119.05213623431804,0.0005,4743.21337890625,0.0,1.0,0.0,0.0,119.05213623431804,119.05213623431804,22.448961151268005
5,54.52778242210629,0.0005,4327.4599609375,0.0,1.0,0.0,0.0,54.52778242210629,54.52778242210629,20.481258755674002
6,163.1077644556728,0.0005,4179.9072265625,0.0,1.0,0.0,0.0,163.1077644556728,163.1077644556728,19.78291243702039
7,80.26418114495253,0.0005,4089.592041015625,0.0,1.0,0.0,0.0,80.26418114495253,80.26418114495253,19.35546337880853
