,mz(Da),mz_std(Da),Int,Gauss_r2,N_signals,Confidence_interval(Da),Confidence_interval(ppm),mz_min(Da),mz_max(Da),RelativeIntensity(%)
0,111.04413915354169,0.0005,19530.845703125,0.0,1.0,0.0,0.0,111.04413915354169,111.04413915354169,100.0
1,101.0593473848453,0.0005,9003.171875,0.0,1.0,0.0,0.0,101.0593473848453,101.0593473848453,46.09719421192019
2,56.56884736443919,0.0005,5131.12890625,0.0,1.0,0.0,0.0,56.56884736443919,56.56884736443919,26.271923828823258
3,72.7017240251036,0.0005,4783.1728515625,0.0,1.0,0.0,0.0,72.7017240251036,72.7017240251036,24.490351950285373
4,159.94894898915905,0.0005,4656.35400390625,0.0,1.0,0.0,0.0,159.94894898915905,159.94894898915905,23.84102600923839
5,68.89306576560986,0.0005,4404.31201171875,0.0,1.0,0.0,0.0,68.89306576560986,68.89306576560986,22.550544296266935
