,mz(Da),mz_std(Da),Int,Gauss_r2,N_signals,Confidence_interval(Da),Confidence_interval(ppm),mz_min(Da),mz_max(Da),RelativeIntensity(%)
0,111.04425664061091,0.0005,15166.84765625,0.0,1.0,0.0,0.0,111.04425664061091,111.04425664061091,100.0
1,67.71441711054335,0.0005,5346.6796875,0.0,1.0,0.0,0.0,67.71441711054335,67.71441711054335,35.25241242399322
2,158.78247127362266,0.0005,5024.35009765625,0.0,1.0,0.0,0.0,158.78247127362266,158.78247127362266,33.127187742179245
3,64.07550635054554,0.0005,4619.53759765625,0.0,1.0,0.0,0.0,64.07550635054554,64.07550635054554,30.458126186509276
4,59.19371831849297,0.0005,4595.93701171875,0.0,1.0,0.0,0.0,59.19371831849297,59.19371831849297,30.302519784490894
5,95.75427419744159,0.0005,4567.08251953125,0.0,1.0,0.0,0.0,95.75427419744159,95.75427419744159,30.11227265574355
6,98.53982392898553,0.0005,4547.919921875,0.0,1.0,0.0,0.0,98.53982392898553,98.53982392898553,29.985927365736277
