,mz(Da),mz_std(Da),Int,Gauss_r2,N_signals,Confidence_interval(Da),Confidence_interval(ppm),mz_min(Da),mz_max(Da),RelativeIntensity(%)
0,111.04428278504537,0.0005,19307.134765625,0.0,1.0,0.0,0.0,111.04428278504537,111.04428278504537,100.0
1,101.05999630593229,0.0005,6592.0498046875,0.0,1.0,0.0,0.0,101.05999630593229,101.05999630593229,34.143076560610034
2,245.1380479776333,0.0005,6133.38720703125,0.0,1.0,0.0,0.0,245.1380479776333,245.1380479776333,31.76746462634796
3,195.32329907673926,0.0005,5236.86474609375,0.0,1.0,0.0,0.0,195.32329907673926,195.32329907673926,27.123987114947894
4,89.47824649825188,0.0005,5062.6904296875,0.0,1.0,0.0,0.0,89.47824649825188,89.47824649825188,26.221863011498037
5,103.5709063965067,0.0005,5053.6826171875,0.0,1.0,0.0,0.0,103.5709063965067,103.5709063965067,26.17520765528207
6,184.29583525721497,0.0005,4671.62109375,0.0,1.0,0.0,0.0,184.29583525721497,184.29583525721497,24.196345809257487
7,190.06262603361054,0.0005,4161.18115234375,0.0,1.0,0.0,0.0,190.06262603361054,190.06262603361054,21.552556621464316
