,mz(Da),mz_std(Da),Int,Gauss_r2,N_signals,Confidence_interval(Da),Confidence_interval(ppm),mz_min(Da),mz_max(Da),RelativeIntensity(%)
0,249.15728714039437,0.0005,13656.341796875,0.0,1.0,0.0,0.0,249.15728714039437,249.15728714039437,100.0
1,249.11270213707974,0.0005,7670.4912109375,0.0,1.0,0.0,0.0,249.11270213707974,249.11270213707974,56.16797913400754
2,231.17414613355578,0.0005,5039.4619140625,0.0,1.0,0.0,0.0,231.17414613355578,231.17414613355578,36.90199021831518
3,108.09016646792455,0.0005,4845.57080078125,0.0,1.0,0.0,0.0,108.09016646792455,108.09016646792455,35.48220213622706
4,64.25649451881186,0.0005,4766.4619140625,0.0,1.0,0.0,0.0,64.25649451881186,64.25649451881186,34.90291898781573
5,234.53862957411332,0.0005,4667.8759765625,0.0,1.0,0.0,0.0,234.53862957411332,234.53862957411332,34.181013085295334
6,77.16272973185895,0.0005,4265.109375,0.0,1.0,0.0,0.0,77.16272973185895,77.16272973185895,31.231712258227095
7,120.45033103837935,0.0005,4081.52490234375,0.0,1.0,0.0,0.0,120.45033103837935,120.45033103837935,29.887395636785623
