,mz(Da),mz_std(Da),Int,Gauss_r2,N_signals,Confidence_interval(Da),Confidence_interval(ppm),mz_min(Da),mz_max(Da),RelativeIntensity(%)
0,249.15768635436322,0.0005,10792.5615234375,0.0,1.0,0.0,0.0,249.15768635436322,249.15768635436322,100.0
1,107.86535378251983,0.0005,4244.69140625,0.0,1.0,0.0,0.0,107.86535378251983,107.86535378251983,39.329786511126954
2,105.06928185150313,0.0005,4237.416015625,0.0,1.0,0.0,0.0,105.06928185150313,105.06928185150313,39.262375353829405
