,mz(Da),mz_std(Da),Int,Gauss_r2,N_signals,Confidence_interval(Da),Confidence_interval(ppm),mz_min(Da),mz_max(Da),RelativeIntensity(%)
0,249.1571217818757,0.0005,75987.3046875,0.0,1.0,0.0,0.0,249.1571217818757,249.1571217818757,100.0
1,249.18706581090288,0.0005,7477.77392578125,0.0,1.0,0.0,0.0,249.18706581090288,249.18706581090288,9.840820064001234
2,169.71456934015825,0.0005,5206.66845703125,0.0,1.0,0.0,0.0,169.71456934015825,169.71456934015825,6.85202413540502
3,117.87490849963268,0.0005,5072.32275390625,0.0,1.0,0.0,0.0,117.87490849963268,117.87490849963268,6.675223940059889
4,161.72928614793932,0.0005,4612.88525390625,0.0,1.0,0.0,0.0,161.72928614793932,161.72928614793932,6.070599915179088
5,56.77054112750743,0.0005,4507.5888671875,0.0,1.0,0.0,0.0,56.77054112750743,56.77054112750743,5.932028890516765
6,83.85097985128753,0.0005,4387.94921875,0.0,1.0,0.0,0.0,83.85097985128753,83.85097985128753,5.774581999974297
7,76.85211044107893,0.0005,4193.11376953125,0.0,1.0,0.0,0.0,76.85211044107893,76.85211044107893,5.518176735937078
8,55.31978588803529,0.0005,3973.046142578125,0.0,1.0,0.0,0.0,55.31978588803529,55.31978588803529,5.228565691226176
