,mz(Da),mz_std(Da),Int,Gauss_r2,N_signals,Confidence_interval(Da),Confidence_interval(ppm),mz_min(Da),mz_max(Da),RelativeIntensity(%)
0,249.15613926674098,0.0005,25258.10546875,0.0,1.0,0.0,0.0,249.15613926674098,249.15613926674098,100.0
1,129.81871632390633,0.0005,8815.705078125,0.0,1.0,0.0,0.0,129.81871632390633,129.81871632390633,34.90247947943691
2,57.115837837153656,0.0005,4765.03759765625,0.0,1.0,0.0,0.0,57.115837837153656,57.115837837153656,18.865380079878445
3,53.91442690468914,0.0005,4443.169921875,0.0,1.0,0.0,0.0,53.91442690468914,53.91442690468914,17.5910656774009
4,87.95066777911333,0.0005,4221.87841796875,0.0,1.0,0.0,0.0,87.95066777911333,87.95066777911333,16.71494492408455
5,97.72869493114791,0.0005,3987.3349609375,0.0,1.0,0.0,0.0,97.72869493114791,97.72869493114791,15.786358030180597
