,mz(Da),mz_std(Da),Int,Gauss_r2,N_signals,Confidence_interval(Da),Confidence_interval(ppm),mz_min(Da),mz_max(Da),RelativeIntensity(%)
0,111.04380765138484,0.0005,28922.568359375,0.0,1.0,0.0,0.0,111.04380765138484,111.04380765138484,100.0
1,101.05955250119038,0.0005,11797.15234375,0.0,1.0,0.0,0.0,101.05955250119038,101.05955250119038,40.78874392192785
2,129.05503019219256,0.0005,10269.380859375,0.0,1.0,0.0,0.0,129.05503019219256,129.05503019219256,35.506462399098346
3,245.1002902630643,0.0005,5712.07470703125,0.0,1.0,0.0,0.0,245.1002902630643,245.1002902630643,19.749541728301352
4,65.57883928483024,0.0005,4980.69091796875,0.0,1.0,0.0,0.0,65.57883928483024,65.57883928483024,17.22077671692771
5,225.83627531392153,0.0005,4584.58251953125,0.0,1.0,0.0,0.0,225.83627531392153,225.83627531392153,15.851228917729216
6,62.80138316848446,0.0005,4355.8232421875,0.0,1.0,0.0,0.0,62.80138316848446,62.80138316848446,15.060291977062947
7,182.55896670837916,0.0005,4241.8994140625,0.0,1.0,0.0,0.0,182.55896670837916,182.55896670837916,14.666399475161151
8,93.68038944414715,0.0005,4137.51513671875,0.0,1.0,0.0,0.0,93.68038944414715,93.68038944414715,14.305490042614458
