,mz(Da),mz_std(Da),Int,Gauss_r2,N_signals,Confidence_interval(Da),Confidence_interval(ppm),mz_min(Da),mz_max(Da),RelativeIntensity(%)
0,111.04420170380368,0.0005,13494.07421875,0.0,1.0,0.0,0.0,111.04420170380368,111.04420170380368,100.0
1,101.06007627024502,0.0005,6283.4638671875,0.0,1.0,0.0,0.0,101.06007627024502,101.06007627024502,46.56461618135044
2,92.6709790377696,0.0005,5657.9111328125,0.0,1.0,0.0,0.0,92.6709790377696,92.6709790377696,41.928857371710905
3,209.21976926400478,0.0005,4580.0830078125,0.0,1.0,0.0,0.0,209.21976926400478,209.21976926400478,33.94143928338915
4,157.82073603646722,0.0005,4476.8515625,0.0,1.0,0.0,0.0,157.82073603646722,157.82073603646722,33.176426110651
5,66.37049553832506,0.0005,4467.2451171875,0.0,1.0,0.0,0.0,66.37049553832506,66.37049553832506,33.10523600781941
6,66.11324939490997,0.0005,4307.24365234375,0.0,1.0,0.0,0.0,66.11324939490997,66.11324939490997,31.91951950552369
