,mz(Da),mz_std(Da),Int,Gauss_r2,N_signals,Confidence_interval(Da),Confidence_interval(ppm),mz_min(Da),mz_max(Da),RelativeIntensity(%)
0,111.04397722884842,0.0005,14419.6279296875,0.0,1.0,0.0,0.0,111.04397722884842,111.04397722884842,100.0
1,101.05976465326569,0.0005,7361.67041015625,0.0,1.0,0.0,0.0,101.05976465326569,101.05976465326569,51.05312318773395
2,92.14996302568899,0.0005,6268.3828125,0.0,1.0,0.0,0.0,92.14996302568899,92.14996302568899,43.471182772993004
3,111.96249145529848,0.0005,5012.06689453125,0.0,1.0,0.0,0.0,111.96249145529848,111.96249145529848,34.758642310127
4,152.41588060004716,0.0005,4917.97802734375,0.0,1.0,0.0,0.0,152.41588060004716,152.41588060004716,34.10613679718109
5,62.726669603893406,0.0005,4370.22119140625,0.0,1.0,0.0,0.0,62.726669603893406,62.726669603893406,30.307447686696037
6,152.4320318813964,0.0005,4344.28759765625,0.0,1.0,0.0,0.0,152.4320318813964,152.4320318813964,30.127598429305653
7,208.17296104208748,0.0005,4306.79345703125,0.0,1.0,0.0,0.0,208.17296104208748,208.17296104208748,29.86757687529727
