,mz(Da),mz_std(Da),Int,Gauss_r2,N_signals,Confidence_interval(Da),Confidence_interval(ppm),mz_min(Da),mz_max(Da),RelativeIntensity(%)
0,111.04405684229873,0.0005,14560.59375,0.0,1.0,0.0,0.0,111.04405684229873,111.04405684229873,100.0
1,101.05936079333844,0.0005,7806.17138671875,0.0,1.0,0.0,0.0,101.05936079333844,101.05936079333844,53.61162821206209
2,79.08904437679632,0.0005,4907.78955078125,0.0,1.0,0.0,0.0,79.08904437679632,79.08904437679632,33.70597130203739
3,59.25733406707846,0.0005,4494.09521484375,0.0,1.0,0.0,0.0,59.25733406707846,59.25733406707846,30.864779912177344
4,114.4202427335411,0.0005,4418.08349609375,0.0,1.0,0.0,0.0,114.4202427335411,114.4202427335411,30.342742692712992
