,mz(Da),mz_std(Da),Int,Gauss_r2,N_signals,Confidence_interval(Da),Confidence_interval(ppm),mz_min(Da),mz_max(Da),RelativeIntensity(%)
0,111.04360259649384,0.0005,25778.43359375,0.0,1.0,0.0,0.0,111.04360259649384,111.04360259649384,100.0
1,101.0598156189635,0.0005,9073.4736328125,0.0,1.0,0.0,0.0,101.0598156189635,101.0598156189635,35.19792465207184
2,112.78588082193131,0.0005,5177.81298828125,0.0,1.0,0.0,0.0,112.78588082193131,112.78588082193131,20.085832482609085
3,129.05513045669633,0.0005,5018.15966796875,0.0,1.0,0.0,0.0,129.05513045669633,129.05513045669633,19.466503461969104
4,77.7200777484736,0.0005,4392.15966796875,0.0,1.0,0.0,0.0,77.7200777484736,77.7200777484736,17.038116967020184
5,151.50517192763073,0.0005,4382.841796875,0.0,1.0,0.0,0.0,151.50517192763073,151.50517192763073,17.001970972889612
6,60.60200546200788,0.0005,3984.0693359375,0.0,1.0,0.0,0.0,60.60200546200788,60.60200546200788,15.455048195416499
