,mz(Da),mz_std(Da),Int,Gauss_r2,N_signals,Confidence_interval(Da),Confidence_interval(ppm),mz_min(Da),mz_max(Da),RelativeIntensity(%)
0,111.04412432547318,0.0005,19039.677734375,0.0,1.0,0.0,0.0,111.04412432547318,111.04412432547318,100.0
1,101.05997542278376,0.0005,10675.7939453125,0.0,1.0,0.0,0.0,101.05997542278376,101.05997542278376,56.07129539823036
2,67.8987323506883,0.0005,4811.01416015625,0.0,1.0,0.0,0.0,67.8987323506883,67.8987323506883,25.268359198487122
3,80.17591446993004,0.0005,4533.212890625,0.0,1.0,0.0,0.0,80.17591446993004,80.17591446993004,23.80929422161676
4,66.52454222926289,0.0005,4202.7119140625,0.0,1.0,0.0,0.0,66.52454222926289,66.52454222926289,22.07344038431257
5,65.86040837930618,0.0005,4094.219482421875,0.0,1.0,0.0,0.0,65.86040837930618,65.86040837930618,21.503617548263467
