,mz(Da),mz_std(Da),Int,Gauss_r2,N_signals,Confidence_interval(Da),Confidence_interval(ppm),mz_min(Da),mz_max(Da),RelativeIntensity(%)
0,111.0440421016749,0.0005,24481.6953125,0.0,1.0,0.0,0.0,111.0440421016749,111.0440421016749,100.0
1,101.06004358147854,0.0005,8793.681640625,0.0,1.0,0.0,0.0,101.06004358147854,101.06004358147854,35.91941460089602
2,55.55179736217033,0.0005,5106.73779296875,0.0,1.0,0.0,0.0,55.55179736217033,55.55179736217033,20.85941242133392
3,107.54481467800915,0.0005,4538.751953125,0.0,1.0,0.0,0.0,107.54481467800915,107.54481467800915,18.539369497044508
4,104.12126315699481,0.0005,4445.107421875,0.0,1.0,0.0,0.0,104.12126315699481,104.12126315699481,18.156861137003826
5,210.92338426803758,0.0005,4425.9306640625,0.0,1.0,0.0,0.0,210.92338426803758,210.92338426803758,18.07853013268523
