,mz(Da),mz_std(Da),Int,Gauss_r2,N_signals,Confidence_interval(Da),Confidence_interval(ppm),mz_min(Da),mz_max(Da),RelativeIntensity(%)
0,111.04373079033208,0.0005,26944.15625,0.0,1.0,0.0,0.0,111.04373079033208,111.04373079033208,100.0
1,101.06023372509523,0.0005,8407.98828125,0.0,1.0,0.0,0.0,101.06023372509523,101.06023372509523,31.20523872871321
2,245.13848175304287,0.0005,5387.18603515625,0.0,1.0,0.0,0.0,245.13848175304287,245.13848175304287,19.993893982693372
3,88.01685436313045,0.0005,5174.94921875,0.0,1.0,0.0,0.0,88.01685436313045,88.01685436313045,19.206202527681675
4,138.0539330409198,0.0005,4875.42724609375,0.0,1.0,0.0,0.0,138.0539330409198,138.0539330409198,18.094562697964424
5,94.32840388291956,0.0005,4725.94580078125,0.0,1.0,0.0,0.0,94.32840388291956,94.32840388291956,17.539780266013157
6,56.86212118890478,0.0005,4466.40625,0.0,1.0,0.0,0.0,56.86212118890478,56.86212118890478,16.576530393301887
