,mz(Da),mz_std(Da),Int,Gauss_r2,N_signals,Confidence_interval(Da),Confidence_interval(ppm),mz_min(Da),mz_max(Da),RelativeIntensity(%)
0,111.04351892214578,0.0005,21973.826171875,0.0,1.0,0.0,0.0,111.04351892214578,111.04351892214578,100.0
1,101.05985458031907,0.0005,13868.193359375,0.0,1.0,0.0,0.0,101.05985458031907,101.05985458031907,63.112328508019885
2,129.05514280210986,0.0005,8380.9775390625,0.0,1.0,0.0,0.0,129.05514280210986,129.05514280210986,38.14072921806208
3,69.18920355386038,0.0005,4096.06396484375,0.0,1.0,0.0,0.0,69.18920355386038,69.18920355386038,18.640649711184267
