,mz(Da),mz_std(Da),Int,Gauss_r2,N_signals,Confidence_interval(Da),Confidence_interval(ppm),mz_min(Da),mz_max(Da),RelativeIntensity(%)
0,111.04414183660376,0.0005,15622.748046875,0.0,1.0,0.0,0.0,111.04414183660376,111.04414183660376,100.0
1,101.05946708520287,0.0005,9232.9775390625,0.0,1.0,0.0,0.0,101.05946708520287,101.05946708520287,59.09957397609931
2,188.7161499430413,0.0005,4868.03662109375,0.0,1.0,0.0,0.0,188.7161499430413,188.7161499430413,31.159925299233755
3,129.0557321131273,0.0005,4796.669921875,0.0,1.0,0.0,0.0,129.0557321131273,129.0557321131273,30.703112586101472
4,145.8297631000732,0.0005,4724.18701171875,0.0,1.0,0.0,0.0,145.8297631000732,145.8297631000732,30.239155093227808
5,114.34064392024506,0.0005,4703.83740234375,0.0,1.0,0.0,0.0,114.34064392024506,114.34064392024506,30.10889882004244
6,85.16903399914229,0.0005,4493.94580078125,0.0,1.0,0.0,0.0,85.16903399914229,85.16903399914229,28.765398938121955
7,67.52592271499496,0.0005,4389.783203125,0.0,1.0,0.0,0.0,67.52592271499496,67.52592271499496,28.09866221969241
8,222.59041685088977,0.0005,4213.4365234375,0.0,1.0,0.0,0.0,222.59041685088977,222.59041685088977,26.969880784068
