,mz(Da),mz_std(Da),Int,Gauss_r2,N_signals,Confidence_interval(Da),Confidence_interval(ppm),mz_min(Da),mz_max(Da),RelativeIntensity(%)
0,111.04416318703869,0.0005,17432.021484375,0.0,1.0,0.0,0.0,111.04416318703869,111.04416318703869,100.0
1,101.05992400200554,0.0005,5174.09521484375,0.0,1.0,0.0,0.0,101.05992400200554,101.05992400200554,29.68155597720834
2,251.94521046059373,0.0005,4670.29345703125,0.0,1.0,0.0,0.0,251.94521046059373,251.94521046059373,26.791462259368004
3,160.0838501150099,0.0005,4615.1591796875,0.0,1.0,0.0,0.0,160.0838501150099,160.0838501150099,26.475180654316237
4,153.88622525255448,0.0005,4518.42822265625,0.0,1.0,0.0,0.0,153.88622525255448,153.88622525255448,25.920276811879177
5,245.1380420385435,0.0005,4504.91845703125,0.0,1.0,0.0,0.0,245.1380420385435,245.1380420385435,25.84277710458987
6,128.0599808401024,0.0005,4308.35107421875,0.0,1.0,0.0,0.0,128.0599808401024,128.0599808401024,24.715154682894884
7,160.21872219415212,0.0005,4295.60009765625,0.0,1.0,0.0,0.0,160.21872219415212,160.21872219415212,24.642007821677844
8,87.62465622439196,0.0005,4221.49267578125,0.0,1.0,0.0,0.0,87.62465622439196,87.62465622439196,24.216885457404572
