,mz(Da),mz_std(Da),Int,Gauss_r2,N_signals,Confidence_interval(Da),Confidence_interval(ppm),mz_min(Da),mz_max(Da),RelativeIntensity(%)
0,111.0442030470598,0.0005,19951.234375,0.0,1.0,0.0,0.0,111.0442030470598,111.0442030470598,100.0
1,129.05553636100058,0.0005,4945.09033203125,0.0,1.0,0.0,0.0,129.05553636100058,129.05553636100058,24.785886622773184
2,183.68349158233616,0.0005,4721.74365234375,0.0,1.0,0.0,0.0,183.68349158233616,183.68349158233616,23.66642365878051
3,65.43005922954583,0.0005,4423.8466796875,0.0,1.0,0.0,0.0,65.43005922954583,65.43005922954583,22.173298135532026
4,88.48398410405483,0.0005,4248.59619140625,0.0,1.0,0.0,0.0,88.48398410405483,88.48398410405483,21.294903921984776
5,136.36364421218013,0.0005,4232.00732421875,0.0,1.0,0.0,0.0,136.36364421218013,136.36364421218013,21.21175685010091
6,97.40459980059182,0.0005,4090.82177734375,0.0,1.0,0.0,0.0,97.40459980059182,97.40459980059182,20.504103658216636
7,98.04496784655156,0.0005,3984.89453125,0.0,1.0,0.0,0.0,98.04496784655156,98.04496784655156,19.97317286915988
