,mz(Da),mz_std(Da),Int,Gauss_r2,N_signals,Confidence_interval(Da),Confidence_interval(ppm),mz_min(Da),mz_max(Da),RelativeIntensity(%)
0,111.04438827596469,0.0005,22374.783203125,0.0,1.0,0.0,0.0,111.04438827596469,111.04438827596469,100.0
1,101.05969279172103,0.0005,7899.97021484375,0.0,1.0,0.0,0.0,101.05969279172103,101.05969279172103,35.30747155458647
2,202.66207437295702,0.0005,5068.90087890625,0.0,1.0,0.0,0.0,202.66207437295702,202.66207437295702,22.65452510931277
3,53.59679046653718,0.0005,4818.24169921875,0.0,1.0,0.0,0.0,53.59679046653718,53.59679046653718,21.534249764466118
4,81.45787469696226,0.0005,4737.55810546875,0.0,1.0,0.0,0.0,81.45787469696226,81.45787469696226,21.17364920347954
5,108.92522316716412,0.0005,4342.33349609375,0.0,1.0,0.0,0.0,108.92522316716412,108.92522316716412,19.407265119276207
6,54.88856635780895,0.0005,4136.0654296875,0.0,1.0,0.0,0.0,54.88856635780895,54.88856635780895,18.485387733767322
