,mz(Da),mz_std(Da),Int,Gauss_r2,N_signals,Confidence_interval(Da),Confidence_interval(ppm),mz_min(Da),mz_max(Da),RelativeIntensity(%)
0,111.04387305544145,0.0005,24505.37890625,0.0,1.0,0.0,0.0,111.04387305544145,111.04387305544145,100.0
1,101.05963115701871,0.0005,11497.7900390625,0.0,1.0,0.0,0.0,101.05963115701871,101.05963115701871,46.9194542269658
2,129.0542557698318,0.0005,7667.90576171875,0.0,1.0,0.0,0.0,129.0542557698318,129.0542557698318,31.290704751204974
3,127.101002690336,0.0005,5217.5693359375,0.0,1.0,0.0,0.0,127.101002690336,127.101002690336,21.291526876194432
4,198.8186105591136,0.0005,4888.7783203125,0.0,1.0,0.0,0.0,198.8186105591136,198.8186105591136,19.949817299358862
5,267.5075008525904,0.0005,4790.9130859375,0.0,1.0,0.0,0.0,267.5075008525904,267.5075008525904,19.550455041997317
6,126.61738028668731,0.0005,4610.169921875,0.0,1.0,0.0,0.0,126.61738028668731,126.61738028668731,18.812889772127516
7,243.40930889248196,0.0005,4528.22021484375,0.0,1.0,0.0,0.0,243.40930889248196,243.40930889248196,18.47847459191437
