,mz(Da),mz_std(Da),Int,Gauss_r2,N_signals,Confidence_interval(Da),Confidence_interval(ppm),mz_min(Da),mz_max(Da),RelativeIntensity(%)
0,111.04368572304868,0.0005,35677.90625,0.0,1.0,0.0,0.0,111.04368572304868,111.04368572304868,100.0
1,101.05964053037454,0.0005,17933.201171875,0.0,1.0,0.0,0.0,101.05964053037454,101.05964053037454,50.264163614912235
2,245.13742847679822,0.0005,9051.947265625,0.0,1.0,0.0,0.0,245.13742847679822,245.13742847679822,25.37129618032168
3,251.79932241459076,0.0005,6514.4150390625,0.0,1.0,0.0,0.0,251.79932241459076,251.79932241459076,18.25896114366997
4,129.05520538601547,0.0005,5814.1923828125,0.0,1.0,0.0,0.0,129.05520538601547,129.05520538601547,16.296338529709825
5,138.05640415503098,0.0005,5770.498046875,0.0,1.0,0.0,0.0,138.05640415503098,138.05640415503098,16.17386963921124
6,187.0962235374333,0.0005,5042.029296875,0.0,1.0,0.0,0.0,187.0962235374333,187.0962235374333,14.132077318508566
7,172.25528479230255,0.0005,4715.3583984375,0.0,1.0,0.0,0.0,172.25528479230255,172.25528479230255,13.216466138445274
8,168.06493545564774,0.0005,4659.47119140625,0.0,1.0,0.0,0.0,168.06493545564774,168.06493545564774,13.059822397527181
