,mz(Da),mz_std(Da),Int,Gauss_r2,N_signals,Confidence_interval(Da),Confidence_interval(ppm),mz_min(Da),mz_max(Da),RelativeIntensity(%)
0,111.04375844775186,0.0005,24687.32421875,0.0,1.0,0.0,0.0,111.04375844775186,111.04375844775186,100.0
1,101.05959583803471,0.0005,7889.9072265625,0.0,1.0,0.0,0.0,101.05959583803471,101.05959583803471,31.95934543837733
2,181.1558745833637,0.0005,5047.98388671875,0.0,1.0,0.0,0.0,181.1558745833637,181.1558745833637,20.447675260346
3,85.997977313603,0.0005,4559.69091796875,0.0,1.0,0.0,0.0,85.997977313603,85.997977313603,18.469765607508283
4,156.78977184389709,0.0005,4472.27685546875,0.0,1.0,0.0,0.0,156.78977184389709,156.78977184389709,18.115680807853852
5,86.88390914092147,0.0005,4429.6845703125,0.0,1.0,0.0,0.0,86.88390914092147,86.88390914092147,17.943153867393043
6,105.06118833553546,0.0005,4422.55078125,0.0,1.0,0.0,0.0,105.06118833553546,105.06118833553546,17.91425730088268
7,245.13798283241132,0.0005,4286.17578125,0.0,1.0,0.0,0.0,245.13798283241132,245.13798283241132,17.361848304299635
8,69.74596144959068,0.0005,4258.20703125,0.0,1.0,0.0,0.0,69.74596144959068,69.74596144959068,17.24855635839179
