,mz(Da),mz_std(Da),Int,Gauss_r2,N_signals,Confidence_interval(Da),Confidence_interval(ppm),mz_min(Da),mz_max(Da),RelativeIntensity(%)
0,111.0439956906577,0.0005,23209.9609375,0.0,1.0,0.0,0.0,111.0439956906577,111.0439956906577,100.0
1,101.0596407764088,0.0005,8316.8056640625,0.0,1.0,0.0,0.0,101.0596407764088,101.0596407764088,35.83291538688097
2,129.05560015693635,0.0005,5324.7314453125,0.0,1.0,0.0,0.0,129.05560015693635,129.05560015693635,22.94157865948584
3,150.1263470665239,0.0005,4350.15478515625,0.0,1.0,0.0,0.0,150.1263470665239,150.1263470665239,18.74262001935457
