,mz(Da),mz_std(Da),Int,Gauss_r2,N_signals,Confidence_interval(Da),Confidence_interval(ppm),mz_min(Da),mz_max(Da),RelativeIntensity(%)
0,111.04430061655981,0.0005,16554.451171875,0.0,1.0,0.0,0.0,111.04430061655981,111.04430061655981,100.0
1,101.06042636662536,0.0005,6564.05126953125,0.0,1.0,0.0,0.0,101.06042636662536,101.06042636662536,39.651276876416006
2,129.05489778742054,0.0005,6128.6123046875,0.0,1.0,0.0,0.0,129.05489778742054,129.05489778742054,37.02093316811153
3,198.1963258825689,0.0005,4902.73779296875,0.0,1.0,0.0,0.0,198.1963258825689,198.1963258825689,29.615828045681162
4,127.17658796070783,0.0005,4881.83056640625,0.0,1.0,0.0,0.0,127.17658796070783,127.17658796070783,29.48953435979914
5,100.95509216971487,0.0005,4353.7412109375,0.0,1.0,0.0,0.0,100.95509216971487,100.95509216971487,26.299520085173466
6,76.9006283985417,0.0005,4181.04150390625,0.0,1.0,0.0,0.0,76.9006283985417,76.9006283985417,25.256297901374005
