,mz(Da),mz_std(Da),Int,Gauss_r2,N_signals,Confidence_interval(Da),Confidence_interval(ppm),mz_min(Da),mz_max(Da),RelativeIntensity(%)
0,111.04389465985625,0.0005,30961.296875,0.0,1.0,0.0,0.0,111.04389465985625,111.04389465985625,100.0
1,101.06004798582134,0.0005,10439.33203125,0.0,1.0,0.0,0.0,101.06004798582134,101.06004798582134,33.71736033344049
2,193.17398011685947,0.0005,5141.47900390625,0.0,1.0,0.0,0.0,193.17398011685947,193.17398011685947,16.60614871742594
3,129.36197713937327,0.0005,4774.70849609375,0.0,1.0,0.0,0.0,129.36197713937327,129.36197713937327,15.421539076255991
4,129.05509532065065,0.0005,4769.77001953125,0.0,1.0,0.0,0.0,129.05509532065065,129.05509532065065,15.405588592713787
5,83.04899598488117,0.0005,4283.18359375,0.0,1.0,0.0,0.0,83.04899598488117,83.04899598488117,13.833992842878937
6,60.45837023026992,0.0005,4153.4931640625,0.0,1.0,0.0,0.0,60.45837023026992,60.45837023026992,13.415113652478421
