,mz(Da),mz_std(Da),Int,Gauss_r2,N_signals,Confidence_interval(Da),Confidence_interval(ppm),mz_min(Da),mz_max(Da),RelativeIntensity(%)
0,111.04425013054116,0.0005,16181.96484375,0.0,1.0,0.0,0.0,111.04425013054116,111.04425013054116,100.0
1,101.05930230667988,0.0005,5804.67431640625,0.0,1.0,0.0,0.0,101.05930230667988,101.05930230667988,35.871257739434554
2,175.77532406544407,0.0005,4768.06982421875,0.0,1.0,0.0,0.0,175.77532406544407,175.77532406544407,29.465332981861796
3,250.51985566823703,0.0005,4558.849609375,0.0,1.0,0.0,0.0,250.51985566823703,250.51985566823703,28.172410788148362
4,73.47667682229914,0.0005,4380.23974609375,0.0,1.0,0.0,0.0,73.47667682229914,73.47667682229914,27.068651973901307
