,mz(Da),mz_std(Da),Int,Gauss_r2,N_signals,Confidence_interval(Da),Confidence_interval(ppm),mz_min(Da),mz_max(Da),RelativeIntensity(%)
0,111.04420365908811,0.0005,16432.771484375,0.0,1.0,0.0,0.0,111.04420365908811,111.04420365908811,100.0
1,130.311363574521,0.0005,4858.853515625,0.0,1.0,0.0,0.0,130.311363574521,130.311363574521,29.568070853081668
2,84.60005428724365,0.0005,4321.1123046875,0.0,1.0,0.0,0.0,84.60005428724365,84.60005428724365,26.295700081974626
3,203.67089242039793,0.0005,4216.62744140625,0.0,1.0,0.0,0.0,203.67089242039793,203.67089242039793,25.659867816062583
4,126.66155169921117,0.0005,4116.888671875,0.0,1.0,0.0,0.0,126.66155169921117,126.66155169921117,25.052917432640736
