,mz(Da),mz_std(Da),Int,Gauss_r2,N_signals,Confidence_interval(Da),Confidence_interval(ppm),mz_min(Da),mz_max(Da),RelativeIntensity(%)
0,111.04379058895242,0.0005,20557.03515625,0.0,1.0,0.0,0.0,111.04379058895242,111.04379058895242,100.0
1,101.05977410924032,0.0005,8116.43603515625,0.0,1.0,0.0,0.0,101.05977410924032,101.05977410924032,39.48252252070791
2,245.13887967942568,0.0005,6527.79931640625,0.0,1.0,0.0,0.0,245.13887967942568,245.13887967942568,31.75457582666822
3,129.05417066370956,0.0005,4539.89501953125,0.0,1.0,0.0,0.0,129.05417066370956,129.05417066370956,22.08438612389577
4,146.26640297920966,0.0005,4508.8583984375,0.0,1.0,0.0,0.0,146.26640297920966,146.26640297920966,21.93340802390301
5,140.5317972734917,0.0005,4505.8720703125,0.0,1.0,0.0,0.0,140.5317972734917,140.5317972734917,21.918880986797213
