,mz(Da),mz_std(Da),Int,Gauss_r2,N_signals,Confidence_interval(Da),Confidence_interval(ppm),mz_min(Da),mz_max(Da),RelativeIntensity(%)
0,111.0438471869187,0.0005,24684.361328125,0.0,1.0,0.0,0.0,111.0438471869187,111.0438471869187,100.0
1,101.05984592370191,0.0005,10937.2724609375,0.0,1.0,0.0,0.0,101.05984592370191,101.05984592370191,44.30850900110481
2,129.05507957815047,0.0005,6185.662109375,0.0,1.0,0.0,0.0,129.05507957815047,129.05507957815047,25.059032426037074
3,245.13858714464922,0.0005,6142.93701171875,0.0,1.0,0.0,0.0,245.13858714464922,245.13858714464922,24.885946733892514
4,262.0602299235138,0.0005,4995.9755859375,0.0,1.0,0.0,0.0,262.0602299235138,262.0602299235138,20.23943629542142
5,58.79032035413613,0.0005,4809.6162109375,0.0,1.0,0.0,0.0,58.79032035413613,58.79032035413613,19.484466893852723
6,88.0606461812427,0.0005,4670.44091796875,0.0,1.0,0.0,0.0,88.0606461812427,88.0606461812427,18.92064718987612
7,113.02203663038443,0.0005,4647.83447265625,0.0,1.0,0.0,0.0,113.02203663038443,113.02203663038443,18.82906513510064
8,160.1408855945208,0.0005,4195.23828125,0.0,1.0,0.0,0.0,160.1408855945208,160.1408855945208,16.995530998284355
