,mz(Da),mz_std(Da),Int,Gauss_r2,N_signals,Confidence_interval(Da),Confidence_interval(ppm),mz_min(Da),mz_max(Da),RelativeIntensity(%)
0,111.04407874798228,0.0005,6453.884765625,0.0,1.0,0.0,0.0,111.04407874798228,111.04407874798228,100.0
1,98.20347062147657,0.0005,4779.97216796875,0.0,1.0,0.0,0.0,98.20347062147657,98.20347062147657,74.06348798522208
2,62.82436185009413,0.0005,4740.513671875,0.0,1.0,0.0,0.0,62.82436185009413,62.82436185009413,73.45209659032275
3,55.06970687111797,0.0005,4149.462890625,0.0,1.0,0.0,0.0,55.06970687111797,55.06970687111797,64.29403438880834
