,mz(Da),mz_std(Da),Int,Gauss_r2,N_signals,Confidence_interval(Da),Confidence_interval(ppm),mz_min(Da),mz_max(Da),RelativeIntensity(%)
0,111.04407743848476,0.0005,22245.998046875,0.0,1.0,0.0,0.0,111.04407743848476,111.04407743848476,100.0
1,101.05974098510916,0.0005,5948.205078125,0.0,1.0,0.0,0.0,101.05974098510916,101.05974098510916,26.73831520434109
2,129.05434016853684,0.0005,5913.23974609375,0.0,1.0,0.0,0.0,129.05434016853684,129.05434016853684,26.58113937452409
3,67.75386729294866,0.0005,5413.67626953125,0.0,1.0,0.0,0.0,67.75386729294866,67.75386729294866,24.335506359948344
4,245.13748092263938,0.0005,5121.09521484375,0.0,1.0,0.0,0.0,245.13748092263938,245.13748092263938,23.020298770381014
5,142.392620557199,0.0005,4925.28125,0.0,1.0,0.0,0.0,142.392620557199,142.392620557199,22.140077687779343
6,232.05804143840018,0.0005,4872.88525390625,0.0,1.0,0.0,0.0,232.05804143840018,232.05804143840018,21.90454770174165
7,56.610213676471645,0.0005,4637.78271484375,0.0,1.0,0.0,0.0,56.610213676471645,56.610213676471645,20.84771699193438
8,166.23411276894615,0.0005,4628.91943359375,0.0,1.0,0.0,0.0,166.23411276894615,166.23411276894615,20.807874853895335
