,mz(Da),mz_std(Da),Int,Gauss_r2,N_signals,Confidence_interval(Da),Confidence_interval(ppm),mz_min(Da),mz_max(Da),RelativeIntensity(%)
0,111.04454132753669,0.0005,12448.4130859375,0.0,1.0,0.0,0.0,111.04454132753669,111.04454132753669,100.0
1,101.05948927215803,0.0005,6719.123046875,0.0,1.0,0.0,0.0,101.05948927215803,101.05948927215803,53.975739722722885
2,58.583813051793655,0.0005,4780.34326171875,0.0,1.0,0.0,0.0,58.583813051793655,58.583813051793655,38.401226154030205
3,80.67742760828862,0.0005,4565.8828125,0.0,1.0,0.0,0.0,80.67742760828862,80.67742760828862,36.6784326723372
4,153.0761802479232,0.0005,4447.3115234375,0.0,1.0,0.0,0.0,153.0761802479232,153.0761802479232,35.72593143186628
5,55.35340223918482,0.0005,3787.43701171875,0.0,1.0,0.0,0.0,55.35340223918482,55.35340223918482,30.42505888559622
