,mz(Da),mz_std(Da),Int,Gauss_r2,N_signals,Confidence_interval(Da),Confidence_interval(ppm),mz_min(Da),mz_max(Da),RelativeIntensity(%)
0,111.04460224783048,0.0005,20380.03125,0.0,1.0,0.0,0.0,111.04460224783048,111.04460224783048,100.0
1,101.05956352752091,0.0005,8533.8896484375,0.0,1.0,0.0,0.0,101.05956352752091,101.05956352752091,41.873780975863326
2,187.09896370720625,0.0005,5649.8916015625,0.0,1.0,0.0,0.0,187.09896370720625,187.09896370720625,27.72268370080394
3,94.4413721564307,0.0005,4718.46484375,0.0,1.0,0.0,0.0,94.4413721564307,94.4413721564307,23.15239258403983
4,53.089794123662855,0.0005,4633.2998046875,0.0,1.0,0.0,0.0,53.089794123662855,53.089794123662855,22.734507851588795
5,89.41346192167741,0.0005,4288.91064453125,0.0,1.0,0.0,0.0,89.41346192167741,89.41346192167741,21.044671580330622
6,116.61398173076046,0.0005,4014.806640625,0.0,1.0,0.0,0.0,116.61398173076046,116.61398173076046,19.69970797088449
