,mz(Da),mz_std(Da),Int,Gauss_r2,N_signals,Confidence_interval(Da),Confidence_interval(ppm),mz_min(Da),mz_max(Da),RelativeIntensity(%)
0,111.04414499307215,0.0005,10485.732421875,0.0,1.0,0.0,0.0,111.04414499307215,111.04414499307215,100.0
1,63.13497147846917,0.0005,4636.0419921875,0.0,1.0,0.0,0.0,63.13497147846917,63.13497147846917,44.21285805954706
