,mz(Da),mz_std(Da),Int,Gauss_r2,N_signals,Confidence_interval(Da),Confidence_interval(ppm),mz_min(Da),mz_max(Da),RelativeIntensity(%)
0,246.2428702091761,0.0005,14893.4482421875,0.0,1.0,0.0,0.0,246.2428702091761,246.2428702091761,100.0
1,245.0761143281196,0.0005,10282.2236328125,0.0,1.0,0.0,0.0,245.0761143281196,245.0761143281196,69.03856961537525
2,72.29998965243084,0.0005,4928.10888671875,0.0,1.0,0.0,0.0,72.29998965243084,72.29998965243084,33.08910607255668
3,140.76803708803322,0.0005,4760.04736328125,0.0,1.0,0.0,0.0,140.76803708803322,140.76803708803322,31.960680198947067
4,64.90411207809599,0.0005,4513.73779296875,0.0,1.0,0.0,0.0,64.90411207809599,64.90411207809599,30.30686862820015
5,124.00440371385002,0.0005,4157.30078125,0.0,1.0,0.0,0.0,124.00440371385002,124.00440371385002,27.91362157135606
6,166.540573552957,0.0005,4124.5859375,0.0,1.0,0.0,0.0,166.540573552957,166.540573552957,27.693962274073037
7,66.32919762985638,0.0005,4087.58984375,0.0,1.0,0.0,0.0,66.32919762985638,66.32919762985638,27.445557115318703
8,132.9875866446826,0.0005,3954.731201171875,0.0,1.0,0.0,0.0,132.9875866446826,132.9875866446826,26.553496120325036
