,mz(Da),mz_std(Da),Int,Gauss_r2,N_signals,Confidence_interval(Da),Confidence_interval(ppm),mz_min(Da),mz_max(Da),RelativeIntensity(%)
0,71.20185360713512,0.0005,5024.19287109375,0.0,1.0,0.0,0.0,71.20185360713512,71.20185360713512,100.0
1,111.08601332806539,0.0005,4702.86767578125,0.0,1.0,0.0,0.0,111.08601332806539,111.08601332806539,93.60444147832747
2,71.33067553855197,0.0005,4594.43603515625,0.0,1.0,0.0,0.0,71.33067553855197,71.33067553855197,91.44625122952449
3,55.0739580466272,0.0005,4486.93505859375,0.0,1.0,0.0,0.0,55.0739580466272,55.0739580466272,89.30658463390078
4,58.67862229376327,0.0005,4464.0595703125,0.0,1.0,0.0,0.0,58.67862229376327,58.67862229376327,88.85127790368225
5,54.597952365848755,0.0005,4332.0302734375,0.0,1.0,0.0,0.0,54.597952365848755,54.597952365848755,86.22340711403524
6,55.07051034068908,0.0005,4276.65185546875,0.0,1.0,0.0,0.0,55.07051034068908,55.07051034068908,85.12117200106088
7,117.65822360453967,0.0005,4260.994140625,0.0,1.0,0.0,0.0,117.65822360453967,117.65822360453967,84.80952562829054
8,57.64272783017057,0.0005,4160.52197265625,0.0,1.0,0.0,0.0,57.64272783017057,57.64272783017057,82.80975829159438
