,mz(Da),mz_std(Da),Int,Gauss_r2,N_signals,Confidence_interval(Da),Confidence_interval(ppm),mz_min(Da),mz_max(Da),RelativeIntensity(%)
0,221.15730179243033,0.0005,4765.22314453125,0.0,1.0,0.0,0.0,221.15730179243033,221.15730179243033,100.0
1,161.51908318455594,0.0005,4755.19091796875,0.0,1.0,0.0,0.0,161.51908318455594,161.51908318455594,99.7894699522306
2,74.26480410609864,0.0005,4545.5439453125,0.0,1.0,0.0,0.0,74.26480410609864,74.26480410609864,95.38994937790348
3,56.79155024703091,0.0005,4430.03466796875,0.0,1.0,0.0,0.0,56.79155024703091,56.79155024703091,92.96594374710081
4,52.61393561454582,0.0005,4281.19140625,0.0,1.0,0.0,0.0,52.61393561454582,52.61393561454582,89.84241191649664
5,171.73273548794515,0.0005,4269.02783203125,0.0,1.0,0.0,0.0,171.73273548794515,171.73273548794515,89.58715473651108
6,81.53750279410448,0.0005,4186.01171875,0.0,1.0,0.0,0.0,81.53750279410448,81.53750279410448,87.84503037499985
