,mz(Da),mz_std(Da),Int,Gauss_r2,N_signals,Confidence_interval(Da),Confidence_interval(ppm),mz_min(Da),mz_max(Da),RelativeIntensity(%)
0,57.132634840061776,0.0005,5508.431640625,0.0,1.0,0.0,0.0,57.132634840061776,57.132634840061776,100.0
1,104.39052680478963,0.0005,5123.15234375,0.0,1.0,0.0,0.0,104.39052680478963,104.39052680478963,93.00564440096628
2,94.30396896489779,0.0005,5060.53173828125,0.0,1.0,0.0,0.0,94.30396896489779,94.30396896489779,91.8688307023643
3,192.7877339183169,0.0005,4407.33447265625,0.0,1.0,0.0,0.0,192.7877339183169,192.7877339183169,80.01069560620313
4,50.26329384236123,0.0005,4132.4658203125,0.0,1.0,0.0,0.0,50.26329384236123,50.26329384236123,75.02073348492387
