,mz(Da),mz_std(Da),Int,Gauss_r2,N_signals,Confidence_interval(Da),Confidence_interval(ppm),mz_min(Da),mz_max(Da),RelativeIntensity(%)
0,91.05731051908373,0.0005,1548.102294921875,0.0,1.0,0.0,0.0,91.05731051908373,91.05731051908373,100.0
1,173.63968477597462,0.0005,1066.107421875,0.0,1.0,0.0,0.0,173.63968477597462,173.63968477597462,68.86543772798949
2,67.38624262477444,0.0005,1002.4258422851562,0.0,1.0,0.0,0.0,67.38624262477444,67.38624262477444,64.75191242680405
3,87.69534511549335,0.0005,889.6226806640625,0.0,1.0,0.0,0.0,87.69534511549335,87.69534511549335,57.46536799165183
4,217.22901807714953,0.0005,871.9386596679688,0.0,1.0,0.0,0.0,217.22901807714953,217.22901807714953,56.323064859998226
5,89.35532707049299,0.0005,849.1871948242188,0.0,1.0,0.0,0.0,89.35532707049299,89.35532707049299,54.85342910541148
6,218.10858039481235,0.0005,824.3529663085938,0.0,1.0,0.0,0.0,218.10858039481235,218.10858039481235,53.2492567844294
7,53.23289155594914,0.0005,800.4367065429688,0.0,1.0,0.0,0.0,53.23289155594914,53.23289155594914,51.70438085187147
