,mz(Da),mz_std(Da),Int,Gauss_r2,N_signals,Confidence_interval(Da),Confidence_interval(ppm),mz_min(Da),mz_max(Da),RelativeIntensity(%)
0,128.07331000785416,0.0005,4896.85595703125,0.0,1.0,0.0,0.0,128.07331000785416,128.07331000785416,100.0
1,68.93527863906303,0.0005,4727.572265625,0.0,1.0,0.0,0.0,68.93527863906303,68.93527863906303,96.54301264134224
2,54.1531683191648,0.0005,4701.67822265625,0.0,1.0,0.0,0.0,54.1531683191648,54.1531683191648,96.01422349181519
3,144.8984862163888,0.0005,4691.04833984375,0.0,1.0,0.0,0.0,144.8984862163888,144.8984862163888,95.79714782314585
4,100.09881529500481,0.0005,4615.57666015625,0.0,1.0,0.0,0.0,100.09881529500481,100.09881529500481,94.25592054691502
5,98.99917199239631,0.0005,4276.29052734375,0.0,1.0,0.0,0.0,98.99917199239631,98.99917199239631,87.32726804437758
6,79.0581584058023,0.0005,4234.8232421875,0.0,1.0,0.0,0.0,79.0581584058023,79.0581584058023,86.48045356749454
