,mz(Da),mz_std(Da),Int,Gauss_r2,N_signals,Confidence_interval(Da),Confidence_interval(ppm),mz_min(Da),mz_max(Da),RelativeIntensity(%)
0,58.47084789974343,0.0005,4638.09814453125,0.0,1.0,0.0,0.0,58.47084789974343,58.47084789974343,100.0
1,62.619906134153226,0.0005,4130.0361328125,0.0,1.0,0.0,0.0,62.619906134153226,62.619906134153226,89.0458977820941
