,mz(Da),mz_std(Da),Int,Gauss_r2,N_signals,Confidence_interval(Da),Confidence_interval(ppm),mz_min(Da),mz_max(Da),RelativeIntensity(%)
0,127.23923106630214,0.0005,5352.37646484375,0.0,1.0,0.0,0.0,127.23923106630214,127.23923106630214,100.0
1,98.77389049046567,0.0005,5190.21435546875,0.0,1.0,0.0,0.0,98.77389049046567,98.77389049046567,96.97027833449054
2,139.58191451826423,0.0005,4548.37255859375,0.0,1.0,0.0,0.0,139.58191451826423,139.58191451826423,84.97856211103658
3,69.40238111192758,0.0005,4299.6611328125,0.0,1.0,0.0,0.0,69.40238111192758,69.40238111192758,80.33181449500336
4,85.56921706397225,0.0005,4279.54736328125,0.0,1.0,0.0,0.0,85.56921706397225,85.56921706397225,79.9560231121781
5,52.855763085481165,0.0005,4263.3623046875,0.0,1.0,0.0,0.0,52.855763085481165,52.855763085481165,79.65363297388983
6,103.64434920368876,0.0005,3887.892578125,0.0,1.0,0.0,0.0,103.64434920368876,103.64434920368876,72.63862330428393
