,mz(Da),mz_std(Da),Int,Gauss_r2,N_signals,Confidence_interval(Da),Confidence_interval(ppm),mz_min(Da),mz_max(Da),RelativeIntensity(%)
0,91.05746771936916,0.0005,1673.4033203125,0.0,1.0,0.0,0.0,91.05746771936916,91.05746771936916,100.0
1,93.03657249860242,0.0005,1365.428955078125,0.0,1.0,0.0,0.0,93.03657249860242,93.03657249860242,81.59592720439551
2,77.04218903033984,0.0005,1075.111572265625,0.0,1.0,0.0,0.0,77.04218903033984,77.04218903033984,64.24700842979402
3,93.27210366848155,0.0005,919.7034912109375,0.0,1.0,0.0,0.0,93.27210366848155,93.27210366848155,54.96006133411922
4,136.8875229911788,0.0005,917.385986328125,0.0,1.0,0.0,0.0,136.8875229911788,136.8875229911788,54.821570818731715
5,63.883664323675305,0.0005,882.174072265625,0.0,1.0,0.0,0.0,63.883664323675305,63.883664323675305,52.71736117392687
6,50.80716882448448,0.0005,832.9225463867188,0.0,1.0,0.0,0.0,50.80716882448448,50.80716882448448,49.77416599311961
