,mz(Da),mz_std(Da),Int,Gauss_r2,N_signals,Confidence_interval(Da),Confidence_interval(ppm),mz_min(Da),mz_max(Da),RelativeIntensity(%)
0,223.84233594788654,0.0005,4834.0869140625,0.0,1.0,0.0,0.0,223.84233594788654,223.84233594788654,100.0
1,268.8292490739243,0.0005,4661.84375,0.0,1.0,0.0,0.0,268.8292490739243,268.8292490739243,96.43690386365542
2,132.7265982562896,0.0005,4586.63330078125,0.0,1.0,0.0,0.0,132.7265982562896,132.7265982562896,94.88106817936185
3,51.632452558022514,0.0005,4476.94140625,0.0,1.0,0.0,0.0,51.632452558022514,51.632452558022514,92.6119344943188
4,127.26243074005589,0.0005,4294.76318359375,0.0,1.0,0.0,0.0,127.26243074005589,127.26243074005589,88.84331746498306
5,56.73037366816177,0.0005,4021.740478515625,0.0,1.0,0.0,0.0,56.73037366816177,56.73037366816177,83.19545241969615
6,56.560914368501216,0.0005,3891.697265625,0.0,1.0,0.0,0.0,56.560914368501216,56.560914368501216,80.5053226143688
