,mz(Da),mz_std(Da),Int,Gauss_r2,N_signals,Confidence_interval(Da),Confidence_interval(ppm),mz_min(Da),mz_max(Da),RelativeIntensity(%)
0,91.05711706290538,0.0005,1196.11279296875,0.0,1.0,0.0,0.0,91.05711706290538,91.05711706290538,100.0
1,237.18153638686601,0.0005,953.53369140625,0.0,1.0,0.0,0.0,237.18153638686601,237.18153638686601,79.71937905952673
2,156.73046522134223,0.0005,888.525146484375,0.0,1.0,0.0,0.0,156.73046522134223,156.73046522134223,74.2843945577287
3,83.06347653593212,0.0005,877.0525512695312,0.0,1.0,0.0,0.0,83.06347653593212,83.06347653593212,73.3252379228123
4,63.1956163645125,0.0005,831.3678588867188,0.0,1.0,0.0,0.0,63.1956163645125,63.1956163645125,69.50580779453625
5,50.87869007766898,0.0005,831.1401977539062,0.0,1.0,0.0,0.0,50.87869007766898,50.87869007766898,69.48677437777566
6,196.80271000002097,0.0005,795.3968505859375,0.0,1.0,0.0,0.0,196.80271000002097,196.80271000002097,66.49848202122843
7,74.6621195833358,0.0005,787.125,0.0,1.0,0.0,0.0,74.6621195833358,74.6621195833358,65.80692093814639
8,72.70209740101396,0.0005,773.0413208007812,0.0,1.0,0.0,0.0,72.70209740101396,72.70209740101396,64.62946683164336
