,mz(Da),mz_std(Da),Int,Gauss_r2,N_signals,Confidence_interval(Da),Confidence_interval(ppm),mz_min(Da),mz_max(Da),RelativeIntensity(%)
0,61.23906254437487,0.0005,4555.49267578125,0.0,1.0,0.0,0.0,61.23906254437487,61.23906254437487,100.0
1,102.41510193984189,0.0005,4401.0029296875,0.0,1.0,0.0,0.0,102.41510193984189,102.41510193984189,96.6087148616202
2,96.4888426913792,0.0005,4322.279296875,0.0,1.0,0.0,0.0,96.4888426913792,96.4888426913792,94.88061126415367
3,127.17262793600537,0.0005,4272.3623046875,0.0,1.0,0.0,0.0,127.17262793600537,127.17262793600537,93.78485728669965
4,127.16081641411293,0.0005,4070.798828125,0.0,1.0,0.0,0.0,127.16081641411293,127.16081641411293,89.36023209447643
