,mz(Da),mz_std(Da),Int,Gauss_r2,N_signals,Confidence_interval(Da),Confidence_interval(ppm),mz_min(Da),mz_max(Da),RelativeIntensity(%)
0,91.05737772264652,0.0005,1898.22607421875,0.0,1.0,0.0,0.0,91.05737772264652,91.05737772264652,100.0
1,75.02593299346594,0.0005,1168.7498779296875,0.0,1.0,0.0,0.0,75.02593299346594,75.02593299346594,61.57063659610239
2,93.03640115231661,0.0005,944.0938720703125,0.0,1.0,0.0,0.0,93.03640115231661,93.03640115231661,49.73558655066267
3,176.10007780472952,0.0005,890.4144897460938,0.0,1.0,0.0,0.0,176.10007780472952,176.10007780472952,46.90771567409642
4,63.32932797909185,0.0005,822.9554443359375,0.0,1.0,0.0,0.0,63.32932797909185,63.32932797909185,43.353921617299456
5,64.27023507105874,0.0005,821.7147827148438,0.0,1.0,0.0,0.0,64.27023507105874,64.27023507105874,43.28856261512664
6,110.84596147485456,0.0005,810.6762084960938,0.0,1.0,0.0,0.0,110.84596147485456,110.84596147485456,42.70704209085014
7,178.24378610890568,0.0005,796.7965698242188,0.0,1.0,0.0,0.0,178.24378610890568,178.24378610890568,41.97585212036217
