,mz(Da),mz_std(Da),Int,Gauss_r2,N_signals,Confidence_interval(Da),Confidence_interval(ppm),mz_min(Da),mz_max(Da),RelativeIntensity(%)
0,54.371160435004974,0.0005,5132.20947265625,0.0,1.0,0.0,0.0,54.371160435004974,54.371160435004974,100.0
1,103.85478498869277,0.0005,4546.75244140625,0.0,1.0,0.0,0.0,103.85478498869277,103.85478498869277,88.59249540827904
2,69.17458601141874,0.0005,4298.61083984375,0.0,1.0,0.0,0.0,69.17458601141874,69.17458601141874,83.75750956281487
3,82.85717962308408,0.0005,4253.84326171875,0.0,1.0,0.0,0.0,82.85717962308408,82.85717962308408,82.88522291193838
4,52.44879872355718,0.0005,4144.65869140625,0.0,1.0,0.0,0.0,52.44879872355718,52.44879872355718,80.75778499471731
5,76.80808130659187,0.0005,3937.91015625,0.0,1.0,0.0,0.0,76.80808130659187,76.80808130659187,76.72933416359324
