,mz(Da),mz_std(Da),Int,Gauss_r2,N_signals,Confidence_interval(Da),Confidence_interval(ppm),mz_min(Da),mz_max(Da),RelativeIntensity(%)
0,91.05773953774994,0.0005,1585.4837646484375,0.0,1.0,0.0,0.0,91.05773953774994,91.05773953774994,100.0
1,124.8389132735814,0.0005,1017.3623046875,0.0,1.0,0.0,0.0,124.8389132735814,124.8389132735814,64.16731141444947
2,117.51739414594323,0.0005,945.7472534179688,0.0,1.0,0.0,0.0,117.51739414594323,117.51739414594323,59.65039027868426
3,102.61311815563752,0.0005,821.4251708984375,0.0,1.0,0.0,0.0,102.61311815563752,102.61311815563752,51.8091190344405
4,75.02597041782559,0.0005,817.0362548828125,0.0,1.0,0.0,0.0,75.02597041782559,75.02597041782559,51.532300304820886
