,mz(Da),mz_std(Da),Int,Gauss_r2,N_signals,Confidence_interval(Da),Confidence_interval(ppm),mz_min(Da),mz_max(Da),RelativeIntensity(%)
0,91.05719797932773,0.0005,1304.9837646484375,0.0,1.0,0.0,0.0,91.05719797932773,91.05719797932773,100.0
1,77.04167347040472,0.0005,997.26123046875,0.0,1.0,0.0,0.0,77.04167347040472,77.04167347040472,76.41943581860669
2,164.8227083392169,0.0005,922.2621459960938,0.0,1.0,0.0,0.0,164.8227083392169,164.8227083392169,70.67230803783609
3,58.504092157549294,0.0005,910.7905883789062,0.0,1.0,0.0,0.0,58.504092157549294,58.504092157549294,69.79325054088112
4,101.21574853926543,0.0005,867.0258178710938,0.0,1.0,0.0,0.0,101.21574853926543,101.21574853926543,66.43958655720674
5,94.49852913776415,0.0005,805.584228515625,0.0,1.0,0.0,0.0,94.49852913776415,94.49852913776415,61.73136021601382
