,mz(Da),mz_std(Da),Int,Gauss_r2,N_signals,Confidence_interval(Da),Confidence_interval(ppm),mz_min(Da),mz_max(Da),RelativeIntensity(%)
0,245.12628311467955,0.0005,43857.27734375,0.0,1.0,0.0,0.0,245.12628311467955,245.12628311467955,100.0
1,213.4885727368531,0.0005,4854.20166015625,0.0,1.0,0.0,0.0,213.4885727368531,213.4885727368531,11.068178314192618
2,132.40932623193694,0.0005,4573.77392578125,0.0,1.0,0.0,0.0,132.40932623193694,132.40932623193694,10.428768502732986
3,113.61240584251377,0.0005,4546.048828125,0.0,1.0,0.0,0.0,113.61240584251377,113.61240584251377,10.365551861538087
4,253.6627636065289,0.0005,4536.11279296875,0.0,1.0,0.0,0.0,253.6627636065289,253.6627636065289,10.34289647625648
5,136.7807840608528,0.0005,4525.02001953125,0.0,1.0,0.0,0.0,136.7807840608528,136.7807840608528,10.317603585066367
6,224.50485057026336,0.0005,4468.05224609375,0.0,1.0,0.0,0.0,224.50485057026336,224.50485057026336,10.187710037432321
7,70.46464761666374,0.0005,4199.40771484375,0.0,1.0,0.0,0.0,70.46464761666374,70.46464761666374,9.57516738198113
8,73.60963998723031,0.0005,4123.70654296875,0.0,1.0,0.0,0.0,73.60963998723031,73.60963998723031,9.40255937605851
