,mz(Da),mz_std(Da),Int,Gauss_r2,N_signals,Confidence_interval(Da),Confidence_interval(ppm),mz_min(Da),mz_max(Da),RelativeIntensity(%)
0,79.40206088651942,0.0005,5235.2490234375,0.0,1.0,0.0,0.0,79.40206088651942,79.40206088651942,100.0
1,51.381136415055316,0.0005,4774.1064453125,0.0,1.0,0.0,0.0,51.381136415055316,51.381136415055316,91.19158274877609
2,107.88672701653249,0.0005,4599.02880859375,0.0,1.0,0.0,0.0,107.88672701653249,107.88672701653249,87.84737436566095
3,95.59324637184426,0.0005,4509.95361328125,0.0,1.0,0.0,0.0,95.59324637184426,95.59324637184426,86.14592339525396
4,61.390029218120056,0.0005,4316.2490234375,0.0,1.0,0.0,0.0,61.390029218120056,61.390029218120056,82.44591621361732
5,82.24128817350599,0.0005,4177.60400390625,0.0,1.0,0.0,0.0,82.24128817350599,82.24128817350599,79.79761774852892
6,99.99909309440758,0.0005,3995.54443359375,0.0,1.0,0.0,0.0,99.99909309440758,99.99909309440758,76.3200454401737
