,mz(Da),mz_std(Da),Int,Gauss_r2,N_signals,Confidence_interval(Da),Confidence_interval(ppm),mz_min(Da),mz_max(Da),RelativeIntensity(%)
0,126.49873369642708,0.0005,4360.17822265625,0.0,1.0,0.0,0.0,126.49873369642708,126.49873369642708,100.0
1,68.71114488584413,0.0005,3984.575439453125,0.0,1.0,0.0,0.0,68.71114488584413,68.71114488584413,91.38560939432642
