,mz(Da),mz_std(Da),Int,Gauss_r2,N_signals,Confidence_interval(Da),Confidence_interval(ppm),mz_min(Da),mz_max(Da),RelativeIntensity(%)
0,90.74913380162573,0.0005,4636.49365234375,0.0,1.0,0.0,0.0,90.74913380162573,90.74913380162573,100.0
1,78.8957003033781,0.0005,4431.5126953125,0.0,1.0,0.0,0.0,78.8957003033781,78.8957003033781,95.5789660808091
2,60.68062561356638,0.0005,4384.16796875,0.0,1.0,0.0,0.0,60.68062561356638,60.68062561356638,94.55783394707767
3,84.60595226172104,0.0005,4261.3974609375,0.0,1.0,0.0,0.0,84.60595226172104,84.60595226172104,91.90991685674716
