,mz(Da),mz_std(Da),Int,Gauss_r2,N_signals,Confidence_interval(Da),Confidence_interval(ppm),mz_min(Da),mz_max(Da),RelativeIntensity(%)
0,223.66490301543575,0.0005,4959.73095703125,0.0,1.0,0.0,0.0,223.66490301543575,223.66490301543575,100.0
1,54.30616665046723,0.0005,4798.04638671875,0.0,1.0,0.0,0.0,54.30616665046723,54.30616665046723,96.74005360949499
2,77.47249487484726,0.0005,4789.46142578125,0.0,1.0,0.0,0.0,77.47249487484726,77.47249487484726,96.56696033060797
3,83.82772010524013,0.0005,4433.42041015625,0.0,1.0,0.0,0.0,83.82772010524013,83.82772010524013,89.38832466045629
4,60.540761329654956,0.0005,4421.212890625,0.0,1.0,0.0,0.0,60.540761329654956,60.540761329654956,89.14219196420704
5,91.71342874943738,0.0005,4409.61376953125,0.0,1.0,0.0,0.0,91.71342874943738,91.71342874943738,88.90832603086834
6,140.89584608956991,0.0005,4023.23828125,0.0,1.0,0.0,0.0,140.89584608956991,140.89584608956991,81.11807507514868
