,mz(Da),mz_std(Da),Int,Gauss_r2,N_signals,Confidence_interval(Da),Confidence_interval(ppm),mz_min(Da),mz_max(Da),RelativeIntensity(%)
0,68.29646260047761,0.0005,4763.705078125,0.0,1.0,0.0,0.0,68.29646260047761,68.29646260047761,100.0
1,136.8216011678672,0.0005,4368.40234375,0.0,1.0,0.0,0.0,136.8216011678672,136.8216011678672,91.70177985639296
