,mz(Da),mz_std(Da),Int,Gauss_r2,N_signals,Confidence_interval(Da),Confidence_interval(ppm),mz_min(Da),mz_max(Da),RelativeIntensity(%)
0,91.05744856044927,0.0005,1840.4232177734375,0.0,1.0,0.0,0.0,91.05744856044927,91.05744856044927,100.0
1,77.04160197811939,0.0005,1466.700439453125,0.0,1.0,0.0,0.0,77.04160197811939,77.04160197811939,79.69365009574015
2,73.04693879008161,0.0005,1345.465576171875,0.0,1.0,0.0,0.0,73.04693879008161,73.04693879008161,73.10631398139135
3,234.62952605333004,0.0005,998.7372436523438,0.0,1.0,0.0,0.0,234.62952605333004,234.62952605333004,54.26671615568001
4,240.97879735405655,0.0005,887.666015625,0.0,1.0,0.0,0.0,240.97879735405655,240.97879735405655,48.231624500961644
5,224.6415538340084,0.0005,885.4228515625,0.0,1.0,0.0,0.0,224.6415538340084,224.6415538340084,48.10974144488861
6,70.85984732696377,0.0005,838.13134765625,0.0,1.0,0.0,0.0,70.85984732696377,70.85984732696377,45.54014204788341
