,mz(Da),mz_std(Da),Int,Gauss_r2,N_signals,Confidence_interval(Da),Confidence_interval(ppm),mz_min(Da),mz_max(Da),RelativeIntensity(%)
0,91.05741023932691,0.0005,1743.0888671875,0.0,1.0,0.0,0.0,91.05741023932691,91.05741023932691,100.0
1,77.04161817309088,0.0005,1340.6102294921875,0.0,1.0,0.0,0.0,77.04161817309088,77.04161817309088,76.91003337398868
2,93.03684671422414,0.0005,1172.931884765625,0.0,1.0,0.0,0.0,93.03684671422414,93.03684671422414,67.29042373256438
3,251.3376072604047,0.0005,1060.163330078125,0.0,1.0,0.0,0.0,251.3376072604047,251.3376072604047,60.820956982458064
4,52.932432392355736,0.0005,861.1769409179688,0.0,1.0,0.0,0.0,52.932432392355736,52.932432392355736,49.40522294239023
5,76.20142519416703,0.0005,835.8994140625,0.0,1.0,0.0,0.0,76.20142519416703,76.20142519416703,47.95506584877891
6,53.633456377813495,0.0005,819.097412109375,0.0,1.0,0.0,0.0,53.633456377813495,53.633456377813495,46.99114471604658
7,75.0267071601294,0.0005,798.0552978515625,0.0,1.0,0.0,0.0,75.0267071601294,75.0267071601294,45.783970793137854
