,mz(Da),mz_std(Da),Int,Gauss_r2,N_signals,Confidence_interval(Da),Confidence_interval(ppm),mz_min(Da),mz_max(Da),RelativeIntensity(%)
0,172.34598779433878,0.0005,4511.9404296875,0.0,1.0,0.0,0.0,172.34598779433878,172.34598779433878,100.0
1,93.44303957807848,0.0005,4417.81396484375,0.0,1.0,0.0,0.0,93.44303957807848,93.44303957807848,97.91383626821799
2,175.0445329794685,0.0005,4366.92431640625,0.0,1.0,0.0,0.0,175.0445329794685,175.0445329794685,96.78594796316284
3,157.2761826582291,0.0005,4199.1884765625,0.0,1.0,0.0,0.0,157.2761826582291,157.2761826582291,93.06834923911748
4,108.05363811927944,0.0005,3741.719970703125,0.0,1.0,0.0,0.0,108.05363811927944,108.05363811927944,82.92928572557149
