,mz(Da),mz_std(Da),Int,Gauss_r2,N_signals,Confidence_interval(Da),Confidence_interval(ppm),mz_min(Da),mz_max(Da),RelativeIntensity(%)
0,91.05739933911433,0.0005,1987.5242919921875,0.0,1.0,0.0,0.0,91.05739933911433,91.05739933911433,100.0
1,93.03716641446621,0.0005,1479.724365234375,0.0,1.0,0.0,0.0,93.03716641446621,93.03716641446621,74.45063042480749
2,89.31287098288254,0.0005,880.2522583007812,0.0,1.0,0.0,0.0,89.31287098288254,89.31287098288254,44.28888048550409
3,269.7365089962517,0.0005,867.9436645507812,0.0,1.0,0.0,0.0,269.7365089962517,269.7365089962517,43.66958774027366
4,229.58937598067024,0.0005,829.1971435546875,0.0,1.0,0.0,0.0,229.58937598067024,229.58937598067024,41.72010107728268
5,200.82841845565463,0.0005,827.14599609375,0.0,1.0,0.0,0.0,200.82841845565463,200.82841845565463,41.616899950674984
6,60.0951347603897,0.0005,818.1478881835938,0.0,1.0,0.0,0.0,60.0951347603897,60.0951347603897,41.16417049491889
7,131.8076897921988,0.0005,794.3169555664062,0.0,1.0,0.0,0.0,131.8076897921988,131.8076897921988,39.96514451505021
