,mz(Da),mz_std(Da),Int,Gauss_r2,N_signals,Confidence_interval(Da),Confidence_interval(ppm),mz_min(Da),mz_max(Da),RelativeIntensity(%)
0,91.0577581022437,0.0005,2000.1016845703125,0.0,1.0,0.0,0.0,91.0577581022437,91.0577581022437,100.0
1,73.04694814080958,0.0005,1398.2601318359375,0.0,1.0,0.0,0.0,73.04694814080958,73.04694814080958,69.9094522354912
2,75.0260840690425,0.0005,1103.4107666015625,0.0,1.0,0.0,0.0,75.0260840690425,75.0260840690425,55.16773347644129
3,77.04201969146375,0.0005,1010.2421264648438,0.0,1.0,0.0,0.0,77.04201969146375,77.04201969146375,50.50953830289268
4,77.83781713130043,0.0005,884.8548583984375,0.0,1.0,0.0,0.0,77.83781713130043,77.83781713130043,44.24049363212918
5,105.07275267718168,0.0005,869.2426147460938,0.0,1.0,0.0,0.0,105.07275267718168,105.07275267718168,43.45992113560144
6,68.62905141343444,0.0005,859.5757446289062,0.0,1.0,0.0,0.0,68.62905141343444,68.62905141343444,42.97660220278107
7,50.3797522069751,0.0005,842.8255004882812,0.0,1.0,0.0,0.0,50.3797522069751,50.3797522069751,42.13913257461947
