,mz(Da),mz_std(Da),Int,Gauss_r2,N_signals,Confidence_interval(Da),Confidence_interval(ppm),mz_min(Da),mz_max(Da),RelativeIntensity(%)
0,170.4563394214511,0.0005,4913.76416015625,0.0,1.0,0.0,0.0,170.4563394214511,170.4563394214511,100.0
1,194.8280491044958,0.0005,4827.11083984375,0.0,1.0,0.0,0.0,194.8280491044958,194.8280491044958,98.23651853267323
2,144.20642289340128,0.0005,4040.685791015625,0.0,1.0,0.0,0.0,144.20642289340128,144.20642289340128,82.23198467236037
3,136.96012023439914,0.0005,3990.159423828125,0.0,1.0,0.0,0.0,136.96012023439914,136.96012023439914,81.20372272203727
