,mz(Da),mz_std(Da),Int,Gauss_r2,N_signals,Confidence_interval(Da),Confidence_interval(ppm),mz_min(Da),mz_max(Da),RelativeIntensity(%)
0,91.05760254764778,0.0005,1982.8836669921875,0.0,1.0,0.0,0.0,91.05760254764778,91.05760254764778,100.0
1,191.83401369834323,0.0005,844.9913330078125,0.0,1.0,0.0,0.0,191.83401369834323,191.83401369834323,42.61426663973534
2,55.712545935840495,0.0005,832.0296630859375,0.0,1.0,0.0,0.0,55.712545935840495,55.712545935840495,41.96058886036584
3,119.70571665781077,0.0005,822.5270385742188,0.0,1.0,0.0,0.0,119.70571665781077,119.70571665781077,41.48135628258516
4,67.84000201853674,0.0005,810.7128295898438,0.0,1.0,0.0,0.0,67.84000201853674,67.84000201853674,40.88554679658058
5,109.84655138487503,0.0005,787.656005859375,0.0,1.0,0.0,0.0,109.84655138487503,109.84655138487503,39.72275423772898
6,69.40782903333692,0.0005,759.3082275390625,0.0,1.0,0.0,0.0,69.40782903333692,69.40782903333692,38.29313036255163
