,mz(Da),mz_std(Da),Int,Gauss_r2,N_signals,Confidence_interval(Da),Confidence_interval(ppm),mz_min(Da),mz_max(Da),RelativeIntensity(%)
0,93.72596394572814,0.0005,4878.07568359375,0.0,1.0,0.0,0.0,93.72596394572814,93.72596394572814,100.0
1,79.80176512990334,0.0005,4572.17529296875,0.0,1.0,0.0,0.0,79.80176512990334,79.80176512990334,93.72907657718753
2,181.90185199123604,0.0005,4328.41943359375,0.0,1.0,0.0,0.0,181.90185199123604,181.90185199123604,88.73210901895929
3,76.25334507454731,0.0005,4302.44580078125,0.0,1.0,0.0,0.0,76.25334507454731,76.25334507454731,88.19965248287363
4,51.89103213797807,0.0005,4270.90625,0.0,1.0,0.0,0.0,51.89103213797807,51.89103213797807,87.5530952577095
5,65.35671471700678,0.0005,4259.4609375,0.0,1.0,0.0,0.0,65.35671471700678,65.35671471700678,87.31846764546286
6,99.49329277880497,0.0005,4112.576171875,0.0,1.0,0.0,0.0,99.49329277880497,99.49329277880497,84.30734655689484
