,mz(Da),mz_std(Da),Int,Gauss_r2,N_signals,Confidence_interval(Da),Confidence_interval(ppm),mz_min(Da),mz_max(Da),RelativeIntensity(%)
0,267.5220510593937,0.0005,1086.0321044921875,0.0,1.0,0.0,0.0,267.5220510593937,267.5220510593937,100.0
1,83.59380990202595,0.0005,913.7532958984375,0.0,1.0,0.0,0.0,83.59380990202595,83.59380990202595,84.13685858077787
2,125.95570226132577,0.0005,903.9468383789062,0.0,1.0,0.0,0.0,125.95570226132577,125.95570226132577,83.23389655240241
3,53.13570464986108,0.0005,901.1134643554688,0.0,1.0,0.0,0.0,53.13570464986108,53.13570464986108,82.97300426278062
4,107.74279228820937,0.0005,743.6058959960938,0.0,1.0,0.0,0.0,107.74279228820937,107.74279228820937,68.46997367023444
