,mz(Da),mz_std(Da),Int,Gauss_r2,N_signals,Confidence_interval(Da),Confidence_interval(ppm),mz_min(Da),mz_max(Da),RelativeIntensity(%)
0,60.17801252180112,0.0005,5503.71826171875,0.0,1.0,0.0,0.0,60.17801252180112,60.17801252180112,100.0
1,63.04094511213512,0.0005,4929.70654296875,0.0,1.0,0.0,0.0,63.04094511213512,63.04094511213512,89.57047415121968
2,63.04519771918301,0.0005,4722.91455078125,0.0,1.0,0.0,0.0,63.04519771918301,63.04519771918301,85.81315987105663
3,50.693938667048286,0.0005,4411.0654296875,0.0,1.0,0.0,0.0,50.693938667048286,50.693938667048286,80.14700644051452
4,159.8465647651089,0.0005,4408.00439453125,0.0,1.0,0.0,0.0,159.8465647651089,159.8465647651089,80.09138885598914
5,167.070831693062,0.0005,4337.73828125,0.0,1.0,0.0,0.0,167.070831693062,167.070831693062,78.8146862716656
6,51.85424569336219,0.0005,4221.35546875,0.0,1.0,0.0,0.0,51.85424569336219,51.85424569336219,76.70006472009557
7,98.25373570240365,0.0005,3878.95703125,0.0,1.0,0.0,0.0,98.25373570240365,98.25373570240365,70.4788444246898
