,mz(Da),mz_std(Da),Int,Gauss_r2,N_signals,Confidence_interval(Da),Confidence_interval(ppm),mz_min(Da),mz_max(Da),RelativeIntensity(%)
0,91.05745390536762,0.0005,1350.459228515625,0.0,1.0,0.0,0.0,91.05745390536762,91.05745390536762,100.0
1,77.042079982395,0.0005,1177.7388916015625,0.0,1.0,0.0,0.0,77.042079982395,77.042079982395,87.21025164869951
2,105.07289903613446,0.0005,1106.41552734375,0.0,1.0,0.0,0.0,105.07289903613446,105.07289903613446,81.92883605674503
3,93.03620833508663,0.0005,1089.739990234375,0.0,1.0,0.0,0.0,93.03620833508663,93.03620833508663,80.69403112837232
4,186.94730027842212,0.0005,925.1812744140625,0.0,1.0,0.0,0.0,186.94730027842212,186.94730027842212,68.50864171819447
5,52.86816863130456,0.0005,893.1529541015625,0.0,1.0,0.0,0.0,52.86816863130456,52.86816863130456,66.13698031322896
6,201.61938155587438,0.0005,879.4545288085938,0.0,1.0,0.0,0.0,201.61938155587438,201.61938155587438,65.12262719513996
7,52.901100816088004,0.0005,863.88671875,0.0,1.0,0.0,0.0,52.901100816088004,52.901100816088004,63.96984821967209
8,78.5792307623228,0.0005,790.8253173828125,0.0,1.0,0.0,0.0,78.5792307623228,78.5792307623228,58.55973291782074
