,mz(Da),mz_std(Da),Int,Gauss_r2,N_signals,Confidence_interval(Da),Confidence_interval(ppm),mz_min(Da),mz_max(Da),RelativeIntensity(%)
0,121.06609638334902,0.0005,4727.60791015625,0.0,1.0,0.0,0.0,121.06609638334902,121.06609638334902,100.0
1,125.21982431126466,0.0005,4695.7265625,0.0,1.0,0.0,0.0,125.21982431126466,125.21982431126466,99.32563469174845
2,132.75574374664276,0.0005,4611.57666015625,0.0,1.0,0.0,0.0,132.75574374664276,132.75574374664276,97.54566681067752
3,265.4072686415092,0.0005,4396.77099609375,0.0,1.0,0.0,0.0,265.4072686415092,265.4072686415092,93.0020230029701
4,72.06837676954439,0.0005,4368.87060546875,0.0,1.0,0.0,0.0,72.06837676954439,72.06837676954439,92.41186427671317
