,mz(Da),mz_std(Da),Int,Gauss_r2,N_signals,Confidence_interval(Da),Confidence_interval(ppm),mz_min(Da),mz_max(Da),RelativeIntensity(%)
0,91.05731667697395,0.0005,1193.1021728515625,0.0,1.0,0.0,0.0,91.05731667697395,91.05731667697395,100.0
1,143.29655569710584,0.0005,1044.35791015625,0.0,1.0,0.0,0.0,143.29655569710584,143.29655569710584,87.53298199601734
2,115.55487214024208,0.0005,993.3963623046875,0.0,1.0,0.0,0.0,115.55487214024208,115.55487214024208,83.2616338239021
3,69.90552850258068,0.0005,960.0310668945312,0.0,1.0,0.0,0.0,69.90552850258068,69.90552850258068,80.46511763531686
4,77.0417626397053,0.0005,895.5239868164062,0.0,1.0,0.0,0.0,77.0417626397053,77.0417626397053,75.05844907448854
5,88.57282939789705,0.0005,878.0715942382812,0.0,1.0,0.0,0.0,88.57282939789705,88.57282939789705,73.59567472244683
6,158.098532816633,0.0005,794.9412231445312,0.0,1.0,0.0,0.0,158.098532816633,158.098532816633,66.62809281828643
7,143.49398519775133,0.0005,779.0755615234375,0.0,1.0,0.0,0.0,143.49398519775133,143.49398519775133,65.2983105094357
