,mz(Da),mz_std(Da),Int,Gauss_r2,N_signals,Confidence_interval(Da),Confidence_interval(ppm),mz_min(Da),mz_max(Da),RelativeIntensity(%)
0,111.04413316074671,0.0005,34372.92578125,0.0,1.0,0.0,0.0,111.04413316074671,111.04413316074671,100.0
1,101.0598345551764,0.0005,12797.7841796875,0.0,1.0,0.0,0.0,101.0598345551764,101.0598345551764,37.2321642362738
2,129.05500570949533,0.0005,7899.59326171875,0.0,1.0,0.0,0.0,129.05500570949533,129.05500570949533,22.9820216992639
3,245.1383599335021,0.0005,7569.77392578125,0.0,1.0,0.0,0.0,245.1383599335021,245.1383599335021,22.02248936839257
4,169.08585925534356,0.0005,4959.439453125,0.0,1.0,0.0,0.0,169.08585925534356,169.08585925534356,14.428330845872631
5,112.04801620809896,0.0005,4571.7314453125,0.0,1.0,0.0,0.0,112.04801620809896,112.04801620809896,13.300384943682397
6,51.94486662122756,0.0005,4510.83203125,0.0,1.0,0.0,0.0,51.94486662122756,51.94486662122756,13.123212321107102
7,224.64128050954054,0.0005,3967.742431640625,0.0,1.0,0.0,0.0,224.64128050954054,224.64128050954054,11.543219965886578
