,mz(Da),mz_std(Da),Int,Gauss_r2,N_signals,Confidence_interval(Da),Confidence_interval(ppm),mz_min(Da),mz_max(Da),RelativeIntensity(%)
0,249.1106851044155,0.0005,22406.455078125,0.0,1.0,0.0,0.0,249.1106851044155,249.1106851044155,100.0
1,249.14479624300515,0.0005,3405.419921875,0.0,1.0,0.0,0.0,249.14479624300515,249.14479624300515,15.198387741395326
2,250.11568271718846,0.0005,2561.784912109375,0.0,1.0,0.0,0.0,250.11568271718846,250.11568271718846,11.43324503218895
3,79.36089334451734,0.0005,1896.2508544921875,0.0,1.0,0.0,0.0,79.36089334451734,79.36089334451734,8.462966800774574
4,123.17442818746349,0.0005,1845.4027099609375,0.0,1.0,0.0,0.0,123.17442818746349,123.17442818746349,8.236031552186803
