,mz(Da),mz_std(Da),Int,Gauss_r2,N_signals,Confidence_interval(Da),Confidence_interval(ppm),mz_min(Da),mz_max(Da),RelativeIntensity(%)
0,249.10968951640018,0.0005,26410.87890625,0.0,1.0,0.0,0.0,249.10968951640018,249.10968951640018,100.0
1,250.114609062669,0.0005,8768.408203125,0.0,1.0,0.0,0.0,250.114609062669,250.114609062669,33.19998639291781
2,250.17843028906128,0.0005,6383.9892578125,0.0,1.0,0.0,0.0,250.17843028906128,250.17843028906128,24.17181677472218
3,75.37853593609617,0.0005,5054.7978515625,0.0,1.0,0.0,0.0,75.37853593609617,75.37853593609617,19.139074733201355
4,110.77564691245826,0.0005,4549.94921875,0.0,1.0,0.0,0.0,110.77564691245826,110.77564691245826,17.227557003690922
5,62.25811695708168,0.0005,4504.3681640625,0.0,1.0,0.0,0.0,62.25811695708168,62.25811695708168,17.054972612049514
6,109.58711266728086,0.0005,4448.03173828125,0.0,1.0,0.0,0.0,109.58711266728086,109.58711266728086,16.841664959618765
