,mz(Da),mz_std(Da),Int,Gauss_r2,N_signals,Confidence_interval(Da),Confidence_interval(ppm),mz_min(Da),mz_max(Da),RelativeIntensity(%)
0,249.10908559485802,0.0005,11264.9619140625,0.0,1.0,0.0,0.0,249.10908559485802,249.10908559485802,100.0
1,249.15735567753242,0.0005,8425.3662109375,0.0,1.0,0.0,0.0,249.15735567753242,249.15735567753242,74.7926737366043
2,250.17879227964823,0.0005,4984.74169921875,0.0,1.0,0.0,0.0,250.17879227964823,250.17879227964823,44.24996495546158
3,50.30908569877515,0.0005,4429.03515625,0.0,1.0,0.0,0.0,50.30908569877515,50.30908569877515,39.31691194375952
4,69.76180137135148,0.0005,4288.13134765625,0.0,1.0,0.0,0.0,69.76180137135148,69.76180137135148,38.06609716365934
5,117.4805598404636,0.0005,4256.93310546875,0.0,1.0,0.0,0.0,117.4805598404636,117.4805598404636,37.789147783577064
6,89.50277292780454,0.0005,4168.46728515625,0.0,1.0,0.0,0.0,89.50277292780454,89.50277292780454,37.00382936894431
