,mz(Da),mz_std(Da),Int,Gauss_r2,N_signals,Confidence_interval(Da),Confidence_interval(ppm),mz_min(Da),mz_max(Da),RelativeIntensity(%)
0,249.1573613102982,0.0005,498153.03125,0.0,1.0,0.0,0.0,249.1573613102982,249.1573613102982,100.0
1,250.16068671222382,0.0005,28665.3671875,0.0,1.0,0.0,0.0,250.16068671222382,250.16068671222382,5.75432957129075
2,84.0438568098624,0.0005,1978.4361572265625,0.0,1.0,0.0,0.0,84.0438568098624,84.0438568098624,0.3971542945873749
3,120.06543848651827,0.0005,1630.7244873046875,0.0,1.0,0.0,0.0,120.06543848651827,120.06543848651827,0.327354123132155
4,100.18834869846927,0.0005,1420.734130859375,0.0,1.0,0.0,0.0,100.18834869846927,100.18834869846927,0.28520033839689196
5,51.68244912501503,0.0005,1334.8699951171875,0.0,1.0,0.0,0.0,51.68244912501503,51.68244912501503,0.2679638407032553
6,52.460202450531895,0.0005,1270.9613037109375,0.0,1.0,0.0,0.0,52.460202450531895,52.460202450531895,0.25513471242396213
