,mz(Da),mz_std(Da),Int,Gauss_r2,N_signals,Confidence_interval(Da),Confidence_interval(ppm),mz_min(Da),mz_max(Da),RelativeIntensity(%)
0,91.05710083337027,0.0005,1714.3319091796875,0.0,1.0,0.0,0.0,91.05710083337027,91.05710083337027,100.0
1,156.18381626500425,0.0005,995.0726318359375,0.0,1.0,0.0,0.0,156.18381626500425,156.18381626500425,58.04433940170212
2,250.75503279150414,0.0005,957.6373291015625,0.0,1.0,0.0,0.0,250.75503279150414,250.75503279150414,55.86067225218917
3,139.107881749275,0.0005,887.2890014648438,0.0,1.0,0.0,0.0,139.107881749275,139.107881749275,51.75713038494476
4,58.25229823871004,0.0005,880.462158203125,0.0,1.0,0.0,0.0,58.25229823871004,58.25229823871004,51.35890859223571
5,116.41107762738557,0.0005,879.9237670898438,0.0,1.0,0.0,0.0,116.41107762738557,116.41107762738557,51.327503290240315
6,57.51158232844594,0.0005,821.6777954101562,0.0,1.0,0.0,0.0,57.51158232844594,57.51158232844594,47.92991316385935
7,109.13113523429203,0.0005,806.0230712890625,0.0,1.0,0.0,0.0,109.13113523429203,109.13113523429203,47.01674553061004
8,144.01956574267717,0.0005,774.1240234375,0.0,1.0,0.0,0.0,144.01956574267717,144.01956574267717,45.15601788033686
