,mz(Da),mz_std(Da),Int,Gauss_r2,N_signals,Confidence_interval(Da),Confidence_interval(ppm),mz_min(Da),mz_max(Da),RelativeIntensity(%)
0,67.32299016820716,0.0005,5138.80908203125,0.0,1.0,0.0,0.0,67.32299016820716,67.32299016820716,100.0
1,169.21806529601415,0.0005,5071.77197265625,0.0,1.0,0.0,0.0,169.21806529601415,169.21806529601415,98.69547382856844
2,205.05933500941063,0.0005,5001.7197265625,0.0,1.0,0.0,0.0,205.05933500941063,205.05933500941063,97.33227381518984
3,167.41982992699423,0.0005,4581.4765625,0.0,1.0,0.0,0.0,167.41982992699423,167.41982992699423,89.1544419994107
4,106.21592247547876,0.0005,4558.8798828125,0.0,1.0,0.0,0.0,106.21592247547876,106.21592247547876,88.71471599817603
5,219.57824429945612,0.0005,4086.29052734375,0.0,1.0,0.0,0.0,219.57824429945612,219.57824429945612,79.51823977333939
