,mz(Da),mz_std(Da),Int,Gauss_r2,N_signals,Confidence_interval(Da),Confidence_interval(ppm),mz_min(Da),mz_max(Da),RelativeIntensity(%)
0,111.04439946714717,0.0005,10209.3232421875,0.0,1.0,0.0,0.0,111.04439946714717,111.04439946714717,100.0
1,97.67615186006375,0.0005,5158.46435546875,0.0,1.0,0.0,0.0,97.67615186006375,97.67615186006375,50.52699609071709
2,122.16956418410834,0.0005,4930.52392578125,0.0,1.0,0.0,0.0,122.16956418410834,122.16956418410834,48.29432675230696
3,245.13572093958555,0.0005,4683.32275390625,0.0,1.0,0.0,0.0,245.13572093958555,245.13572093958555,45.87299905006022
4,101.84529066150174,0.0005,4619.91748046875,0.0,1.0,0.0,0.0,101.84529066150174,101.84529066150174,45.25194639129541
5,96.02680813194843,0.0005,4576.04736328125,0.0,1.0,0.0,0.0,96.02680813194843,96.02680813194843,44.82223997347706
