,mz(Da),mz_std(Da),Int,Gauss_r2,N_signals,Confidence_interval(Da),Confidence_interval(ppm),mz_min(Da),mz_max(Da),RelativeIntensity(%)
0,101.05986205728942,0.0005,6415.01171875,0.0,1.0,0.0,0.0,101.05986205728942,101.05986205728942,100.0
1,163.64415187686842,0.0005,5488.8271484375,0.0,1.0,0.0,0.0,163.64415187686842,163.64415187686842,85.56223104619718
2,146.82142132936917,0.0005,4495.537109375,0.0,1.0,0.0,0.0,146.82142132936917,146.82142132936917,70.07839278352839
3,248.1641652639141,0.0005,4482.396484375,0.0,1.0,0.0,0.0,248.1641652639141,248.1641652639141,69.8735509909313
4,79.31933701186774,0.0005,4044.483154296875,0.0,1.0,0.0,0.0,79.31933701186774,79.31933701186774,63.04716704531547
5,51.456780130660135,0.0005,3991.90087890625,0.0,1.0,0.0,0.0,51.456780130660135,51.456780130660135,62.22749160751484
