,mz(Da),mz_std(Da),Int,Gauss_r2,N_signals,Confidence_interval(Da),Confidence_interval(ppm),mz_min(Da),mz_max(Da),RelativeIntensity(%)
0,113.91446075739552,0.0005,5214.048828125,0.0,1.0,0.0,0.0,113.91446075739552,113.91446075739552,100.0
1,63.14738444801584,0.0005,4815.04443359375,0.0,1.0,0.0,0.0,63.14738444801584,63.14738444801584,92.34751327262246
2,209.82337850452257,0.0005,4555.6923828125,0.0,1.0,0.0,0.0,209.82337850452257,209.82337850452257,87.37341235162064
3,61.611560482149166,0.0005,4451.27099609375,0.0,1.0,0.0,0.0,61.611560482149166,61.611560482149166,85.37071943176356
4,127.88269320608562,0.0005,4349.66748046875,0.0,1.0,0.0,0.0,127.88269320608562,127.88269320608562,83.42207033057099
5,66.64020089407089,0.0005,4291.08349609375,0.0,1.0,0.0,0.0,66.64020089407089,66.64020089407089,82.29849081863789
6,77.29754753687985,0.0005,4271.3671875,0.0,1.0,0.0,0.0,77.29754753687985,77.29754753687985,81.92035265300741
