,mz(Da),mz_std(Da),Int,Gauss_r2,N_signals,Confidence_interval(Da),Confidence_interval(ppm),mz_min(Da),mz_max(Da),RelativeIntensity(%)
0,90.70198556271785,0.0005,5129.931640625,0.0,1.0,0.0,0.0,90.70198556271785,90.70198556271785,100.0
1,142.01819160719182,0.0005,4712.4013671875,0.0,1.0,0.0,0.0,142.01819160719182,142.01819160719182,91.86089985817762
