,mz(Da),mz_std(Da),Int,Gauss_r2,N_signals,Confidence_interval(Da),Confidence_interval(ppm),mz_min(Da),mz_max(Da),RelativeIntensity(%)
0,101.06022023337196,0.0005,5662.541015625,0.0,1.0,0.0,0.0,101.06022023337196,101.06022023337196,100.0
1,231.46147002886948,0.0005,4759.07275390625,0.0,1.0,0.0,0.0,231.46147002886948,231.46147002886948,84.0448261791702
2,246.63503184513905,0.0005,4742.16748046875,0.0,1.0,0.0,0.0,246.63503184513905,246.63503184513905,83.74628046637356
3,141.13802099116316,0.0005,4718.98828125,0.0,1.0,0.0,0.0,141.13802099116316,141.13802099116316,83.33693774983004
4,53.924094421575205,0.0005,3882.806396484375,0.0,1.0,0.0,0.0,53.924094421575205,53.924094421575205,68.57003570959233
