,mz(Da),mz_std(Da),Int,Gauss_r2,N_signals,Confidence_interval(Da),Confidence_interval(ppm),mz_min(Da),mz_max(Da),RelativeIntensity(%)
0,232.96252456748772,0.0005,4845.51611328125,0.0,1.0,0.0,0.0,232.96252456748772,232.96252456748772,100.0
1,77.04867404388256,0.0005,4646.9453125,0.0,1.0,0.0,0.0,77.04867404388256,77.04867404388256,95.90196800219114
2,70.41115439296897,0.0005,4529.26708984375,0.0,1.0,0.0,0.0,70.41115439296897,70.41115439296897,93.4733676239218
