,mz(Da),mz_std(Da),Int,Gauss_r2,N_signals,Confidence_interval(Da),Confidence_interval(ppm),mz_min(Da),mz_max(Da),RelativeIntensity(%)
0,111.04404198919511,0.0005,6711.625,0.0,1.0,0.0,0.0,111.04404198919511,111.04404198919511,100.0
1,123.97774721919876,0.0005,5073.8828125,0.0,1.0,0.0,0.0,123.97774721919876,123.97774721919876,75.59842530683702
2,95.92966347267198,0.0005,4472.876953125,0.0,1.0,0.0,0.0,95.92966347267198,95.92966347267198,66.64372567187529
3,217.46707042612016,0.0005,3848.097900390625,0.0,1.0,0.0,0.0,217.46707042612016,217.46707042612016,57.334816834829496
