,mz(Da),mz_std(Da),Int,Gauss_r2,N_signals,Confidence_interval(Da),Confidence_interval(ppm),mz_min(Da),mz_max(Da),RelativeIntensity(%)
0,72.71016917378535,0.0005,5569.3046875,0.0,1.0,0.0,0.0,72.71016917378535,72.71016917378535,100.0
1,105.36224684439372,0.0005,4951.65625,0.0,1.0,0.0,0.0,105.36224684439372,105.36224684439372,88.90977469977037
2,151.22670854069827,0.0005,4513.16357421875,0.0,1.0,0.0,0.0,151.22670854069827,151.22670854069827,81.0363919278523
3,110.77390406082398,0.0005,4496.8818359375,0.0,1.0,0.0,0.0,110.77390406082398,110.77390406082398,80.7440441538511
