,mz(Da),mz_std(Da),Int,Gauss_r2,N_signals,Confidence_interval(Da),Confidence_interval(ppm),mz_min(Da),mz_max(Da),RelativeIntensity(%)
0,140.16301119714495,0.0005,5269.7587890625,0.0,1.0,0.0,0.0,140.16301119714495,140.16301119714495,100.0
1,263.01788008476734,0.0005,4961.96337890625,0.0,1.0,0.0,0.0,263.01788008476734,263.01788008476734,94.1592125469749
2,129.07612098092523,0.0005,4685.8212890625,0.0,1.0,0.0,0.0,129.07612098092523,129.07612098092523,88.91908485048738
3,119.3469796695623,0.0005,4391.88427734375,0.0,1.0,0.0,0.0,119.3469796695623,119.3469796695623,83.34127714648348
4,108.70902614068385,0.0005,4166.49365234375,0.0,1.0,0.0,0.0,108.70902614068385,108.70902614068385,79.06421942862734
5,51.63059904776298,0.0005,4003.7470703125,0.0,1.0,0.0,0.0,51.63059904776298,51.63059904776298,75.97590763779102
