,mz(Da),mz_std(Da),Int,Gauss_r2,N_signals,Confidence_interval(Da),Confidence_interval(ppm),mz_min(Da),mz_max(Da),RelativeIntensity(%)
0,260.56551099997625,0.0005,5141.04052734375,0.0,1.0,0.0,0.0,260.56551099997625,260.56551099997625,100.0
1,143.3983186019529,0.0005,4390.03466796875,0.0,1.0,0.0,0.0,143.3983186019529,143.3983186019529,85.3919482762174
