,mz(Da),mz_std(Da),Int,Gauss_r2,N_signals,Confidence_interval(Da),Confidence_interval(ppm),mz_min(Da),mz_max(Da),RelativeIntensity(%)
0,111.04426562703378,0.0005,6114.68994140625,0.0,1.0,0.0,0.0,111.04426562703378,111.04426562703378,100.0
1,85.04737629246404,0.0005,5406.103515625,0.0,1.0,0.0,0.0,85.04737629246404,85.04737629246404,88.41173579410815
2,192.6991010496119,0.0005,5007.4521484375,0.0,1.0,0.0,0.0,192.6991010496119,192.6991010496119,81.8921678191567
3,67.77531902629894,0.0005,4273.3193359375,0.0,1.0,0.0,0.0,67.77531902629894,67.77531902629894,69.88611649791562
