,mz(Da),mz_std(Da),Int,Gauss_r2,N_signals,Confidence_interval(Da),Confidence_interval(ppm),mz_min(Da),mz_max(Da),RelativeIntensity(%)
0,87.95131182855835,0.0005,5158.1748046875,0.0,1.0,0.0,0.0,87.95131182855835,87.95131182855835,100.0
1,175.40807005287212,0.0005,4668.78857421875,0.0,1.0,0.0,0.0,175.40807005287212,175.40807005287212,90.51241477849841
2,143.68138904169092,0.0005,4362.318359375,0.0,1.0,0.0,0.0,143.68138904169092,143.68138904169092,84.57096792087651
3,52.65818421505502,0.0005,4262.08935546875,0.0,1.0,0.0,0.0,52.65818421505502,52.65818421505502,82.62785804768711
4,84.72196538570076,0.0005,4109.85888671875,0.0,1.0,0.0,0.0,84.72196538570076,84.72196538570076,79.67661124985351
5,80.24708538973752,0.0005,4001.470703125,0.0,1.0,0.0,0.0,80.24708538973752,80.24708538973752,77.57532178802194
