,mz(Da),mz_std(Da),Int,Gauss_r2,N_signals,Confidence_interval(Da),Confidence_interval(ppm),mz_min(Da),mz_max(Da),RelativeIntensity(%)
0,111.0445204548746,0.0005,6507.02490234375,0.0,1.0,0.0,0.0,111.0445204548746,111.0445204548746,100.0
1,68.19223203361139,0.0005,5316.75439453125,0.0,1.0,0.0,0.0,68.19223203361139,68.19223203361139,81.70791528116361
2,60.695895792043174,0.0005,4706.70166015625,0.0,1.0,0.0,0.0,60.695895792043174,60.695895792043174,72.33262098721882
3,200.15524032587518,0.0005,4415.0009765625,0.0,1.0,0.0,0.0,200.15524032587518,200.15524032587518,67.84976303029471
4,208.75743971337528,0.0005,4374.3134765625,0.0,1.0,0.0,0.0,208.75743971337528,208.75743971337528,67.2244772720468
5,53.5123050281864,0.0005,4315.40283203125,0.0,1.0,0.0,0.0,53.5123050281864,53.5123050281864,66.31913811297841
6,78.30356612157131,0.0005,4242.6748046875,0.0,1.0,0.0,0.0,78.30356612157131,78.30356612157131,65.2014533271471
