,mz(Da),mz_std(Da),Int,Gauss_r2,N_signals,Confidence_interval(Da),Confidence_interval(ppm),mz_min(Da),mz_max(Da),RelativeIntensity(%)
0,246.14848471648992,0.0005,95704.359375,0.0,1.0,0.0,0.0,246.14848471648992,246.14848471648992,100.0
1,237.14319887557969,0.0005,43896.484375,0.0,1.0,0.0,0.0,237.14319887557969,237.14319887557969,45.8667553512371
2,111.04426493586061,0.0005,14796.1455078125,0.0,1.0,0.0,0.0,111.04426493586061,111.04426493586061,15.460262839058892
3,101.05972846554161,0.0005,9455.02734375,0.0,1.0,0.0,0.0,101.05972846554161,101.05972846554161,9.879411351265837
4,129.05419764774035,0.0005,8078.66064453125,0.0,1.0,0.0,0.0,129.05419764774035,129.05419764774035,8.441267145289064
5,228.13909318671188,0.0005,7860.11083984375,0.0,1.0,0.0,0.0,228.13909318671188,228.13909318671188,8.21290784576003
6,245.13597189448512,0.0005,5037.013671875,0.0,1.0,0.0,0.0,245.13597189448512,245.13597189448512,5.263097422906709
7,53.521775656739315,0.0005,4886.07763671875,0.0,1.0,0.0,0.0,53.521775656739315,53.521775656739315,5.10538670195111
8,169.02989487306667,0.0005,4081.37939453125,0.0,1.0,0.0,0.0,169.02989487306667,169.02989487306667,4.264569995750259
