,mz(Da),mz_std(Da),Int,Gauss_r2,N_signals,Confidence_interval(Da),Confidence_interval(ppm),mz_min(Da),mz_max(Da),RelativeIntensity(%)
0,111.04448129223965,0.0005,7047.53857421875,0.0,1.0,0.0,0.0,111.04448129223965,111.04448129223965,100.0
1,93.37729662157506,0.0005,5635.65966796875,0.0,1.0,0.0,0.0,93.37729662157506,93.37729662157506,79.96635433234911
2,61.14051282360901,0.0005,4541.962890625,0.0,1.0,0.0,0.0,61.14051282360901,61.14051282360901,64.44750664069258
3,239.16006480478055,0.0005,4377.171875,0.0,1.0,0.0,0.0,239.16006480478055,239.16006480478055,62.109229043634265
