,mz(Da),mz_std(Da),Int,Gauss_r2,N_signals,Confidence_interval(Da),Confidence_interval(ppm),mz_min(Da),mz_max(Da),RelativeIntensity(%)
0,56.86591795760839,0.0005,4977.49609375,0.0,1.0,0.0,0.0,56.86591795760839,56.86591795760839,100.0
1,104.34277625362202,0.0005,4663.7392578125,0.0,1.0,0.0,0.0,104.34277625362202,104.34277625362202,93.69649257321429
2,97.05237465901445,0.0005,4662.54638671875,0.0,1.0,0.0,0.0,97.05237465901445,97.05237465901445,93.6725272888367
3,89.68268433313574,0.0005,4127.7353515625,0.0,1.0,0.0,0.0,89.68268433313574,89.68268433313574,82.92794758283179
4,161.80997860210036,0.0005,4030.441162109375,0.0,1.0,0.0,0.0,161.80997860210036,161.80997860210036,80.97326620045376
