,mz(Da),mz_std(Da),Int,Gauss_r2,N_signals,Confidence_interval(Da),Confidence_interval(ppm),mz_min(Da),mz_max(Da),RelativeIntensity(%)
0,111.04441578742654,0.0005,6769.333984375,0.0,1.0,0.0,0.0,111.04441578742654,111.04441578742654,100.0
1,94.87321583841023,0.0005,5076.89306640625,0.0,1.0,0.0,0.0,94.87321583841023,94.87321583841023,74.99841311013391
2,53.102502706143,0.0005,4461.51318359375,0.0,1.0,0.0,0.0,53.102502706143,53.102502706143,65.9077125444221
3,251.1583372015302,0.0005,4368.6796875,0.0,1.0,0.0,0.0,251.1583372015302,251.1583372015302,64.53632953528074
