,mz(Da),mz_std(Da),Int,Gauss_r2,N_signals,Confidence_interval(Da),Confidence_interval(ppm),mz_min(Da),mz_max(Da),RelativeIntensity(%)
0,111.0437964686255,0.0005,6921.81396484375,0.0,1.0,0.0,0.0,111.0437964686255,111.0437964686255,100.0
1,188.09662345018955,0.0005,4944.6318359375,0.0,1.0,0.0,0.0,188.09662345018955,188.09662345018955,71.43549163631874
2,74.37516292613611,0.0005,4801.29833984375,0.0,1.0,0.0,0.0,74.37516292613611,74.37516292613611,69.36474115354432
3,66.90157452966781,0.0005,4288.7470703125,0.0,1.0,0.0,0.0,66.90157452966781,66.90157452966781,61.95987196557532
4,214.4452618560088,0.0005,4113.123046875,0.0,1.0,0.0,0.0,214.4452618560088,214.4452618560088,59.422617651467725
