,mz(Da),mz_std(Da),Int,Gauss_r2,N_signals,Confidence_interval(Da),Confidence_interval(ppm),mz_min(Da),mz_max(Da),RelativeIntensity(%)
0,61.55867455759452,0.0005,4741.9453125,0.0,1.0,0.0,0.0,61.55867455759452,61.55867455759452,100.0
1,223.77784101608245,0.0005,4690.33154296875,0.0,1.0,0.0,0.0,223.77784101608245,223.77784101608245,98.91154861286161
2,254.72161741523135,0.0005,4583.7021484375,0.0,1.0,0.0,0.0,254.72161741523135,254.72161741523135,96.66290617807499
