,mz(Da),mz_std(Da),Int,Gauss_r2,N_signals,Confidence_interval(Da),Confidence_interval(ppm),mz_min(Da),mz_max(Da),RelativeIntensity(%)
0,246.14954543528665,0.0005,24131.201171875,0.0,1.0,0.0,0.0,246.14954543528665,246.14954543528665,100.0
1,237.14350202891865,0.0005,12969.734375,0.0,1.0,0.0,0.0,237.14350202891865,237.14350202891865,53.746741749914506
2,111.04416930777873,0.0005,6868.728515625,0.0,1.0,0.0,0.0,111.04416930777873,111.04416930777873,28.464097028168357
3,65.5905956931353,0.0005,4825.2802734375,0.0,1.0,0.0,0.0,65.5905956931353,65.5905956931353,19.996021909847492
4,132.89690296720062,0.0005,4613.6064453125,0.0,1.0,0.0,0.0,132.89690296720062,132.89690296720062,19.118842914001625
5,56.583184203695936,0.0005,4545.79248046875,0.0,1.0,0.0,0.0,56.583184203695936,56.583184203695936,18.83782099403691
6,80.59864363321063,0.0005,4338.20703125,0.0,1.0,0.0,0.0,80.59864363321063,80.59864363321063,17.977584291602504
