,mz(Da),mz_std(Da),Int,Gauss_r2,N_signals,Confidence_interval(Da),Confidence_interval(ppm),mz_min(Da),mz_max(Da),RelativeIntensity(%)
0,246.2427977144863,0.0005,57697.95703125,0.0,1.0,0.0,0.0,246.2427977144863,246.2427977144863,100.0
1,247.24659777044513,0.0005,6139.26171875,0.0,1.0,0.0,0.0,247.24659777044513,247.24659777044513,10.640345056628075
2,253.6859870836132,0.0005,5078.0419921875,0.0,1.0,0.0,0.0,253.6859870836132,253.6859870836132,8.801077635100949
3,106.0870209620732,0.0005,4982.52001953125,0.0,1.0,0.0,0.0,106.0870209620732,106.0870209620732,8.63552242730648
4,167.56713033859427,0.0005,4653.78466796875,0.0,1.0,0.0,0.0,167.56713033859427,167.56713033859427,8.065770275797108
5,190.82533034230272,0.0005,4459.01953125,0.0,1.0,0.0,0.0,190.82533034230272,190.82533034230272,7.728210426644629
6,79.71710119883957,0.0005,3935.767578125,0.0,1.0,0.0,0.0,79.71710119883957,79.71710119883957,6.821329178073557
