,mz(Da),mz_std(Da),Int,Gauss_r2,N_signals,Confidence_interval(Da),Confidence_interval(ppm),mz_min(Da),mz_max(Da),RelativeIntensity(%)
0,249.11037321747136,0.0005,26399.716796875,0.0,1.0,0.0,0.0,249.11037321747136,249.11037321747136,100.0
1,249.15514278185748,0.0005,5504.46435546875,0.0,1.0,0.0,0.0,249.15514278185748,249.15514278185748,20.850467441833796
2,250.11463165394898,0.0005,2774.8740234375,0.0,1.0,0.0,0.0,250.11463165394898,250.11463165394898,10.510999208014113
3,81.06984213373963,0.0005,2769.58251953125,0.0,1.0,0.0,0.0,81.06984213373963,81.06984213373963,10.490955417594073
4,157.7578197901583,0.0005,2324.941650390625,0.0,1.0,0.0,0.0,157.7578197901583,157.7578197901583,8.806691633395983
5,193.1226980247526,0.0005,2249.210205078125,0.0,1.0,0.0,0.0,193.1226980247526,193.1226980247526,8.519827020812471
6,72.24786267210327,0.0005,2006.5245361328125,0.0,1.0,0.0,0.0,72.24786267210327,72.24786267210327,7.60055326188321
7,128.95100546389727,0.0005,1952.5284423828125,0.0,1.0,0.0,0.0,128.95100546389727,128.95100546389727,7.396020409635372
