,mz(Da),mz_std(Da),Int,Gauss_r2,N_signals,Confidence_interval(Da),Confidence_interval(ppm),mz_min(Da),mz_max(Da),RelativeIntensity(%)
0,249.10967879727121,0.0005,10915.16796875,0.0,1.0,0.0,0.0,249.10967879727121,249.10967879727121,100.0
1,183.78409678753727,0.0005,4899.07177734375,0.0,1.0,0.0,0.0,183.78409678753727,183.78409678753727,44.88315517791147
2,54.318870712877306,0.0005,4623.6015625,0.0,1.0,0.0,0.0,54.318870712877306,54.318870712877306,42.35941742479198
3,149.59007936231143,0.0005,4399.810546875,0.0,1.0,0.0,0.0,149.59007936231143,149.59007936231143,40.30914191583315
4,64.58425284459827,0.0005,4353.01025390625,0.0,1.0,0.0,0.0,64.58425284459827,64.58425284459827,39.88037807909936
5,184.5101596690675,0.0005,4247.57568359375,0.0,1.0,0.0,0.0,184.5101596690675,184.5101596690675,38.91443261115642
6,63.84482645374245,0.0005,4035.86962890625,0.0,1.0,0.0,0.0,63.84482645374245,63.84482645374245,36.97487423428479
