,mz(Da),mz_std(Da),Int,Gauss_r2,N_signals,Confidence_interval(Da),Confidence_interval(ppm),mz_min(Da),mz_max(Da),RelativeIntensity(%)
0,100.11170516382028,0.0005,27154.779296875,0.0,1.0,0.0,0.0,100.11170516382028,100.11170516382028,100.0
1,245.18677280922154,0.0005,13170.2509765625,0.0,1.0,0.0,0.0,245.18677280922154,245.18677280922154,48.50067397925103
2,111.04420313229426,0.0005,8467.8115234375,0.0,1.0,0.0,0.0,111.04420313229426,111.04420313229426,31.183503393128237
3,227.17530913389385,0.0005,5936.517578125,0.0,1.0,0.0,0.0,227.17530913389385,227.17530913389385,21.861778043646925
4,101.0598833451763,0.0005,5008.5048828125,0.0,1.0,0.0,0.0,101.0598833451763,101.0598833451763,18.444284993282505
5,269.03123396292904,0.0005,4401.369140625,0.0,1.0,0.0,0.0,269.03123396292904,269.03123396292904,16.208451162523403
6,122.32509544391064,0.0005,4269.251953125,0.0,1.0,0.0,0.0,122.32509544391064,122.32509544391064,15.721917333411398
