,mz(Da),mz_std(Da),Int,Gauss_r2,N_signals,Confidence_interval(Da),Confidence_interval(ppm),mz_min(Da),mz_max(Da),RelativeIntensity(%)
0,249.15733103256218,0.0005,127427.2578125,0.0,1.0,0.0,0.0,249.15733103256218,249.15733103256218,100.0
1,250.1610469777178,0.0005,9020.94921875,0.0,1.0,0.0,0.0,250.1610469777178,250.1610469777178,7.0792932168592015
2,64.02132776456581,0.0005,964.1128540039062,0.0,1.0,0.0,0.0,64.02132776456581,64.02132776456581,0.756598604218988
3,103.1655820334673,0.0005,952.6214599609375,0.0,1.0,0.0,0.0,103.1655820334673,103.1655820334673,0.7475806011321778
4,84.04351152207931,0.0005,922.194580078125,0.0,1.0,0.0,0.0,84.04351152207931,84.04351152207931,0.7237027586633525
5,160.4979362618843,0.0005,912.1793823242188,0.0,1.0,0.0,0.0,160.4979362618843,160.4979362618843,0.7158432175213445
6,136.26722461184875,0.0005,833.009033203125,0.0,1.0,0.0,0.0,136.26722461184875,136.26722461184875,0.6537133793060489
