,mz(Da),mz_std(Da),Int,Gauss_r2,N_signals,Confidence_interval(Da),Confidence_interval(ppm),mz_min(Da),mz_max(Da),RelativeIntensity(%)
0,249.1586629234301,0.0005,7001.603515625,0.0,1.0,0.0,0.0,249.1586629234301,249.1586629234301,100.0
1,78.31462187457706,0.0005,4599.857421875,0.0,1.0,0.0,0.0,78.31462187457706,78.31462187457706,65.69719938596656
2,82.5686707483124,0.0005,4188.3408203125,0.0,1.0,0.0,0.0,82.5686707483124,82.5686707483124,59.81973716400345
