,mz(Da),mz_std(Da),Int,Gauss_r2,N_signals,Confidence_interval(Da),Confidence_interval(ppm),mz_min(Da),mz_max(Da),RelativeIntensity(%)
0,249.15733537347302,0.0005,443430.3125,0.0,1.0,0.0,0.0,249.15733537347302,249.15733537347302,100.0
1,250.16038573747534,0.0005,33485.921875,0.0,1.0,0.0,0.0,250.16038573747534,250.16038573747534,7.551563555998442
2,249.09082526333282,0.0005,2583.88916015625,0.0,1.0,0.0,0.0,249.09082526333282,249.09082526333282,0.5827046747410282
3,246.37864745250982,0.0005,1671.5897216796875,0.0,1.0,0.0,0.0,246.37864745250982,246.37864745250982,0.3769678514433285
4,115.24779064346761,0.0005,1657.5478515625,0.0,1.0,0.0,0.0,115.24779064346761,115.24779064346761,0.37380120502305536
5,246.90197681138875,0.0005,1525.5999755859375,0.0,1.0,0.0,0.0,246.90197681138875,246.90197681138875,0.344045035393456
6,71.54633837665764,0.0005,1438.2125244140625,0.0,1.0,0.0,0.0,71.54633837665764,71.54633837665764,0.324337891179702
