,mz(Da),mz_std(Da),Int,Gauss_r2,N_signals,Confidence_interval(Da),Confidence_interval(ppm),mz_min(Da),mz_max(Da),RelativeIntensity(%)
0,249.15660311032502,0.0005,55117.359375,0.0,1.0,0.0,0.0,249.15660311032502,249.15660311032502,100.0
1,241.7169923397741,0.0005,5650.4140625,0.0,1.0,0.0,0.0,241.7169923397741,241.7169923397741,10.251605168630233
