,mz(Da),mz_std(Da),Int,Gauss_r2,N_signals,Confidence_interval(Da),Confidence_interval(ppm),mz_min(Da),mz_max(Da),RelativeIntensity(%)
0,158.08525148174903,0.0005,5674.640625,0.0,1.0,0.0,0.0,158.08525148174903,158.08525148174903,100.0
1,53.82948066443531,0.0005,4409.31591796875,0.0,1.0,0.0,0.0,53.82948066443531,53.82948066443531,77.70211735599997
2,92.50728738817268,0.0005,4270.7685546875,0.0,1.0,0.0,0.0,92.50728738817268,92.50728738817268,75.26059951483712
