,mz(Da),mz_std(Da),Int,Gauss_r2,N_signals,Confidence_interval(Da),Confidence_interval(ppm),mz_min(Da),mz_max(Da),RelativeIntensity(%)
0,151.5105888750923,0.0005,4492.54052734375,0.0,1.0,0.0,0.0,151.5105888750923,151.5105888750923,100.0
1,177.676313669651,0.0005,4343.1884765625,0.0,1.0,0.0,0.0,177.676313669651,177.676313669651,96.67555473629626
