,mz(Da),mz_std(Da),Int,Gauss_r2,N_signals,Confidence_interval(Da),Confidence_interval(ppm),mz_min(Da),mz_max(Da),RelativeIntensity(%)
0,111.04442167354868,0.0005,5009.02392578125,0.0,1.0,0.0,0.0,111.04442167354868,111.04442167354868,100.0
1,88.64881807548682,0.0005,4943.5517578125,0.0,1.0,0.0,0.0,88.64881807548682,88.64881807548682,98.69291564706315
2,234.53832448844886,0.0005,4420.5029296875,0.0,1.0,0.0,0.0,234.53832448844886,234.53832448844886,88.25078488715825
3,57.31014890881597,0.0005,4398.98583984375,0.0,1.0,0.0,0.0,57.31014890881597,57.31014890881597,87.82121836556503
4,84.44099240925007,0.0005,4371.88916015625,0.0,1.0,0.0,0.0,84.44099240925007,84.44099240925007,87.2802610834879
5,59.896917338472264,0.0005,4120.83447265625,0.0,1.0,0.0,0.0,59.896917338472264,59.896917338472264,82.26821300346514
